arousal_listener,valence_listener,who,sentiment,emotional_reaction,interpretations,explorations,intent,s_word_len,l_word_len,arousal_speaker,valence_speaker,speaker_who,speaker_sentiment,dominance_speaker,dominance_listener,mimicry,empathy,speaker_id,speaker_utterance,listener_utterance,arousal_speaker_video,valence_speaker_video,arousal_listener_video,valence_listener_video,mimicry_video_face,mimicry_video_pose,mimicry_video_av,arousal_listener_fused,valence_listener_fused,arousal_speaker_fused,valence_speaker_fused,mimicry_fused,id,rf_t_2,rf_t_3,rf_m_3,rf_m_2,rf_va_3,rf_va_2,rf_vam_3,rf_vam_2,pbc_t_2,pbc_t_3,pbc_m_3,pbc_m_2,pbc_va_3,pbc_va_2,pbc_vam_3,pbc_vam_2,bert_2,bert_3,empathy_binary,influential,influential_l,influential_s,influential_fused,influential_l_fused,influential_s_fused
0.0833333333333333,0.4063333333333332,1,positive,0,0,1,1,34.0,14.0,-0.0981818181818181,0.3218181818181818,0,positive,0.037090909090909,-0.0113333333333333,1.0,0.0,sub_1_conv_1,So once I felt like I really trust my dog when I could just let him off the leash and he would just follow me around. I feel like I could trust him then.,That sounds very interesting. And do you often go for walks with your dog?,0.0953531371920312,-0.1843070894924052,-0.0775980202779322,0.0928731191808044,0,1,0,-0.0293186141945525,0.186911183426563,0.0372926505798763,-0.032469508099229,0,sub_1_conv_1,1,2,2,1,2,1,2,1,1,2,2,1,0,0,2,1,1,2,0,"[('valence_listener', 0.4063333333333332), ('sentiment', 'positive'), ('valence_speaker', 0.3218181818181818), ('arousal_speaker', -0.0981818181818181)]","[('valence_listener', 0.4063333333333332), ('sentiment', 'positive'), ('emotional_reaction', '0'), ('l_word_len', 14.0)]","[('valence_speaker', 0.3218181818181818), ('arousal_speaker', -0.0981818181818181), ('dominance_speaker', 0.037090909090909), ('s_word_len', 34.0)]","[('l_word_len', 14.0), ('valence_listener', 0.186911183426563), ('dominance_listener', -0.0113333333333333), ('sentiment', 'positive')]","[('l_word_len', 14.0), ('valence_listener', 0.186911183426563), ('dominance_listener', -0.0113333333333333), ('sentiment', 'positive')]","[('arousal_speaker', 0.0372926505798763), ('s_word_len', 34.0), ('dominance_speaker', 0.037090909090909), ('valence_speaker', -0.032469508099229)]"
-0.255,0.415,1,neutral,0,0,1,1,30.0,6.0,-0.1546666666666666,0.5970000000000001,2,positive,0.054,0.201,1.0,0.0,sub_1_conv_1,"Yes, he is a really really good dog. He's a good boy and I can trust that he behaves even though we sometimes have like many people going around there",How long have you been together?,0.0459151978325303,-0.1444543221978733,-0.0056072270160755,0.132535681047987,0,1,0,-0.0804250589112528,0.2172749767335909,-0.0142593615172287,0.0779819744614887,0,sub_1_conv_1,0,0,2,1,2,1,2,1,0,0,0,0,0,0,2,1,1,2,0,"[('l_word_len', 6.0), ('emotional_reaction', '0'), ('dominance_speaker', 0.054), ('dominance_listener', 0.201)]","[('l_word_len', 6.0), ('emotional_reaction', '0'), ('dominance_listener', 0.201), ('sentiment', 'neutral')]","[('dominance_speaker', 0.054), ('arousal_speaker', -0.1546666666666666), ('s_word_len', 30.0), ('valence_speaker', 0.5970000000000001)]","[('l_word_len', 6.0), ('emotional_reaction', '0'), ('dominance_speaker', 0.054), ('dominance_listener', 0.201)]","[('l_word_len', 6.0), ('emotional_reaction', '0'), ('dominance_listener', 0.201), ('sentiment', 'neutral')]","[('dominance_speaker', 0.054), ('arousal_speaker', -0.0142593615172287), ('s_word_len', 30.0), ('valence_speaker', 0.0779819744614887)]"
-0.092,0.332,2,neutral,0,0,1,1,38.0,5.0,-0.2202222222222222,0.3773333333333333,0,negative,-0.1282222222222222,-0.01,1.0,0.0,sub_1_conv_2,So once I felt really really sad when my friends just cancelled my birthday dinner that they told me like a week before that that we will have it and then they just cancelled out of the blue.,how can they do that?,-0.0127678092477119,-0.3076085062771302,0.1307602944748889,0.0,1,1,0,0.0639322061324222,0.0996,-0.075004133140065,-0.1021259543939911,1,sub_1_conv_2,0,0,0,0,0,0,0,0,0,0,0,0,1,1,2,1,1,1,0,"[('l_word_len', 5.0), ('valence_speaker', 0.3773333333333333), ('emotional_reaction', '0'), ('arousal_speaker', -0.2202222222222222)]","[('l_word_len', 5.0), ('emotional_reaction', '0'), ('valence_listener', 0.332), ('arousal_listener', -0.092)]","[('valence_speaker', 0.3773333333333333), ('arousal_speaker', -0.2202222222222222), ('dominance_speaker', -0.1282222222222222), ('s_word_len', 38.0)]","[('l_word_len', 5.0), ('s_word_len', 38.0), ('emotional_reaction', '0'), ('arousal_speaker', -0.075004133140065)]","[('l_word_len', 5.0), ('emotional_reaction', '0'), ('who', '2'), ('arousal_listener', 0.0639322061324222)]","[('s_word_len', 38.0), ('arousal_speaker', -0.075004133140065), ('valence_speaker', -0.1021259543939911), ('dominance_speaker', -0.1282222222222222)]"
-0.2105,0.5415,1,positive,2,1,0,5,28.0,15.0,-0.0808,-0.0328,0,negative,-0.0948,0.1845,0.0,0.0,sub_1_conv_2,"They said that they were all busy and they had something but I don't know, I think they just made an excuse there, which made me really sad.",I hope that I can be there with you. Maybe can make you feel better.,-0.0157576930310688,-0.3658961589869489,-0.0319225066559194,-0.1319906294822649,0,0,1,-0.0854957546591436,0.0700565593624145,-0.0352703851217481,-0.2659673112908642,0,sub_1_conv_2,1,2,2,1,2,1,2,1,1,2,2,1,2,1,2,1,1,2,0,"[('speaker_sentiment', 'negative'), ('l_word_len', 15.0), ('sentiment', 'positive'), ('s_word_len', 28.0)]","[('l_word_len', 15.0), ('sentiment', 'positive'), ('arousal_listener', -0.2105), ('interpretations', '1')]","[('speaker_sentiment', 'negative'), ('s_word_len', 28.0), ('arousal_speaker', -0.0808), ('dominance_speaker', -0.0948)]","[('speaker_sentiment', 'negative'), ('l_word_len', 15.0), ('sentiment', 'positive'), ('s_word_len', 28.0)]","[('l_word_len', 15.0), ('sentiment', 'positive'), ('arousal_listener', -0.0854957546591436), ('interpretations', '1')]","[('speaker_sentiment', 'negative'), ('s_word_len', 28.0), ('arousal_speaker', -0.0352703851217481), ('dominance_speaker', -0.0948)]"
0.0233333333333333,0.4853333333333333,1,positive,1,0,1,1,29.0,11.0,-0.0749999999999999,0.5357999999999999,0,positive,0.111,0.132,1.0,0.0,sub_1_conv_3,I recently went to the water park and it was like super super fun like I have never gone there and and well now I have and it's great,it's great to hear that who do you go there with?,-0.0204289921707875,0.1127150246961451,-0.0878355103783736,-0.0018439186619785,1,0,0,-0.0544848572648615,0.1443092569366151,-0.0368002945195512,0.2396405172873015,1,sub_1_conv_3,1,2,2,1,2,1,2,1,1,2,2,1,2,1,2,1,1,2,0,"[('valence_speaker', 0.5357999999999999), ('valence_listener', 0.4853333333333333), ('speaker_sentiment', 'positive'), ('sentiment', 'positive')]","[('valence_listener', 0.4853333333333333), ('sentiment', 'positive'), ('l_word_len', 11.0), ('arousal_listener', 0.0233333333333333)]","[('valence_speaker', 0.5357999999999999), ('speaker_sentiment', 'positive'), ('arousal_speaker', -0.0749999999999999), ('dominance_speaker', 0.111)]","[('valence_speaker', 0.2396405172873015), ('valence_listener', 0.1443092569366151), ('speaker_sentiment', 'positive'), ('sentiment', 'positive')]","[('valence_listener', 0.1443092569366151), ('sentiment', 'positive'), ('l_word_len', 11.0), ('arousal_listener', -0.0544848572648615)]","[('valence_speaker', 0.2396405172873015), ('speaker_sentiment', 'positive'), ('arousal_speaker', -0.0368002945195512), ('dominance_speaker', 0.111)]"
-0.009,0.7030000000000001,2,positive,1,0,0,3,20.0,4.0,-0.1154285714285714,0.1365714285714285,0,positive,-0.0411428571428571,-0.0679999999999999,1.0,0.0,sub_1_conv_3,"Oh, I went alone, which sometimes you would think it's like bad, but no, I had a really fun time.",That sounds very good.,-0.0481097641478622,-0.0636170215021946,-0.135139867206961,0.0283660094970699,0,1,0,-0.0972979070448727,0.230756206647949,-0.0683054063320749,-0.0035604864801076,0,sub_1_conv_3,1,2,2,1,2,1,2,1,1,2,2,1,0,0,2,1,0,0,0,"[('l_word_len', 4.0), ('valence_speaker', 0.1365714285714285), ('emotional_reaction', '1'), ('speaker_sentiment', 'positive')]","[('l_word_len', 4.0), ('emotional_reaction', '1'), ('intent', '3'), ('arousal_listener', -0.009)]","[('valence_speaker', 0.1365714285714285), ('speaker_sentiment', 'positive'), ('s_word_len', 20.0), ('arousal_speaker', -0.1154285714285714)]","[('emotional_reaction', '1'), ('l_word_len', 4.0), ('valence_listener', 0.230756206647949), ('dominance_listener', -0.0679999999999999)]","[('emotional_reaction', '1'), ('l_word_len', 4.0), ('valence_listener', 0.230756206647949), ('dominance_listener', -0.0679999999999999)]","[('valence_speaker', -0.0035604864801076), ('s_word_len', 20.0), ('arousal_speaker', -0.0683054063320749), ('dominance_speaker', -0.0411428571428571)]"
0.2555,-0.584,0,negative,2,1,0,6,46.0,9.0,0.1145454545454545,-0.167090909090909,0,negative,-0.0218181818181818,-0.2135,1.0,0.0,sub_1_conv_4,I was recently very afraid because I saw a huge spider just while I was taking a shower. like I was just there and suddenly opened my eyes and there was this huge spider and it moved so fast oh it was it was very scary,so scary I'm also afraid of spider a lot,0.03501225724686,0.0557512125538773,-0.1833285133012418,0.0803480309453334,1,0,0,-0.0516799593108692,-0.1189563783382666,0.0588722164364383,-0.0111014239395586,1,sub_1_conv_4,1,2,2,1,2,1,2,1,1,2,2,1,2,1,2,1,0,0,0,"[('s_word_len', 46.0), ('interpretations', '1'), ('emotional_reaction', '2'), ('dominance_listener', -0.2135)]","[('interpretations', '1'), ('emotional_reaction', '2'), ('dominance_listener', -0.2135), ('sentiment', 'negative')]","[('s_word_len', 46.0), ('dominance_speaker', -0.0218181818181818), ('valence_speaker', -0.167090909090909), ('arousal_speaker', 0.1145454545454545)]","[('s_word_len', 46.0), ('interpretations', '1'), ('emotional_reaction', '2'), ('dominance_listener', -0.2135)]","[('interpretations', '1'), ('emotional_reaction', '2'), ('dominance_listener', -0.2135), ('sentiment', 'negative')]","[('s_word_len', 46.0), ('dominance_speaker', -0.0218181818181818), ('valence_speaker', -0.0111014239395586), ('arousal_speaker', 0.0588722164364383)]"
0.2339999999999999,-0.0652,0,negative,0,0,0,9,18.0,10.0,0.141,-0.1713333333333333,2,negative,-0.0479999999999999,0.1731999999999999,1.0,0.0,sub_1_conv_4,yeah they're like very nasty and if they like bite you I heard some can actually kill you,I will immediately run away if I saw a spider,-0.031516596035006,0.1497962551826392,-0.1001448493950638,-0.1047610714209139,0,1,0,9.860542345535572e-05,-0.0928927499946397,0.0202383827754958,0.0534573786278474,0,sub_1_conv_4,1,2,2,1,0,0,0,0,1,1,1,1,0,0,2,1,1,1,0,"[('l_word_len', 10.0), ('emotional_reaction', '0'), ('s_word_len', 18.0), ('dominance_listener', 0.1731999999999999)]","[('l_word_len', 10.0), ('emotional_reaction', '0'), ('dominance_listener', 0.1731999999999999), ('valence_listener', -0.0652)]","[('s_word_len', 18.0), ('dominance_speaker', -0.0479999999999999), ('valence_speaker', -0.1713333333333333), ('speaker_sentiment', 'negative')]","[('l_word_len', 10.0), ('arousal_listener', 9.860542345535572e-05), ('valence_listener', -0.0928927499946397), ('valence_speaker', 0.0534573786278474)]","[('l_word_len', 10.0), ('arousal_listener', 9.860542345535572e-05), ('valence_listener', -0.0928927499946397), ('dominance_listener', 0.1731999999999999)]","[('valence_speaker', 0.0534573786278474), ('arousal_speaker', 0.0202383827754958), ('s_word_len', 18.0), ('dominance_speaker', -0.0479999999999999)]"
-0.186,0.3272,2,positive,0,1,0,5,53.0,12.0,-0.0735714285714285,0.3967142857142857,0,positive,0.047,-0.0247999999999999,1.0,0.0,sub_1_conv_5,"So, recently I lost my wallet and I didn't like expect to see it again. So it was very surprising that an old man contacted me that he found it on the street and he actually gave it to me. that is pretty impressive. I feel like I gained some faith in humanity.",That's really common in Japan. People will find it and help you.,0.0140513769217712,-0.1794667741404879,-0.2025563199422773,0.0806934942013941,0,0,0,-0.1975894239595941,0.1546454459409759,-0.0122354647261887,-0.0066124561840557,0,sub_1_conv_5,1,2,2,1,2,1,2,1,0,0,0,0,2,1,2,1,1,2,0,"[('l_word_len', 12.0), ('dominance_listener', -0.0247999999999999), ('sentiment', 'positive'), ('valence_listener', 0.3272)]","[('l_word_len', 12.0), ('dominance_listener', -0.0247999999999999), ('sentiment', 'positive'), ('valence_listener', 0.3272)]","[('dominance_speaker', 0.047), ('arousal_speaker', -0.0735714285714285), ('valence_speaker', 0.3967142857142857), ('s_word_len', 53.0)]","[('sentiment', 'positive'), ('dominance_listener', -0.0247999999999999), ('emotional_reaction', '0'), ('l_word_len', 12.0)]","[('sentiment', 'positive'), ('dominance_listener', -0.0247999999999999), ('emotional_reaction', '0'), ('l_word_len', 12.0)]","[('arousal_speaker', -0.0122354647261887), ('s_word_len', 53.0), ('dominance_speaker', 0.047), ('speaker_sentiment', 'positive')]"
0.33,0.916,2,positive,1,0,0,3,21.0,2.0,-0.1939999999999999,0.2906666666666667,2,positive,0.1016666666666666,0.62,1.0,0.0,sub_1_conv_5,"Yeah, that is amazing. That is something that I don't expect in other parts of the world, right? That is... Wow.",That's great.,0.1364231953140405,0.1039089342806389,0.0302504568511057,0.1118363771504241,0,0,1,0.120175319795774,0.3530854640052969,0.0372962367198283,0.1599362539964472,0,sub_1_conv_5,1,2,2,1,2,1,2,1,1,1,2,1,2,1,2,1,1,2,0,"[('emotional_reaction', '1'), ('l_word_len', 2.0), ('intent', '3'), ('s_word_len', 21.0)]","[('emotional_reaction', '1'), ('l_word_len', 2.0), ('intent', '3'), ('valence_listener', 0.916)]","[('s_word_len', 21.0), ('speaker_sentiment', 'positive'), ('arousal_speaker', -0.1939999999999999), ('valence_speaker', 0.2906666666666667)]","[('valence_speaker', 0.1599362539964472), ('l_word_len', 2.0), ('emotional_reaction', '1'), ('arousal_speaker', 0.0372962367198283)]","[('l_word_len', 2.0), ('emotional_reaction', '1'), ('valence_listener', 0.3530854640052969), ('dominance_listener', 0.62)]","[('valence_speaker', 0.1599362539964472), ('arousal_speaker', 0.0372962367198283), ('dominance_speaker', 0.1016666666666666), ('s_word_len', 21.0)]"
0.0009999999999999,0.3715,0,positive,1,0,0,2,41.0,9.0,-0.1151999999999999,0.1424,0,negative,0.0573333333333333,0.211,1.0,0.0,sub_1_conv_6,"So I get actually kind of angry when I cannot leave work on time, when I have a lot of things to do and like my boss tells me to stay here and have to work, you know, that's really annoying.",I agree. I also don't want to work overtime.,0.0814810484939449,0.0244442491045941,-0.0481439121014921,0.3868488619787549,0,1,0,-0.0334007384710444,0.3822442033851284,0.0224767339457614,0.0598309743732158,0,sub_1_conv_6,1,2,2,1,2,1,2,1,1,1,1,1,2,1,2,1,1,1,0,"[('arousal_listener', 0.0009999999999999), ('l_word_len', 9.0), ('emotional_reaction', '1'), ('s_word_len', 41.0)]","[('arousal_listener', 0.0009999999999999), ('l_word_len', 9.0), ('emotional_reaction', '1'), ('interpretations', '0')]","[('s_word_len', 41.0), ('dominance_speaker', 0.0573333333333333), ('arousal_speaker', -0.1151999999999999), ('speaker_sentiment', 'negative')]","[('valence_listener', 0.3822442033851284), ('l_word_len', 9.0), ('s_word_len', 41.0), ('arousal_speaker', 0.0224767339457614)]","[('valence_listener', 0.3822442033851284), ('l_word_len', 9.0), ('emotional_reaction', '1'), ('dominance_listener', 0.211)]","[('s_word_len', 41.0), ('arousal_speaker', 0.0224767339457614), ('speaker_sentiment', 'negative'), ('valence_speaker', 0.0598309743732158)]"
-0.128,0.792,2,neutral,0,0,0,2,21.0,2.0,-0.147,0.42875,0,negative,0.21975,0.554,1.0,0.0,sub_1_conv_6,"Yeah, right? It's like they don't understand that we actually have a life and things to do outside of work, right?","Yes, true.",0.0106924207855969,0.0923441230399875,0.0670009519389445,0.0910683496785711,0,1,1,0.0085006663572611,0.3013478447749997,-0.0366153054500821,0.1932658861279912,0,sub_1_conv_6,1,1,1,1,0,0,1,1,0,0,0,0,0,0,0,0,1,2,0,"[('l_word_len', 2.0), ('valence_speaker', 0.42875), ('s_word_len', 21.0), ('dominance_speaker', 0.21975)]","[('l_word_len', 2.0), ('emotional_reaction', '0'), ('dominance_listener', 0.554), ('valence_listener', 0.792)]","[('valence_speaker', 0.42875), ('s_word_len', 21.0), ('dominance_speaker', 0.21975), ('arousal_speaker', -0.147)]","[('l_word_len', 2.0), ('valence_speaker', 0.1932658861279912), ('s_word_len', 21.0), ('dominance_speaker', 0.21975)]","[('l_word_len', 2.0), ('emotional_reaction', '0'), ('dominance_listener', 0.554), ('valence_listener', 0.3013478447749997)]","[('valence_speaker', 0.1932658861279912), ('s_word_len', 21.0), ('dominance_speaker', 0.21975), ('arousal_speaker', -0.0366153054500821)]"
-0.48,0.812,1,positive,0,0,0,2,3.0,3.0,0.412,-0.312,2,negative,-0.246,0.09,0.0,0.0,sub_1_conv_6,"That sucks, honestly","Yes, I agree",-0.1546049686878201,-0.063620321755557,0.32201067743238,0.2492937266028422,0,0,0,0.0814074742026659,0.4181056086219896,0.0153765219185259,-0.1381342252288899,0,sub_1_conv_6,0,0,0,0,0,0,0,0,0,0,0,0,0,0,2,1,0,0,0,"[('l_word_len', 3.0), ('arousal_speaker', 0.412), ('dominance_speaker', -0.246), ('emotional_reaction', '0')]","[('l_word_len', 3.0), ('emotional_reaction', '0'), ('sentiment', 'positive'), ('valence_listener', 0.812)]","[('arousal_speaker', 0.412), ('dominance_speaker', -0.246), ('s_word_len', 3.0), ('valence_speaker', -0.312)]","[('l_word_len', 3.0), ('arousal_speaker', 0.0153765219185259), ('dominance_speaker', -0.246), ('emotional_reaction', '0')]","[('l_word_len', 3.0), ('emotional_reaction', '0'), ('sentiment', 'positive'), ('valence_listener', 0.4181056086219896)]","[('arousal_speaker', 0.0153765219185259), ('dominance_speaker', -0.246), ('s_word_len', 3.0), ('valence_speaker', -0.1381342252288899)]"
0.2759999999999999,-0.2099999999999999,0,negative,2,1,0,6,36.0,7.0,-0.2598666666666666,0.2582666666666667,2,neutral,-0.1677333333333333,-0.168,0.0,0.0,sub_1_conv_7,"So I saw someone outside just buy ice cream, but they pulled out like one of those packets and put mayo on it. They were eating that like right outside, like vanilla ice cream and mayo.","I can't imagine, that's so disgusting yes",-0.0342429945290612,0.0570294236043939,-0.5415387816772635,0.1908067171819812,0,0,1,-0.2962771471740845,0.0705647020273868,-0.1019300961703428,0.1174005965230757,0,sub_1_conv_7,1,2,2,1,2,1,2,1,1,1,1,1,1,1,2,1,1,2,0,"[('dominance_listener', -0.168), ('s_word_len', 36.0), ('interpretations', '1'), ('emotional_reaction', '2')]","[('dominance_listener', -0.168), ('interpretations', '1'), ('emotional_reaction', '2'), ('sentiment', 'negative')]","[('s_word_len', 36.0), ('dominance_speaker', -0.1677333333333333), ('valence_speaker', 0.2582666666666667), ('speaker_sentiment', 'neutral')]","[('dominance_listener', -0.168), ('s_word_len', 36.0), ('interpretations', '1'), ('emotional_reaction', '2')]","[('dominance_listener', -0.168), ('interpretations', '1'), ('emotional_reaction', '2'), ('sentiment', 'negative')]","[('s_word_len', 36.0), ('dominance_speaker', -0.1677333333333333), ('valence_speaker', 0.1174005965230757), ('speaker_sentiment', 'neutral')]"
0.1153333333333333,0.356,0,negative,1,0,0,9,25.0,10.0,-0.121,0.1372,2,negative,-0.0206,0.1606666666666666,1.0,0.0,sub_1_conv_7,I have no idea how they ended up like doing that like there's a point where sweet and sour is just no excuse you know,I really can't imagine. I never want to try that.,0.0604720921601161,0.1185273937593545,-0.1622880308124698,0.1424369054289176,0,0,0,-0.0790016215687288,0.2065058338002423,0.0060304645120812,0.1241291756315481,0,sub_1_conv_7,1,2,1,1,2,1,2,1,1,1,1,1,0,0,2,1,1,2,0,"[('intent', '9'), ('l_word_len', 10.0), ('valence_listener', 0.356), ('emotional_reaction', '1')]","[('intent', '9'), ('l_word_len', 10.0), ('valence_listener', 0.356), ('emotional_reaction', '1')]","[('valence_speaker', 0.1372), ('speaker_sentiment', 'negative'), ('s_word_len', 25.0), ('arousal_speaker', -0.121)]","[('l_word_len', 10.0), ('dominance_listener', 0.1606666666666666), ('emotional_reaction', '1'), ('valence_speaker', 0.1241291756315481)]","[('l_word_len', 10.0), ('dominance_listener', 0.1606666666666666), ('emotional_reaction', '1'), ('arousal_listener', -0.0790016215687288)]","[('valence_speaker', 0.1241291756315481), ('s_word_len', 25.0), ('arousal_speaker', 0.0060304645120812), ('speaker_sentiment', 'negative')]"
-0.0673333333333333,0.246,1,positive,1,1,1,2,34.0,13.0,-0.132,0.5985714285714286,0,positive,0.1985714285714286,0.06,1.0,0.0,sub_1_conv_8,"So I'm really looking forward to having a trip overseas. I've been looking forward to this for a while and now that it's a month away I feel like it's already here, you know?","Yes, me too. And where do you want to go if it's possible?",-0.0850308148885732,0.082088712611823,0.0115279737136741,-0.0391322217682655,0,1,0,-0.0121304184004281,0.0464074447622141,-0.0991215704220012,0.2370335273997047,0,sub_1_conv_8,1,2,2,1,2,1,2,1,1,2,2,1,2,1,2,1,1,2,0,"[('valence_listener', 0.246), ('dominance_listener', 0.06), ('l_word_len', 13.0), ('arousal_listener', -0.0673333333333333)]","[('valence_listener', 0.246), ('dominance_listener', 0.06), ('l_word_len', 13.0), ('arousal_listener', -0.0673333333333333)]","[('speaker_sentiment', 'positive'), ('s_word_len', 34.0), ('arousal_speaker', -0.132), ('valence_speaker', 0.5985714285714286)]","[('valence_listener', 0.0464074447622141), ('dominance_listener', 0.06), ('l_word_len', 13.0), ('arousal_listener', -0.0121304184004281)]","[('valence_listener', 0.0464074447622141), ('dominance_listener', 0.06), ('l_word_len', 13.0), ('arousal_listener', -0.0121304184004281)]","[('speaker_sentiment', 'positive'), ('s_word_len', 34.0), ('arousal_speaker', -0.0991215704220012), ('valence_speaker', 0.2370335273997047)]"
0.028,0.6073333333333334,0,positive,0,0,0,9,32.0,7.0,-0.1006,0.4978000000000001,0,positive,0.0758,0.3893333333333333,1.0,0.0,sub_1_conv_8,"I'm going to take a trip to Pakistan. I'm going to see a very different culture from mine. And I won that in a contest, so I feel like I'm very blessed.",I think that will be very interesting,-0.0598557687074721,0.114489578975363,-0.0529234698783491,0.0910597780613794,0,0,1,-0.0286464289148443,0.2459418446429656,-0.0720790380952304,0.2294827052827541,0,sub_1_conv_8,1,2,2,1,2,1,2,1,0,0,0,0,0,0,2,1,1,1,0,"[('l_word_len', 7.0), ('emotional_reaction', '0'), ('valence_speaker', 0.4978000000000001), ('arousal_listener', 0.028)]","[('l_word_len', 7.0), ('emotional_reaction', '0'), ('arousal_listener', 0.028), ('dominance_listener', 0.3893333333333333)]","[('valence_speaker', 0.4978000000000001), ('s_word_len', 32.0), ('dominance_speaker', 0.0758), ('arousal_speaker', -0.1006)]","[('l_word_len', 7.0), ('emotional_reaction', '0'), ('valence_speaker', 0.2294827052827541), ('arousal_listener', -0.0286464289148443)]","[('l_word_len', 7.0), ('emotional_reaction', '0'), ('arousal_listener', -0.0286464289148443), ('dominance_listener', 0.3893333333333333)]","[('valence_speaker', 0.2294827052827541), ('s_word_len', 32.0), ('dominance_speaker', 0.0758), ('arousal_speaker', -0.0720790380952304)]"
-0.272,-0.0099999999999999,1,negative,1,1,1,5,59.0,16.0,-0.1679230769230769,0.2605384615384615,0,negative,-0.0399230769230769,-0.303,1.0,1.0,sub_2_conv_1,So I used to live near a place that had like a lot of rich people properties. Like people with jet skis and all-terrain vehicles and all of that stuff. And it made me feel like really sad that I could never afford that kind of stuff and people just like use them regularly it was kind of depressing,I could see how that's really depressing is there like any way you got over that?,0.1260649301398175,-0.1939621941874712,0.24008526899258,0.3052108462129542,0,0,0,0.0864596882948059,0.2106475923490679,0.0378685280209491,-0.0576119974696913,0,sub_2_conv_1,1,2,2,1,2,1,2,1,1,2,2,1,2,1,2,1,1,1,1,"[('l_word_len', 16.0), ('dominance_speaker', -0.0399230769230769), ('s_word_len', 59.0), ('dominance_listener', -0.303)]","[('l_word_len', 16.0), ('dominance_listener', -0.303), ('sentiment', 'negative'), ('intent', '5')]","[('dominance_speaker', -0.0399230769230769), ('s_word_len', 59.0), ('valence_speaker', 0.2605384615384615), ('arousal_speaker', -0.1679230769230769)]","[('l_word_len', 16.0), ('dominance_speaker', -0.0399230769230769), ('s_word_len', 59.0), ('dominance_listener', -0.303)]","[('l_word_len', 16.0), ('dominance_listener', -0.303), ('sentiment', 'negative'), ('intent', '5')]","[('dominance_speaker', -0.0399230769230769), ('s_word_len', 59.0), ('valence_speaker', -0.0576119974696913), ('arousal_speaker', 0.0378685280209491)]"
-0.262,0.4355,2,neutral,0,1,0,3,31.0,25.0,-0.2171428571428571,0.5488571428571428,0,negative,0.0857142857142857,0.16125,1.0,1.0,sub_2_conv_1,At some point I just made peace with it and just realized that some other people are having like better lives thanks to chance. But yeah it still bothered me sometimes.,"Yeah, I think that's a healthy way to think about it. Yeah, a lot of things in life is just... has to do with luck.",0.1637900011825768,-0.0724929659293658,0.1952841183714415,0.2461387227585578,1,1,0,0.058098882860009,0.3029471059309905,0.0495101436849466,0.1139120667065868,1,sub_2_conv_1,1,2,2,1,2,1,2,1,1,1,1,1,0,0,0,0,1,2,1,"[('emotional_reaction', '0'), ('s_word_len', 31.0), ('dominance_speaker', 0.0857142857142857), ('valence_speaker', 0.5488571428571428)]","[('emotional_reaction', '0'), ('intent', '3'), ('l_word_len', 25.0), ('sentiment', 'neutral')]","[('s_word_len', 31.0), ('dominance_speaker', 0.0857142857142857), ('valence_speaker', 0.5488571428571428), ('arousal_speaker', -0.2171428571428571)]","[('l_word_len', 25.0), ('emotional_reaction', '0'), ('valence_speaker', 0.1139120667065868), ('s_word_len', 31.0)]","[('l_word_len', 25.0), ('emotional_reaction', '0'), ('valence_listener', 0.3029471059309905), ('sentiment', 'neutral')]","[('valence_speaker', 0.1139120667065868), ('s_word_len', 31.0), ('dominance_speaker', 0.0857142857142857), ('arousal_speaker', 0.0495101436849466)]"
-0.184,0.572,0,neutral,0,0,0,3,20.0,4.0,-0.288,0.3772,0,negative,0.206,0.236,1.0,1.0,sub_2_conv_1,"Yeah, we just have to keep on keeping on and I guess... do the best with what we have, right?","Yeah, I think so.",-0.0330478724026567,-0.2976261991305457,0.0858200318819287,0.1368094655858417,0,1,0,0.00487402231735,0.2673666259100892,-0.1095335106818597,-0.0951783393913819,0,sub_2_conv_1,0,0,0,0,0,0,0,0,0,0,0,0,0,0,0,0,1,2,1,"[('emotional_reaction', '0'), ('l_word_len', 4.0), ('valence_speaker', 0.3772), ('s_word_len', 20.0)]","[('emotional_reaction', '0'), ('l_word_len', 4.0), ('valence_listener', 0.572), ('sentiment', 'neutral')]","[('valence_speaker', 0.3772), ('s_word_len', 20.0), ('dominance_speaker', 0.206), ('arousal_speaker', -0.288)]","[('emotional_reaction', '0'), ('l_word_len', 4.0), ('valence_speaker', -0.0951783393913819), ('s_word_len', 20.0)]","[('emotional_reaction', '0'), ('l_word_len', 4.0), ('valence_listener', 0.2673666259100892), ('sentiment', 'neutral')]","[('valence_speaker', -0.0951783393913819), ('s_word_len', 20.0), ('dominance_speaker', 0.206), ('arousal_speaker', -0.1095335106818597)]"
-0.1619999999999999,0.216,2,neutral,1,0,1,1,52.0,30.0,-0.028,-0.027090909090909,0,neutral,0.0225454545454545,0.0252307692307692,0.0,0.0,sub_2_conv_2,So once I was in my house and there came a really really big spider out of the ceiling and I didn't want to kill it so I just thrust it to like for it to fall on my hand and then and just went to the window and threw it away.,"You're very trustworthy of bugs. Like, how do you know that it's not like a spider that could harm you? Like, if it's hanging, it's like kind of far, right?",0.2017351810405505,0.0541371397583419,0.1335739702883278,-0.121105265240584,0,0,1,0.0449017792018294,-0.0199736856684087,0.1328146267283853,0.0297687251035666,0,sub_2_conv_2,1,2,2,1,2,1,2,1,1,1,1,1,0,0,0,0,1,1,0,"[('sentiment', 'neutral'), ('l_word_len', 30.0), ('valence_speaker', -0.027090909090909), ('emotional_reaction', '1')]","[('sentiment', 'neutral'), ('l_word_len', 30.0), ('emotional_reaction', '1'), ('intent', '1')]","[('valence_speaker', -0.027090909090909), ('arousal_speaker', -0.028), ('s_word_len', 52.0), ('dominance_speaker', 0.0225454545454545)]","[('l_word_len', 30.0), ('emotional_reaction', '1'), ('valence_speaker', 0.0297687251035666), ('intent', '1')]","[('l_word_len', 30.0), ('emotional_reaction', '1'), ('intent', '1'), ('sentiment', 'neutral')]","[('valence_speaker', 0.0297687251035666), ('s_word_len', 52.0), ('dominance_speaker', 0.0225454545454545), ('arousal_speaker', 0.1328146267283853)]"
0.1661428571428571,-0.1765714285714285,0,negative,2,0,0,9,25.0,47.0,-0.2634285714285714,0.1957142857142857,0,neutral,-0.0151428571428571,0.0297142857142857,0.0,0.0,sub_2_conv_2,"I didn't know, actually, but I figured that if it continued to go down into the bottom of my hand, that it would be fine.","That's really interesting, because if I saw any spider, I would probably just want to get rid of it at any cost. I probably wouldn't care if I had to kill it or not, because I would be too afraid that it would kill me or something.",0.084685219737357,0.019955387535622,0.1382857526490343,-0.1299824266924346,0,0,1,0.1466428839971811,-0.1439591272561328,-0.0197489176124215,0.0726830569892211,0,sub_2_conv_2,1,2,2,1,2,1,2,1,1,2,2,1,2,1,2,1,1,1,0,"[('sentiment', 'negative'), ('l_word_len', 47.0), ('arousal_listener', 0.1661428571428571), ('dominance_listener', 0.0297142857142857)]","[('sentiment', 'negative'), ('l_word_len', 47.0), ('arousal_listener', 0.1661428571428571), ('dominance_listener', 0.0297142857142857)]","[('s_word_len', 25.0), ('speaker_sentiment', 'neutral'), ('arousal_speaker', -0.2634285714285714), ('dominance_speaker', -0.0151428571428571)]","[('sentiment', 'negative'), ('l_word_len', 47.0), ('arousal_listener', 0.1466428839971811), ('dominance_listener', 0.0297142857142857)]","[('sentiment', 'negative'), ('l_word_len', 47.0), ('arousal_listener', 0.1466428839971811), ('dominance_listener', 0.0297142857142857)]","[('s_word_len', 25.0), ('speaker_sentiment', 'neutral'), ('arousal_speaker', -0.0197489176124215), ('dominance_speaker', -0.0151428571428571)]"
-0.1575,0.597,2,neutral,0,0,0,9,21.0,16.0,0.0525714285714285,-0.0534285714285714,0,neutral,-0.0317142857142857,0.345,0.0,0.0,sub_2_conv_2,"Yeah, but they're animals. They're not going to hurt me, I think. I mean, some of them have venom and stuff.",I think that's just really trusting of something that you don't really know how it thinks.,0.2775431895974445,0.2024819069566595,0.0002062124547318,-0.1650771103815317,1,1,0,-0.0471056512816877,0.0635460227329278,0.2100516612896397,0.1257087634410902,1,sub_2_conv_2,1,2,2,1,2,1,2,1,1,2,2,1,0,0,1,1,1,2,0,"[('dominance_listener', 0.345), ('s_word_len', 21.0), ('sentiment', 'neutral'), ('valence_listener', 0.597)]","[('dominance_listener', 0.345), ('sentiment', 'neutral'), ('valence_listener', 0.597), ('l_word_len', 16.0)]","[('s_word_len', 21.0), ('dominance_speaker', -0.0317142857142857), ('valence_speaker', -0.0534285714285714), ('arousal_speaker', 0.0525714285714285)]","[('l_word_len', 16.0), ('dominance_speaker', -0.0317142857142857), ('s_word_len', 21.0), ('emotional_reaction', '0')]","[('l_word_len', 16.0), ('emotional_reaction', '0'), ('sentiment', 'neutral'), ('valence_listener', 0.0635460227329278)]","[('dominance_speaker', -0.0317142857142857), ('s_word_len', 21.0), ('arousal_speaker', 0.2100516612896397), ('valence_speaker', 0.1257087634410902)]"
0.0497142857142857,0.0874285714285714,2,negative,2,1,2,5,62.0,25.0,-0.0148235294117647,-0.0535294117647058,0,negative,-0.0717647058823529,0.0171428571428571,0.0,2.0,sub_2_conv_3,So the other day I was really afraid because I think I saw someone die. There was someone that was going down the stairs at one of the stations and he fell and I thought he was going to be okay but he wasn't moving and there was blood and stuff. I didn't stay there but it was a very frightening experience.,"Oh god, that sounds terrifying. Did you ask for help? Did someone help them or did you just leave? What happened? And are you okay?",0.0944614474417568,0.0793174271050784,0.0669086935267538,0.0464629036888766,1,0,1,0.0617503711830133,0.058752604010785,0.0616759543857003,0.0394633754441431,1,sub_2_conv_3,1,2,2,1,2,1,2,1,1,2,2,1,2,1,2,1,1,2,1,"[('dominance_listener', 0.0171428571428571), ('arousal_speaker', -0.0148235294117647), ('l_word_len', 25.0), ('sentiment', 'negative')]","[('dominance_listener', 0.0171428571428571), ('l_word_len', 25.0), ('sentiment', 'negative'), ('emotional_reaction', '2')]","[('arousal_speaker', -0.0148235294117647), ('s_word_len', 62.0), ('dominance_speaker', -0.0717647058823529), ('valence_speaker', -0.0535294117647058)]","[('dominance_listener', 0.0171428571428571), ('arousal_speaker', 0.0616759543857003), ('l_word_len', 25.0), ('sentiment', 'negative')]","[('dominance_listener', 0.0171428571428571), ('l_word_len', 25.0), ('sentiment', 'negative'), ('emotional_reaction', '2')]","[('arousal_speaker', 0.0616759543857003), ('s_word_len', 62.0), ('dominance_speaker', -0.0717647058823529), ('valence_speaker', 0.0394633754441431)]"
-0.2525454545454546,0.5423636363636364,1,positive,2,1,0,5,36.0,34.0,-0.1449999999999999,0.1201999999999999,0,negative,0.0153999999999999,0.1869090909090909,1.0,2.0,sub_2_conv_3,"Yeah, I'm fine now. A lot of people just congregated around and then like the police came and they like carted off the area and stuff. But oh man, that was really terrifying at the moment.","Yeah, that's... I would hope that you'd never experience that again. I hope I'd never see that kind of thing happen. I hope they're okay. But yeah, good to know that you're doing okay.",0.0572857602846603,0.0817993081044695,0.052880262077006,-0.1003220537545001,1,1,0,-0.0387474529097321,0.0924836532809408,-0.0033999678007377,0.0933195156731286,1,sub_2_conv_3,1,2,2,1,2,1,2,1,1,2,2,1,2,1,2,1,1,2,1,"[('dominance_listener', 0.1869090909090909), ('dominance_speaker', 0.0153999999999999), ('s_word_len', 36.0), ('l_word_len', 34.0)]","[('dominance_listener', 0.1869090909090909), ('l_word_len', 34.0), ('emotional_reaction', '2'), ('arousal_listener', -0.2525454545454546)]","[('dominance_speaker', 0.0153999999999999), ('s_word_len', 36.0), ('arousal_speaker', -0.1449999999999999), ('valence_speaker', 0.1201999999999999)]","[('dominance_listener', 0.1869090909090909), ('dominance_speaker', 0.0153999999999999), ('s_word_len', 36.0), ('l_word_len', 34.0)]","[('dominance_listener', 0.1869090909090909), ('l_word_len', 34.0), ('emotional_reaction', '2'), ('arousal_listener', -0.0387474529097321)]","[('dominance_speaker', 0.0153999999999999), ('s_word_len', 36.0), ('arousal_speaker', -0.0033999678007377), ('valence_speaker', 0.0933195156731286)]"
-0.1777333333333333,0.4644,2,neutral,1,1,1,5,56.0,41.0,-0.0814285714285714,0.4207142857142857,0,positive,0.1071428571428571,0.0196,1.0,1.0,sub_2_conv_4,"So I don't really trust those dating apps and stuff, so I recently had the help of a friend to set me up on a blind date and it really went well, I had a lot of fun and it shows that sometimes like going the traditional route is better than using all that fancy technology",yeah i feel like i've never had luck with that either like usually i mean going for friends or friends is like one of the best ways um but like what kind of stuff did you do like was it fun,-0.0143863997042559,-0.0916606406750698,-0.1852439314634189,-0.2405885956788701,1,1,1,-0.1829907520243932,-0.029092016975209,-0.0344990512215505,0.0620518372417368,1,sub_2_conv_4,1,2,2,1,2,1,2,1,1,2,2,1,1,1,1,1,1,2,1,"[('sentiment', 'neutral'), ('l_word_len', 41.0), ('valence_speaker', 0.4207142857142857), ('dominance_listener', 0.0196)]","[('sentiment', 'neutral'), ('l_word_len', 41.0), ('dominance_listener', 0.0196), ('emotional_reaction', '1')]","[('valence_speaker', 0.4207142857142857), ('arousal_speaker', -0.0814285714285714), ('s_word_len', 56.0), ('dominance_speaker', 0.1071428571428571)]","[('arousal_speaker', -0.0344990512215505), ('emotional_reaction', '1'), ('arousal_listener', -0.1829907520243932), ('l_word_len', 41.0)]","[('emotional_reaction', '1'), ('arousal_listener', -0.1829907520243932), ('l_word_len', 41.0), ('sentiment', 'neutral')]","[('arousal_speaker', -0.0344990512215505), ('speaker_sentiment', 'positive'), ('valence_speaker', 0.0620518372417368), ('dominance_speaker', 0.1071428571428571)]"
-0.0184615384615384,0.3666153846153846,2,positive,1,1,0,3,62.0,26.0,-0.0515294117647058,0.428235294117647,0,positive,0.0538823529411764,0.1066153846153846,1.0,1.0,sub_2_conv_4,oh we went to an amusement park and then we went to watch a movie and we ended up like with a really not that fancy dinner but it was like a really good dinner you know and we ended up talking for hours and it went it went really well. I'm really glad that I decided to go with that experience.,Well that sounds like a really good first date. I think that's very surprising because I feel like usually first dates are very hit or miss,0.0404342269174004,-0.1302576677794731,0.0002687267977647,-0.0425533817356594,0,1,1,-0.0053503527800262,0.0801972481696538,0.0128451353127685,0.0372902207896629,0,sub_2_conv_4,1,2,2,1,2,1,2,1,1,2,2,1,2,1,2,1,1,2,1,"[('l_word_len', 26.0), ('dominance_listener', 0.1066153846153846), ('sentiment', 'positive'), ('arousal_listener', -0.0184615384615384)]","[('l_word_len', 26.0), ('dominance_listener', 0.1066153846153846), ('sentiment', 'positive'), ('arousal_listener', -0.0184615384615384)]","[('arousal_speaker', -0.0515294117647058), ('valence_speaker', 0.428235294117647), ('s_word_len', 62.0), ('speaker_sentiment', 'positive')]","[('l_word_len', 26.0), ('dominance_listener', 0.1066153846153846), ('sentiment', 'positive'), ('arousal_listener', -0.0053503527800262)]","[('l_word_len', 26.0), ('dominance_listener', 0.1066153846153846), ('sentiment', 'positive'), ('arousal_listener', -0.0053503527800262)]","[('arousal_speaker', 0.0128451353127685), ('valence_speaker', 0.0372902207896629), ('s_word_len', 62.0), ('speaker_sentiment', 'positive')]"
0.189,0.698,2,positive,1,0,0,3,21.0,5.0,-0.1934285714285714,0.3159999999999999,0,positive,-0.0177142857142857,0.184,1.0,1.0,sub_2_conv_4,"Yeah, I've had ones that haven't gone that well, but it's really refreshing to have a different experience in that field.","Yeah, glad to hear it.",0.2098166172203917,0.0767889864332843,-0.0653059065853639,-0.2742713913619877,0,0,0,0.0109858653902452,0.0174100260466086,0.0888430606257027,0.148552290503299,0,sub_2_conv_4,1,2,2,1,2,1,2,1,1,2,0,0,0,0,0,0,1,2,1,"[('emotional_reaction', '1'), ('l_word_len', 5.0), ('valence_speaker', 0.3159999999999999), ('speaker_sentiment', 'positive')]","[('emotional_reaction', '1'), ('l_word_len', 5.0), ('intent', '3'), ('arousal_listener', 0.189)]","[('valence_speaker', 0.3159999999999999), ('speaker_sentiment', 'positive'), ('arousal_speaker', -0.1934285714285714), ('s_word_len', 21.0)]","[('l_word_len', 5.0), ('emotional_reaction', '1'), ('valence_listener', 0.0174100260466086), ('arousal_listener', 0.0109858653902452)]","[('l_word_len', 5.0), ('emotional_reaction', '1'), ('valence_listener', 0.0174100260466086), ('arousal_listener', 0.0109858653902452)]","[('valence_speaker', 0.148552290503299), ('dominance_speaker', -0.0177142857142857), ('s_word_len', 21.0), ('arousal_speaker', 0.0888430606257027)]"
-0.0688571428571428,0.252,0,neutral,1,0,0,9,51.0,65.0,-0.0923529411764706,0.4431764705882353,0,positive,0.2315294117647058,0.0214285714285714,1.0,0.0,sub_2_conv_5,I have a presentation right now at work and I have been doing my best to like get everything right and everything and instead of being nervous I'm really looking forward to it because I know I will like completely ace it you know? Do a really really good job there.,"Oh, that's really interesting. I've never thought of presentations like that. I'm always scared of them. Like, will it go well? What if I screw up? I always have in my mind something of a backup plan. If this goes wrong, then do this kind of thing. Yeah, that's really interesting to hear. I don't think I've ever heard someone say something like that before.",-0.0509527920146734,-0.1920218219201686,0.1741559941214257,0.2103700285455754,0,0,0,0.1012520530278551,0.2228590199819028,-0.0633728367632125,-0.0014623341676474,0,sub_2_conv_5,1,2,2,1,2,1,2,1,1,2,2,1,2,1,2,1,1,2,0,"[('l_word_len', 65.0), ('valence_speaker', 0.4431764705882353), ('emotional_reaction', '1'), ('s_word_len', 51.0)]","[('l_word_len', 65.0), ('emotional_reaction', '1'), ('valence_listener', 0.252), ('dominance_listener', 0.0214285714285714)]","[('valence_speaker', 0.4431764705882353), ('s_word_len', 51.0), ('arousal_speaker', -0.0923529411764706), ('dominance_speaker', 0.2315294117647058)]","[('l_word_len', 65.0), ('valence_speaker', -0.0014623341676474), ('emotional_reaction', '1'), ('s_word_len', 51.0)]","[('l_word_len', 65.0), ('emotional_reaction', '1'), ('valence_listener', 0.2228590199819028), ('dominance_listener', 0.0214285714285714)]","[('valence_speaker', -0.0014623341676474), ('s_word_len', 51.0), ('arousal_speaker', -0.0633728367632125), ('dominance_speaker', 0.2315294117647058)]"
0.023,0.5800000000000001,2,positive,1,0,0,5,69.0,8.0,-0.0778,0.4241,0,positive,0.2159999999999999,0.1955,1.0,0.0,sub_2_conv_5,"Yeah, I'm usually on the same boat, but right now I feel like I have gotten everything ready and I've done my research and everything is like really solid. So, um, like, surprisingly, I'm really looking forward to it. And I hope that at the end I will be doing, like, even better. I'll be happy. So, yeah, that's, like you said, it's really weird, but it's really great.","Yeah, that sounds great. Hope it goes well.",0.0914833340382798,-0.2473675889575604,-0.0577610390998624,0.0914720469286784,1,1,0,-0.0335327273699036,0.2380304328500749,0.0406983338267958,-0.0459273122702922,1,sub_2_conv_5,1,2,2,1,2,1,2,1,1,2,2,1,2,1,2,1,1,2,0,"[('arousal_speaker', -0.0778), ('emotional_reaction', '1'), ('l_word_len', 8.0), ('s_word_len', 69.0)]","[('emotional_reaction', '1'), ('l_word_len', 8.0), ('dominance_listener', 0.1955), ('valence_listener', 0.5800000000000001)]","[('arousal_speaker', -0.0778), ('s_word_len', 69.0), ('speaker_sentiment', 'positive'), ('valence_speaker', 0.4241)]","[('arousal_speaker', 0.0406983338267958), ('emotional_reaction', '1'), ('l_word_len', 8.0), ('s_word_len', 69.0)]","[('emotional_reaction', '1'), ('l_word_len', 8.0), ('dominance_listener', 0.1955), ('valence_listener', 0.2380304328500749)]","[('arousal_speaker', 0.0406983338267958), ('s_word_len', 69.0), ('speaker_sentiment', 'positive'), ('valence_speaker', -0.0459273122702922)]"
-0.1113333333333333,0.2126666666666666,0,negative,2,1,0,5,75.0,18.0,-0.1502857142857143,0.1512857142857142,0,negative,-0.1042857142857142,0.1366666666666666,1.0,0.0,sub_2_conv_6,I forgot to take out the trash for like a few days and now it's kind of smelling really really bad it's like almost suffocating inside of my house and so I I take took it out like before the trash man comes so now I feel kind of bad because people will go and pass next to the collection site and they will smell it but I mean what can I do you know,yeah that sounds terrible to have in your house. I hope it wasn't out there for too long.,0.0916359925344265,-0.0639435013950225,0.0237212295855597,-0.1537787756108992,0,0,1,-0.0167951392901082,-0.0438451429276294,0.0190594804883842,0.0006252633091985,0,sub_2_conv_6,1,2,2,1,2,1,2,1,1,2,2,1,2,1,2,1,1,2,0,"[('dominance_listener', 0.1366666666666666), ('emotional_reaction', '2'), ('l_word_len', 18.0), ('arousal_listener', -0.1113333333333333)]","[('dominance_listener', 0.1366666666666666), ('emotional_reaction', '2'), ('l_word_len', 18.0), ('arousal_listener', -0.1113333333333333)]","[('s_word_len', 75.0), ('valence_speaker', 0.1512857142857142), ('dominance_speaker', -0.1042857142857142), ('speaker_sentiment', 'negative')]","[('dominance_listener', 0.1366666666666666), ('emotional_reaction', '2'), ('l_word_len', 18.0), ('arousal_listener', -0.0167951392901082)]","[('dominance_listener', 0.1366666666666666), ('emotional_reaction', '2'), ('l_word_len', 18.0), ('arousal_listener', -0.0167951392901082)]","[('s_word_len', 75.0), ('valence_speaker', 0.0006252633091985), ('dominance_speaker', -0.1042857142857142), ('speaker_sentiment', 'negative')]"
-0.0285714285714285,0.1322857142857142,2,negative,1,1,1,5,53.0,22.0,-0.046,0.0384615384615384,0,negative,-0.0736923076923077,0.0494285714285714,1.0,0.0,sub_2_conv_6,"It wasn't far, well I don't know. So far it hasn't been collected so I don't know it's it's like still smells bad because of course it's going to smell bad but but it's now outside and I guess that's better? I feel really bad about the people that pass through. So, well.","I mean, how long has it been? Like it's probably worse in this heat. So I really hope it gets out soon.",-0.0623719890808798,-0.10535018528467,0.1238733912890914,0.0323705536203559,0,0,0,0.0781399453309354,0.0623451018199634,-0.0574603923566158,-0.0622066681608074,0,sub_2_conv_6,1,2,2,1,2,1,2,1,1,2,2,1,2,1,2,1,1,2,0,"[('l_word_len', 22.0), ('dominance_listener', 0.0494285714285714), ('s_word_len', 53.0), ('intent', '5')]","[('l_word_len', 22.0), ('dominance_listener', 0.0494285714285714), ('intent', '5'), ('sentiment', 'negative')]","[('s_word_len', 53.0), ('valence_speaker', 0.0384615384615384), ('arousal_speaker', -0.046), ('speaker_sentiment', 'negative')]","[('l_word_len', 22.0), ('dominance_listener', 0.0494285714285714), ('s_word_len', 53.0), ('intent', '5')]","[('l_word_len', 22.0), ('dominance_listener', 0.0494285714285714), ('intent', '5'), ('sentiment', 'negative')]","[('s_word_len', 53.0), ('valence_speaker', -0.0622066681608074), ('arousal_speaker', -0.0574603923566158), ('speaker_sentiment', 'negative')]"
-0.4615999999999999,0.4668,2,positive,1,1,0,5,60.0,25.0,-0.1734444444444444,0.3281111111111111,0,positive,-0.0601111111111111,0.0839999999999999,1.0,1.0,sub_2_conv_8,So I've been working on a different time zone than my family. I recently was very surprised when I sent a message and my little cousins just answered me immediately because it was like 4 a.m. in the morning. and they said that they were still like watching TV and doing stuff even though it was like a school night,honestly I've been I've been the other I've been that person that's responding at four am yeah I hope they got a decent night's sleep,-0.0515488776929552,-0.2148971139560396,0.2157553656324429,0.2025373248274649,0,1,0,0.01254875594271,0.2818161273792254,-0.088117547718402,-0.0519946464358943,0,sub_2_conv_8,1,2,2,1,2,1,2,1,1,2,2,1,2,1,2,1,1,2,1,"[('dominance_listener', 0.0839999999999999), ('sentiment', 'positive'), ('l_word_len', 25.0), ('arousal_listener', -0.4615999999999999)]","[('dominance_listener', 0.0839999999999999), ('sentiment', 'positive'), ('l_word_len', 25.0), ('arousal_listener', -0.4615999999999999)]","[('valence_speaker', 0.3281111111111111), ('dominance_speaker', -0.0601111111111111), ('arousal_speaker', -0.1734444444444444), ('s_word_len', 60.0)]","[('dominance_listener', 0.0839999999999999), ('sentiment', 'positive'), ('l_word_len', 25.0), ('arousal_listener', 0.01254875594271)]","[('dominance_listener', 0.0839999999999999), ('sentiment', 'positive'), ('l_word_len', 25.0), ('arousal_listener', 0.01254875594271)]","[('valence_speaker', -0.0519946464358943), ('dominance_speaker', -0.0601111111111111), ('arousal_speaker', -0.088117547718402), ('s_word_len', 60.0)]"
-0.0355999999999999,0.386,0,positive,1,1,1,4,43.0,14.0,-0.1777333333333333,0.4069333333333334,0,positive,0.0843999999999999,0.1848,1.0,1.0,sub_2_conv_8,"Yeah, I mean I was just like very surprised. It was like, you should be getting some sleep, right? I won't say I'm like better than that, but still it was kind of surprising to have like an immediate tex back, you know?","Yeah, I mean it was probably a nice surprise in a way though, right?",0.1287289537066862,0.0515773992064036,-0.088649479420654,-0.306664641133745,1,1,0,-0.0727346355944578,-0.0988652487936214,0.0367902675946803,0.1581841794444825,1,sub_2_conv_8,1,2,2,1,2,1,2,1,1,2,2,1,2,1,2,1,1,2,1,"[('l_word_len', 14.0), ('emotional_reaction', '1'), ('who', '0'), ('speaker_sentiment', 'positive')]","[('l_word_len', 14.0), ('emotional_reaction', '1'), ('who', '0'), ('valence_listener', 0.386)]","[('speaker_sentiment', 'positive'), ('valence_speaker', 0.4069333333333334), ('arousal_speaker', -0.1777333333333333), ('dominance_speaker', 0.0843999999999999)]","[('l_word_len', 14.0), ('emotional_reaction', '1'), ('who', '0'), ('speaker_sentiment', 'positive')]","[('l_word_len', 14.0), ('emotional_reaction', '1'), ('who', '0'), ('valence_listener', -0.0988652487936214)]","[('speaker_sentiment', 'positive'), ('valence_speaker', 0.1581841794444825), ('arousal_speaker', 0.0367902675946803), ('dominance_speaker', 0.0843999999999999)]"
-0.2649142857142856,0.2831428571428571,2,neutral,0,0,0,9,46.0,96.0,-0.0874545454545454,0.331090909090909,2,positive,0.0645454545454545,-0.0830285714285714,1.0,0.0,sub_3_conv_1,nice that is I didn't know that actually it's really interesting I've heard it was done with coke but I had to check that I'm going to set it up like overnight but yeah I may actually check that and see if I can do that.,"I think it's also supposed to be with Coke, but you can do it with Sprite. And the thing with Sprite is that it also has citrus, a little citrusy flavor to it, whereas Coke is just kind of like the sweet, syrupy kind of stuff. So I guess it depends on what you're looking for for the meat. also like the coke would give it a better color because the sprite it just kind of left it like gray but it tasted good it just wasn't like it didn't look good if that makes sense",-0.1876212542140857,0.0512171284951018,-0.4378734067445743,0.0344481919788219,0,0,1,-0.3859856704354877,0.1090565915280324,-0.1575712415862236,0.1351792626738439,0,sub_3_conv_1,1,2,2,1,2,1,2,1,0,0,0,0,0,0,1,1,1,2,0,"[('l_word_len', 96.0), ('emotional_reaction', '0'), ('valence_speaker', 0.331090909090909), ('dominance_speaker', 0.0645454545454545)]","[('l_word_len', 96.0), ('emotional_reaction', '0'), ('sentiment', 'neutral'), ('valence_listener', 0.2831428571428571)]","[('valence_speaker', 0.331090909090909), ('dominance_speaker', 0.0645454545454545), ('arousal_speaker', -0.0874545454545454), ('s_word_len', 46.0)]","[('l_word_len', 96.0), ('emotional_reaction', '0'), ('valence_speaker', 0.1351792626738439), ('dominance_speaker', 0.0645454545454545)]","[('l_word_len', 96.0), ('emotional_reaction', '0'), ('sentiment', 'neutral'), ('valence_listener', 0.1090565915280324)]","[('valence_speaker', 0.1351792626738439), ('dominance_speaker', 0.0645454545454545), ('arousal_speaker', -0.1575712415862236), ('s_word_len', 46.0)]"
-0.0895862068965517,0.3450344827586207,1,positive,2,1,1,4,55.0,90.0,-0.088,0.2986666666666667,2,positive,0.069,0.1721379310344828,1.0,2.0,sub_3_conv_2,So one of our friends actually has been working on research as well and it's been like only a year that she's been working on that but she has managed to put out five papers like as first and goddamn and that is like really surprising to me because that is like really impressive right?,"That's super impressive and I mean I can't believe that someone has the time to write that many papers, be first and second author and do all of that. I can't imagine doing that myself. Do you think you could pull off something like that? I feel like you could. I feel like you have all the skills and the knowledge to do it. I mean, you've been doing this for so long. That's something that you probably could do, but would it be something that you wanted to do?",0.0173580381003227,-0.0870316089656563,-0.1146851959856007,0.0790295244736911,0,0,0,-0.107155499258886,0.15883101195917,-0.0142493733297741,0.0286778737240406,0,sub_3_conv_2,1,2,2,1,2,1,2,1,1,2,2,1,2,1,2,1,1,2,1,"[('valence_listener', 0.3450344827586207), ('dominance_listener', 0.1721379310344828), ('emotional_reaction', '2'), ('l_word_len', 90.0)]","[('valence_listener', 0.3450344827586207), ('dominance_listener', 0.1721379310344828), ('emotional_reaction', '2'), ('l_word_len', 90.0)]","[('valence_speaker', 0.2986666666666667), ('dominance_speaker', 0.069), ('s_word_len', 55.0), ('speaker_sentiment', 'positive')]","[('valence_listener', 0.15883101195917), ('dominance_listener', 0.1721379310344828), ('emotional_reaction', '2'), ('l_word_len', 90.0)]","[('valence_listener', 0.15883101195917), ('dominance_listener', 0.1721379310344828), ('emotional_reaction', '2'), ('l_word_len', 90.0)]","[('valence_speaker', 0.0286778737240406), ('dominance_speaker', 0.069), ('s_word_len', 55.0), ('speaker_sentiment', 'positive')]"
-0.0675384615384615,0.2713846153846154,2,neutral,0,0,1,1,61.0,44.0,-0.039076923076923,0.1809230769230769,0,negative,-0.1618461538461538,-0.0841538461538461,1.0,2.0,sub_3_conv_3,"Something that really grossed me out recently is when I bought a coffee from Starbucks and suddenly I opened it and a fly flew out. So it apparently was inside of the coffee when they were doing the... they would they pour it out, pour it in and then close it and yeah that is that is pretty gross I think.",How did it survive boiling hot coffee? Like poured onto it? Like you're saying that it was like they poured around it and they knew it was there? Like I don't really see how else it could like really escape the the cup necessarily ,-0.1508024485406395,-0.184616313987617,-0.0820479299142251,0.1593589176016895,1,0,0,-0.077695089401496,0.1929666269365672,-0.1172847909015245,-0.0749544967144087,1,sub_3_conv_3,1,2,2,1,2,1,2,1,0,0,1,1,2,1,2,1,1,2,1,"[('l_word_len', 44.0), ('dominance_speaker', -0.1618461538461538), ('emotional_reaction', '0'), ('dominance_listener', -0.0841538461538461)]","[('l_word_len', 44.0), ('emotional_reaction', '0'), ('dominance_listener', -0.0841538461538461), ('sentiment', 'neutral')]","[('dominance_speaker', -0.1618461538461538), ('s_word_len', 61.0), ('arousal_speaker', -0.039076923076923), ('valence_speaker', 0.1809230769230769)]","[('l_word_len', 44.0), ('emotional_reaction', '0'), ('valence_speaker', -0.0749544967144087), ('dominance_speaker', -0.1618461538461538)]","[('l_word_len', 44.0), ('emotional_reaction', '0'), ('valence_listener', 0.1929666269365672), ('dominance_listener', -0.0841538461538461)]","[('valence_speaker', -0.0749544967144087), ('dominance_speaker', -0.1618461538461538), ('arousal_speaker', -0.1172847909015245), ('s_word_len', 61.0)]"
-0.1859999999999999,0.31625,1,negative,1,0,1,1,42.0,23.0,-0.2255,0.155,0,negative,-0.0676666666666667,-0.15425,1.0,2.0,sub_3_conv_3,I actually have no idea how it ended up going there but like I assume it might have gone inside after it was burned or something but the fact that it was inside of the cup is like really concerning you know,"Yeah, it's kind of like just insanely gross. And did you like return the coffee or did you just like drink it still?",-0.0039291705671852,-0.1332064652655756,-0.0694747775415791,0.1272512210095599,0,1,0,-0.1044323442791053,0.1839508547066919,-0.0704004193970296,-0.0467445256859029,0,sub_3_conv_3,1,2,2,1,2,1,2,1,1,2,2,1,2,1,2,1,1,2,1,"[('dominance_speaker', -0.0676666666666667), ('arousal_listener', -0.1859999999999999), ('emotional_reaction', '1'), ('valence_listener', 0.31625)]","[('arousal_listener', -0.1859999999999999), ('emotional_reaction', '1'), ('valence_listener', 0.31625), ('l_word_len', 23.0)]","[('dominance_speaker', -0.0676666666666667), ('s_word_len', 42.0), ('speaker_sentiment', 'negative'), ('valence_speaker', 0.155)]","[('dominance_speaker', -0.0676666666666667), ('arousal_listener', -0.1044323442791053), ('emotional_reaction', '1'), ('valence_listener', 0.1839508547066919)]","[('arousal_listener', -0.1044323442791053), ('emotional_reaction', '1'), ('valence_listener', 0.1839508547066919), ('l_word_len', 23.0)]","[('dominance_speaker', -0.0676666666666667), ('s_word_len', 42.0), ('speaker_sentiment', 'negative'), ('valence_speaker', -0.0467445256859029)]"
-0.1244285714285714,0.3687142857142857,1,positive,1,1,0,8,29.0,45.0,0.0559999999999999,0.087,0,negative,-0.0136666666666666,-0.0017142857142857,1.0,2.0,sub_3_conv_3,"Oh no, I just poured it out on the nearby plant and went to get something else because it was gross. I didn't want to risk it, you know?","you tell them and get a free coffee? Like, I do think that they'd probably be fine with that if you said, hey, you know, a bug flew into my drink before I even could take it from you, before I even left the establishment.",0.0279517520478552,-0.0552639424497498,-0.0722336312187652,0.1886074051097225,0,1,0,-0.087892113281707,0.2426394692910914,0.0363662264334986,-0.0125847597148248,0,sub_3_conv_3,1,2,2,1,2,1,2,1,1,2,2,1,2,1,2,1,1,2,1,"[('dominance_listener', -0.0017142857142857), ('l_word_len', 45.0), ('emotional_reaction', '1'), ('sentiment', 'positive')]","[('dominance_listener', -0.0017142857142857), ('l_word_len', 45.0), ('emotional_reaction', '1'), ('sentiment', 'positive')]","[('valence_speaker', 0.087), ('s_word_len', 29.0), ('speaker_sentiment', 'negative'), ('arousal_speaker', 0.0559999999999999)]","[('dominance_listener', -0.0017142857142857), ('l_word_len', 45.0), ('emotional_reaction', '1'), ('sentiment', 'positive')]","[('dominance_listener', -0.0017142857142857), ('l_word_len', 45.0), ('emotional_reaction', '1'), ('sentiment', 'positive')]","[('valence_speaker', -0.0125847597148248), ('s_word_len', 29.0), ('speaker_sentiment', 'negative'), ('arousal_speaker', 0.0363662264334986)]"
-0.0246666666666666,0.1942499999999999,2,neutral,1,1,1,5,43.0,85.0,-0.1384285714285714,0.2677142857142857,0,neutral,0.0701428571428571,0.0426666666666666,1.0,2.0,sub_3_conv_4,"Yeah, that is a good idea, I think. I haven't tried it because I don't want to make him upset, but yeah, I think at this point it's time for taking these kinds of measures and I don't think it's unreasonable, you know?","Like, who cares if he's upset? right like he's gonna be he's gonna be hurting no matter what and what you're doing is setting your boundaries not setting not you're not like encroaching on his you're saying my boundaries are here i'm not comfortable with this i understand that you feel differently if this makes you upset then maybe it's something to think about whether you value a friendship where i don't hurt you or if you value a relationship where you're constantly getting hurt",0.1187940116333134,-0.0418437213844494,-0.136610612272708,0.1476544342863253,0,1,0,-0.1030274285908955,0.1616331040004276,0.0416272367147479,0.0510236807451711,0,sub_3_conv_4,1,2,2,1,2,1,2,1,1,2,2,1,2,1,2,1,1,2,1,"[('emotional_reaction', '1'), ('valence_speaker', 0.2677142857142857), ('l_word_len', 85.0), ('sentiment', 'neutral')]","[('emotional_reaction', '1'), ('l_word_len', 85.0), ('sentiment', 'neutral'), ('intent', '5')]","[('valence_speaker', 0.2677142857142857), ('arousal_speaker', -0.1384285714285714), ('s_word_len', 43.0), ('dominance_speaker', 0.0701428571428571)]","[('emotional_reaction', '1'), ('valence_speaker', 0.0510236807451711), ('l_word_len', 85.0), ('sentiment', 'neutral')]","[('emotional_reaction', '1'), ('l_word_len', 85.0), ('sentiment', 'neutral'), ('intent', '5')]","[('valence_speaker', 0.0510236807451711), ('arousal_speaker', 0.0416272367147479), ('s_word_len', 43.0), ('dominance_speaker', 0.0701428571428571)]"
-0.0986896551724137,0.2557241379310345,2,negative,2,2,2,6,78.0,86.0,-0.0519090909090909,0.0679999999999999,0,negative,0.1247272727272727,0.0864827586206896,1.0,2.0,sub_3_conv_6,"I felt a lot of fear once in my life when I was in a period where I didn't know if I was going to be able to afford rent. I was really stressed out, really nervous. I just didn't know. And living with that uncertainty that I was either going to be kicked out of the apartment or being able to stay there, it was terrifying. It really, really, really messed me up for a long time.","Yeah, I can understand how that would suck. I have never been able to relate to something like that. So yeah, all I can do is kind of imagine myself in your situation. I don't know what I would be doing either, just constantly stressed out, probably not sleeping well. Was that also affecting you? Did you find that you couldn't enjoy the normal things in your life because you were so just constantly in the back of your head worried about this kind of situation?",0.0769430992606939,-0.233212233164449,0.1564345171932679,0.2802102509179471,0,1,0,0.0798972654835633,0.2728644170218733,0.0382874422097584,-0.1428485632151143,0,sub_3_conv_6,1,2,2,1,2,1,2,1,1,2,2,1,2,1,2,1,1,2,1,"[('emotional_reaction', '2'), ('s_word_len', 78.0), ('l_word_len', 86.0), ('dominance_listener', 0.0864827586206896)]","[('emotional_reaction', '2'), ('l_word_len', 86.0), ('dominance_listener', 0.0864827586206896), ('valence_listener', 0.2557241379310345)]","[('s_word_len', 78.0), ('dominance_speaker', 0.1247272727272727), ('valence_speaker', 0.0679999999999999), ('arousal_speaker', -0.0519090909090909)]","[('emotional_reaction', '2'), ('s_word_len', 78.0), ('l_word_len', 86.0), ('dominance_listener', 0.0864827586206896)]","[('emotional_reaction', '2'), ('l_word_len', 86.0), ('dominance_listener', 0.0864827586206896), ('valence_listener', 0.2728644170218733)]","[('s_word_len', 78.0), ('dominance_speaker', 0.1247272727272727), ('valence_speaker', -0.1428485632151143), ('arousal_speaker', 0.0382874422097584)]"
-0.15575,0.3684166666666666,0,positive,1,1,0,9,83.0,68.0,0.10216,0.1226399999999999,0,negative,0.0243999999999999,0.2081666666666666,0.0,2.0,sub_3_conv_6,"Yeah, I feel like it was affecting every single part of my life. like I was always nervous I was always like I felt a step away from a breakdown you know it was completely overwhelming everything this nervousness this anxiety this fear it was really really rough to live through that and yeah I hope you never lived through that it's it's something that is really rough on anyone and I think now I'm glad that I'm no longer in that situation.","Yeah, and I mean there's something to be said for like once you get through that situation you kind of have the knowledge and the experience of like okay the next time it happens I know I can deal with it and I know I can get through it so you know there's also like that kind of aspect of like what doesn't kill you makes you stronger.",0.0997207326264764,-0.2002931379561405,0.0748492623934845,0.3265566732076483,0,1,0,0.0056694836754391,0.3391146712453537,0.1004525128385334,-0.1034131965692983,0,sub_3_conv_6,1,2,2,1,2,1,2,1,1,2,2,1,2,1,0,0,1,2,1,"[('l_word_len', 68.0), ('emotional_reaction', '1'), ('dominance_listener', 0.2081666666666666), ('valence_listener', 0.3684166666666666)]","[('l_word_len', 68.0), ('emotional_reaction', '1'), ('dominance_listener', 0.2081666666666666), ('valence_listener', 0.3684166666666666)]","[('s_word_len', 83.0), ('speaker_sentiment', 'negative'), ('arousal_speaker', 0.10216), ('dominance_speaker', 0.0243999999999999)]","[('l_word_len', 68.0), ('emotional_reaction', '1'), ('dominance_listener', 0.2081666666666666), ('valence_listener', 0.3391146712453537)]","[('l_word_len', 68.0), ('emotional_reaction', '1'), ('dominance_listener', 0.2081666666666666), ('valence_listener', 0.3391146712453537)]","[('s_word_len', 83.0), ('speaker_sentiment', 'negative'), ('arousal_speaker', 0.1004525128385334), ('dominance_speaker', 0.0243999999999999)]"
-0.0938260869565216,0.394695652173913,2,positive,1,1,0,3,86.0,64.0,-0.0899285714285714,0.5248571428571427,0,positive,0.2141428571428571,0.1634782608695652,1.0,2.0,sub_3_conv_7,"So, a recent thing that has made me feel... well, not that recent, but it made me feel very happy with myself, very content with myself, was when I was able to cook for over 20 people, like, on a really big get-together. I didn't know how to cook these dishes, but thanks to YouTube I was able to prepare something really nice. And I think it's really great that we have this technology now that we have access to all of this information, you know?","Yeah, yeah, that's pretty good. I mean, like, that's a lot of cooking, man. Like, 20 people's worth of food. I don't think no matter how much technology we have, that's still going to be a real pain in the butt to just kind of get through all of that. So that's cool. I mean, I'm glad that everyone enjoyed the food, at least.",0.0572248668237563,-0.1154108755047285,-0.3052707770195294,0.1001311635503887,0,0,0,-0.2418373700006271,0.188500510137446,0.0130788353480579,0.0766695300038328,0,sub_3_conv_7,1,2,2,1,2,1,2,1,1,2,2,1,2,1,2,1,1,2,1,"[('emotional_reaction', '1'), ('l_word_len', 64.0), ('dominance_listener', 0.1634782608695652), ('valence_listener', 0.394695652173913)]","[('emotional_reaction', '1'), ('l_word_len', 64.0), ('dominance_listener', 0.1634782608695652), ('valence_listener', 0.394695652173913)]","[('arousal_speaker', -0.0899285714285714), ('valence_speaker', 0.5248571428571427), ('s_word_len', 86.0), ('speaker_sentiment', 'positive')]","[('emotional_reaction', '1'), ('l_word_len', 64.0), ('dominance_listener', 0.1634782608695652), ('valence_listener', 0.188500510137446)]","[('emotional_reaction', '1'), ('l_word_len', 64.0), ('dominance_listener', 0.1634782608695652), ('valence_listener', 0.188500510137446)]","[('arousal_speaker', 0.0130788353480579), ('valence_speaker', 0.0766695300038328), ('s_word_len', 86.0), ('speaker_sentiment', 'positive')]"
-0.1614615384615384,0.4711538461538461,2,neutral,0,0,1,1,54.0,62.0,-0.1850588235294117,0.3405882352941177,0,positive,0.1261176470588235,0.1208461538461538,1.0,2.0,sub_3_conv_7,"I mean, there were, sure, some batches that didn't make the cut. But other than that, yeah, it was really great. People had a really good time. Some people even complimented me on the cooking. but yeah it went really well that time that's why I think it's a very prominent memory you know.",Was it expensive? I think unless the people are like helping chip in for the food if you're buying enough food for 20 people like that's got to be you know pretty sizable kind of like amount of money also it was it like a celebration or it was just kind of like meeting up with friends like what was the occasion?,0.1033140652872636,0.020062875861031,-0.0851577215532656,0.1222910266919525,0,0,0,-0.1080488666257474,0.2269498725305206,0.0168021986422609,0.116220483690957,0,sub_3_conv_7,1,2,2,1,2,1,2,1,1,2,2,1,1,1,2,1,1,2,1,"[('l_word_len', 62.0), ('sentiment', 'neutral'), ('dominance_speaker', 0.1261176470588235), ('s_word_len', 54.0)]","[('l_word_len', 62.0), ('sentiment', 'neutral'), ('dominance_listener', 0.1208461538461538), ('arousal_listener', -0.1614615384615384)]","[('dominance_speaker', 0.1261176470588235), ('s_word_len', 54.0), ('arousal_speaker', -0.1850588235294117), ('valence_speaker', 0.3405882352941177)]","[('l_word_len', 62.0), ('emotional_reaction', '0'), ('sentiment', 'neutral'), ('dominance_speaker', 0.1261176470588235)]","[('l_word_len', 62.0), ('emotional_reaction', '0'), ('sentiment', 'neutral'), ('dominance_listener', 0.1208461538461538)]","[('dominance_speaker', 0.1261176470588235), ('s_word_len', 54.0), ('valence_speaker', 0.116220483690957), ('arousal_speaker', 0.0168021986422609)]"
-0.3328571428571428,0.1682857142857143,1,neutral,1,0,1,1,48.0,21.0,-0.148,0.3663076923076923,0,neutral,0.0278461538461538,-0.1882857142857142,1.0,2.0,sub_3_conv_7,No it was a celebration it was my niece's third third birthday so a lot of people chipped in for the same thing but yeah the person that was going to cook was no longer able to attend so we had to figure out how to do it.,Did you end up like getting help from anyone else while cooking or it was just you solo kind of thing?,0.0979389522274084,0.0091051593042266,-0.0188862781428899,0.0651775278354599,0,1,0,-0.1130775375571657,0.0961099837705362,0.0241572665591858,0.1162659192052663,0,sub_3_conv_7,1,2,2,1,2,1,2,1,1,1,1,1,1,1,1,1,1,2,1,"[('l_word_len', 21.0), ('intent', '1'), ('valence_speaker', 0.3663076923076923), ('emotional_reaction', '1')]","[('l_word_len', 21.0), ('intent', '1'), ('emotional_reaction', '1'), ('sentiment', 'neutral')]","[('valence_speaker', 0.3663076923076923), ('s_word_len', 48.0), ('arousal_speaker', -0.148), ('speaker_sentiment', 'neutral')]","[('l_word_len', 21.0), ('intent', '1'), ('valence_speaker', 0.1162659192052663), ('emotional_reaction', '1')]","[('l_word_len', 21.0), ('intent', '1'), ('emotional_reaction', '1'), ('sentiment', 'neutral')]","[('valence_speaker', 0.1162659192052663), ('s_word_len', 48.0), ('arousal_speaker', 0.0241572665591858), ('speaker_sentiment', 'neutral')]"
-0.1863749999999999,0.364,2,positive,1,1,0,5,6.0,46.0,0.0,0.0,0,negative,0.0,0.0504999999999999,0.0,2.0,sub_3_conv_7,It was mostly me doing everything.,"Yeah, that's tough. Yeah, but I mean, like, at least the party, like, was saved. You know, you stepped in, kind of, like, put all the elbow grease in, and I hope your niece is happy and that just the rest went off without a hitch.",-0.0010898381788099,-0.0236231553046548,0.031874575459648,0.1356374062921798,0,0,0,-0.0336002971782464,0.2041461844045258,-0.0007628867251669,-0.0165362087132583,0,sub_3_conv_7,1,2,2,1,2,1,2,1,1,2,2,1,2,1,0,0,1,2,1,"[('dominance_listener', 0.0504999999999999), ('dominance_speaker', 0.0), ('l_word_len', 46.0), ('emotional_reaction', '1')]","[('dominance_listener', 0.0504999999999999), ('l_word_len', 46.0), ('emotional_reaction', '1'), ('intent', '5')]","[('dominance_speaker', 0.0), ('arousal_speaker', 0.0), ('s_word_len', 6.0), ('speaker_sentiment', 'negative')]","[('dominance_listener', 0.0504999999999999), ('dominance_speaker', 0.0), ('l_word_len', 46.0), ('emotional_reaction', '1')]","[('dominance_listener', 0.0504999999999999), ('l_word_len', 46.0), ('emotional_reaction', '1'), ('intent', '5')]","[('dominance_speaker', 0.0), ('arousal_speaker', -0.0007628867251669), ('s_word_len', 6.0), ('speaker_sentiment', 'negative')]"
0.0735999999999999,0.4987999999999999,1,neutral,1,0,1,1,64.0,13.0,-0.0843999999999999,0.2804999999999999,2,positive,0.1624,0.1644,1.0,0.0,sub_4_conv_1,"So one of the things that has been... that surprised me recently is the fact that my brother was able to build a fence, like a chain link fence, to set it up all by himself without needing to call any specialists or anything. He just set it up all himself and I mean, he saved some money but it was pretty... Really surprising.",What makes you so surprised about your brother being able to do so?,0.052397719521055,0.053804402711182,0.189406127548653,0.165448080983815,0,0,1,0.154664289284057,0.2654536566886705,0.0113584036647385,0.1218130818978274,0,sub_4_conv_1,1,2,2,1,2,1,2,1,1,1,1,1,1,1,1,1,1,2,0,"[('l_word_len', 13.0), ('emotional_reaction', '1'), ('sentiment', 'neutral'), ('intent', '1')]","[('l_word_len', 13.0), ('emotional_reaction', '1'), ('sentiment', 'neutral'), ('intent', '1')]","[('valence_speaker', 0.2804999999999999), ('s_word_len', 64.0), ('speaker_sentiment', 'positive'), ('arousal_speaker', -0.0843999999999999)]","[('l_word_len', 13.0), ('emotional_reaction', '1'), ('sentiment', 'neutral'), ('intent', '1')]","[('l_word_len', 13.0), ('emotional_reaction', '1'), ('sentiment', 'neutral'), ('intent', '1')]","[('valence_speaker', 0.1218130818978274), ('s_word_len', 64.0), ('speaker_sentiment', 'positive'), ('arousal_speaker', 0.0113584036647385)]"
-0.0653333333333333,0.2523333333333333,0,negative,1,0,0,9,32.0,17.0,-0.1337777777777777,0.368,2,positive,0.1666666666666666,-0.1169999999999999,1.0,0.0,sub_4_conv_1,"So he usually never does manual labor. He only works on accounting and those kind of stuff. So I never took him as a handyman, but he was able to do it.",Well I guess at some point a man needs to find help to do it by himself.,0.01364185213301,-0.083789712949656,0.212562750095827,0.018772779434823,1,0,0,0.1291939250670788,0.0888409456043761,-0.0305840368402263,0.0517472009352408,1,sub_4_conv_1,1,2,2,1,2,1,2,1,1,2,2,1,1,1,2,1,1,2,0,"[('l_word_len', 17.0), ('s_word_len', 32.0), ('arousal_listener', -0.0653333333333333), ('dominance_listener', -0.1169999999999999)]","[('l_word_len', 17.0), ('arousal_listener', -0.0653333333333333), ('dominance_listener', -0.1169999999999999), ('intent', '9')]","[('s_word_len', 32.0), ('valence_speaker', 0.368), ('arousal_speaker', -0.1337777777777777), ('dominance_speaker', 0.1666666666666666)]","[('sentiment', 'negative'), ('l_word_len', 17.0), ('intent', '9'), ('valence_listener', 0.0888409456043761)]","[('sentiment', 'negative'), ('l_word_len', 17.0), ('intent', '9'), ('valence_listener', 0.0888409456043761)]","[('valence_speaker', 0.0517472009352408), ('dominance_speaker', 0.1666666666666666), ('s_word_len', 32.0), ('speaker_sentiment', 'positive')]"
0.1435,0.4605,2,positive,1,0,1,1,37.0,12.0,0.2021538461538461,0.2935384615384615,2,positive,0.2436923076923077,0.193,1.0,2.0,sub_4_conv_2,"I am really looking forward to seeing my nephew's first competitive football game. He's been working hard. He's like 12, but he's working very hard and I know that he's going to do well in that game.","That's so amazing, your nephew. How long has he been playing football?",0.1067293153848844,-0.1698847030365234,0.4368347136198629,-0.1657468782133182,0,0,1,0.348834299533904,0.0221271852506772,0.1353566746155729,-0.0308577536640279,0,sub_4_conv_2,1,2,2,1,2,1,2,1,1,2,2,1,2,1,2,1,1,2,1,"[('sentiment', 'positive'), ('valence_listener', 0.4605), ('l_word_len', 12.0), ('dominance_listener', 0.193)]","[('sentiment', 'positive'), ('valence_listener', 0.4605), ('l_word_len', 12.0), ('dominance_listener', 0.193)]","[('arousal_speaker', 0.2021538461538461), ('speaker_sentiment', 'positive'), ('valence_speaker', 0.2935384615384615), ('s_word_len', 37.0)]","[('sentiment', 'positive'), ('valence_listener', 0.0221271852506772), ('l_word_len', 12.0), ('dominance_listener', 0.193)]","[('sentiment', 'positive'), ('valence_listener', 0.0221271852506772), ('l_word_len', 12.0), ('dominance_listener', 0.193)]","[('arousal_speaker', 0.1353566746155729), ('speaker_sentiment', 'positive'), ('valence_speaker', -0.0308577536640279), ('s_word_len', 37.0)]"
-0.0519999999999999,0.4032222222222222,2,positive,1,1,1,1,30.0,41.0,-0.1814545454545454,0.3301818181818182,2,positive,0.113090909090909,0.2226666666666667,1.0,2.0,sub_4_conv_2,"He's been playing football for years now, but only in his school league, I think. but he's now going to go for the first time into like the National League",it must be a very interesting experience for him like to experience the big stage such a young age would be I think would be a lot for his development too Do you think he has big chance for this event?,0.1334709732053504,-0.0989474221514832,0.3167722462962064,-0.0303567434182426,1,0,1,0.2061405724073444,0.0997169462738968,0.0389933176073816,0.0297913499485072,1,sub_4_conv_2,1,2,2,1,2,1,2,1,1,2,2,1,2,1,2,1,1,2,1,"[('arousal_listener', -0.0519999999999999), ('dominance_listener', 0.2226666666666667), ('l_word_len', 41.0), ('emotional_reaction', '1')]","[('arousal_listener', -0.0519999999999999), ('dominance_listener', 0.2226666666666667), ('l_word_len', 41.0), ('emotional_reaction', '1')]","[('speaker_sentiment', 'positive'), ('arousal_speaker', -0.1814545454545454), ('dominance_speaker', 0.113090909090909), ('s_word_len', 30.0)]","[('arousal_listener', 0.2061405724073444), ('dominance_listener', 0.2226666666666667), ('l_word_len', 41.0), ('emotional_reaction', '1')]","[('arousal_listener', 0.2061405724073444), ('dominance_listener', 0.2226666666666667), ('l_word_len', 41.0), ('emotional_reaction', '1')]","[('speaker_sentiment', 'positive'), ('arousal_speaker', 0.0389933176073816), ('dominance_speaker', 0.113090909090909), ('s_word_len', 30.0)]"
0.1321818181818181,0.5196363636363638,2,positive,1,0,0,5,57.0,36.0,-0.1527,0.4262,2,positive,0.1402,0.4209090909090909,1.0,2.0,sub_4_conv_2,"I think he does. He's going to... He has been doing great so far, but yeah, I think this is like the big test, you know? He's going to check his performance against like other kids that are right now in some manner like professional so I think he's I'm hoping he does really well you know",yeah I also hope all the best for him as well great for him to like challenge himself to be a very big challenge I think this is also a great time to improve his capabilities,0.0838702823817082,-0.0818378682274885,0.3644698460891766,-0.0921685373826496,0,0,1,0.294783437716969,0.0913729329230544,0.0128991976671957,0.0705734922407581,0,sub_4_conv_2,1,2,2,1,2,1,2,1,1,2,2,1,2,1,2,1,1,2,1,"[('emotional_reaction', '1'), ('l_word_len', 36.0), ('sentiment', 'positive'), ('valence_listener', 0.5196363636363638)]","[('emotional_reaction', '1'), ('l_word_len', 36.0), ('sentiment', 'positive'), ('valence_listener', 0.5196363636363638)]","[('speaker_sentiment', 'positive'), ('valence_speaker', 0.4262), ('s_word_len', 57.0), ('dominance_speaker', 0.1402)]","[('emotional_reaction', '1'), ('l_word_len', 36.0), ('sentiment', 'positive'), ('valence_listener', 0.0913729329230544)]","[('emotional_reaction', '1'), ('l_word_len', 36.0), ('sentiment', 'positive'), ('valence_listener', 0.0913729329230544)]","[('speaker_sentiment', 'positive'), ('valence_speaker', 0.0705734922407581), ('s_word_len', 57.0), ('dominance_speaker', 0.1402)]"
-0.177,0.2362857142857143,2,negative,2,2,0,6,82.0,74.0,-0.1766451612903225,0.202258064516129,0,negative,-0.1200645161290322,-0.1247857142857142,1.0,1.0,sub_4_conv_3,"So one of the things that frustrates me a lot, particularly about my family, is that they can never get along. They never like... even in things that are very minor, like choosing what to eat in a family gathering they can never choose a single thing they always have like very different ideas and it's really frustrating because sometimes I have to cook and I have to cook like seven different dishes so it's it's really really something that's frustrating about","Wow, I can really feel you man. I usually cook by myself and I already feel that sometimes it's a bit too much especially after a long day of working, coming back, having to cook just for yourself. It's already been tiring. I cannot imagine how you have to cook like seven people and it's not just one or two dishes, seven different dishes, different ingredients, everything. well, that must be a big pain",-0.1355237209365631,-0.1026744844578019,0.20150134509622,0.11860726097815,0,0,0,0.0879509415673539,0.1539107969704193,-0.1478601530426909,-0.0111947197656225,0,sub_4_conv_3,1,2,2,1,2,1,2,1,1,2,2,1,2,1,2,1,1,2,1,"[('emotional_reaction', '2'), ('s_word_len', 82.0), ('dominance_listener', -0.1247857142857142), ('sentiment', 'negative')]","[('emotional_reaction', '2'), ('dominance_listener', -0.1247857142857142), ('sentiment', 'negative'), ('interpretations', '2')]","[('s_word_len', 82.0), ('dominance_speaker', -0.1200645161290322), ('valence_speaker', 0.202258064516129), ('arousal_speaker', -0.1766451612903225)]","[('emotional_reaction', '2'), ('s_word_len', 82.0), ('dominance_listener', -0.1247857142857142), ('sentiment', 'negative')]","[('emotional_reaction', '2'), ('dominance_listener', -0.1247857142857142), ('sentiment', 'negative'), ('interpretations', '2')]","[('s_word_len', 82.0), ('dominance_speaker', -0.1200645161290322), ('valence_speaker', -0.0111947197656225), ('arousal_speaker', -0.1478601530426909)]"
-0.1723125,0.379,1,positive,1,1,1,8,59.0,76.0,-0.051,0.2803,0,negative,0.0472,0.0774375,1.0,1.0,sub_4_conv_3,"yeah, and I guess I shouldn't be this angry about it but like, after working, after having to do stuff all day you get home and everyone's supposed to come over and like socialize with each other and they're like, oh no, I don't want this, no, I don't want that It's... it kind of gets frustrating, you know?","Yeah, I can see how you feel. I think that's also definitely a big problem. Living in a big family that you're having right now, seven people, all living together, everyone has different ideas. That's kind of unavoidable, I think, because everyone's different. How about you like asking everyone to agree with something beforehand like few days beforehand for example so that at least you have some preparations. I think that would help a little bit.",0.0182369920580535,0.0086732111941043,0.0969326567143732,0.037230213930924,0,0,1,0.0161591097000612,0.1397611497516468,-0.0025341055593625,0.090161247835873,0,sub_4_conv_3,1,2,2,1,2,1,2,1,1,2,2,1,2,1,2,1,1,2,1,"[('l_word_len', 76.0), ('sentiment', 'positive'), ('speaker_sentiment', 'negative'), ('s_word_len', 59.0)]","[('l_word_len', 76.0), ('sentiment', 'positive'), ('emotional_reaction', '1'), ('arousal_listener', -0.1723125)]","[('speaker_sentiment', 'negative'), ('s_word_len', 59.0), ('valence_speaker', 0.2803), ('arousal_speaker', -0.051)]","[('l_word_len', 76.0), ('sentiment', 'positive'), ('speaker_sentiment', 'negative'), ('s_word_len', 59.0)]","[('l_word_len', 76.0), ('sentiment', 'positive'), ('emotional_reaction', '1'), ('arousal_listener', 0.0161591097000612)]","[('speaker_sentiment', 'negative'), ('s_word_len', 59.0), ('valence_speaker', 0.090161247835873), ('arousal_speaker', -0.0025341055593625)]"
-0.1964374999999999,0.2729999999999999,1,positive,1,1,0,4,45.0,91.0,-0.2809333333333333,0.2814666666666666,0,neutral,0.0194666666666666,0.0354375,1.0,1.0,sub_4_conv_3,"I think so. Yeah, I think that would, that could work. I... at this point I have tried a lot of things but I guess I have to be patient with them because everyone's different but yeah that's something I will be trying I guess.","Yeah that's true I mean it's your family members, people are closest to you so just be open I think they should be listening to you as well. If they care about you. And I believe in the end, you find the same voice in certain things. It's not like you're forcing everyone to eat the same thing, but maybe have at least some agreement. Like maybe eating chicken, just prepared differently. Not eating like someone eat fish, someone shrimp, someone beef, at the same time. That would be a nightmare.",-0.0569365179582926,-0.0219389551642422,0.1491408861522989,0.021480559367611,0,0,0,0.0454673703066092,0.0969363915573276,-0.1241355625708048,0.0690827313850304,0,sub_4_conv_3,1,2,2,1,2,1,2,1,1,2,2,1,2,1,2,1,1,2,1,"[('emotional_reaction', '1'), ('l_word_len', 91.0), ('dominance_listener', 0.0354375), ('s_word_len', 45.0)]","[('emotional_reaction', '1'), ('l_word_len', 91.0), ('dominance_listener', 0.0354375), ('valence_listener', 0.2729999999999999)]","[('s_word_len', 45.0), ('arousal_speaker', -0.2809333333333333), ('speaker_sentiment', 'neutral'), ('valence_speaker', 0.2814666666666666)]","[('emotional_reaction', '1'), ('l_word_len', 91.0), ('dominance_listener', 0.0354375), ('s_word_len', 45.0)]","[('emotional_reaction', '1'), ('l_word_len', 91.0), ('dominance_listener', 0.0354375), ('valence_listener', 0.0969363915573276)]","[('s_word_len', 45.0), ('arousal_speaker', -0.1241355625708048), ('speaker_sentiment', 'neutral'), ('valence_speaker', 0.0690827313850304)]"
-0.1219512195121951,0.462780487804878,0,positive,1,1,0,9,51.0,98.0,-0.1797142857142857,0.4522857142857144,2,positive,0.1547142857142856,0.1770731707317072,1.0,2.0,sub_4_conv_5,yeah it's really good to be able to trust your friends you know it's something really nice that you know that you have someone to fall back on and that they will always be there for you we should be really grateful that there are people like that in the world,I think yeah that's true yeah I feel like also connections in the modern world kind of like fading away people have less and less and less time together like with all the things around like work going on too many connections like they're too easy to meet many people right now but it's feel more difficult to build like strong deeper connections that you can trust each other so something like that that you experience really rare and really something I wish I can cherish so everyone should be able to have such friends in their life,-0.0511433847583282,-0.0827708180910989,0.3089307684001283,0.0280149568978441,0,1,0,0.1796661720264312,0.1584446161699543,-0.0897146550451154,0.0777461416219451,0,sub_4_conv_5,1,2,2,1,2,1,2,1,1,2,2,1,2,1,2,1,1,2,1,"[('l_word_len', 98.0), ('valence_listener', 0.462780487804878), ('dominance_listener', 0.1770731707317072), ('arousal_listener', -0.1219512195121951)]","[('l_word_len', 98.0), ('valence_listener', 0.462780487804878), ('dominance_listener', 0.1770731707317072), ('arousal_listener', -0.1219512195121951)]","[('s_word_len', 51.0), ('speaker_sentiment', 'positive'), ('valence_speaker', 0.4522857142857144), ('arousal_speaker', -0.1797142857142857)]","[('l_word_len', 98.0), ('valence_listener', 0.1584446161699543), ('dominance_listener', 0.1770731707317072), ('arousal_listener', 0.1796661720264312)]","[('l_word_len', 98.0), ('valence_listener', 0.1584446161699543), ('dominance_listener', 0.1770731707317072), ('arousal_listener', 0.1796661720264312)]","[('s_word_len', 51.0), ('speaker_sentiment', 'positive'), ('valence_speaker', 0.0777461416219451), ('arousal_speaker', -0.0897146550451154)]"
-0.2210588235294117,0.2650588235294118,1,positive,1,1,1,1,50.0,56.0,-0.1684,0.2897333333333333,0,positive,-0.0070666666666666,0.0503529411764705,1.0,2.0,sub_4_conv_6,"So I feel really happy that all the things that I ordered from a store online actually arrived early. This was a few months ago, but they arrived early and everything was in perfect condition. And they arrived like one week before they were supposed to. So that's really great.","Wow, that's something that's something a surprise for me. Like for your order to come one week early, that's something not expected definitely. Usually we expect that they come either on time or in some case even later than they're supposed to be. And definitely that's something to be happy with. What did you buy anyway?",-0.0065039877472289,-0.0207915060363738,0.2782457983736617,-0.0030923939054865,0,0,0,0.1284544118027396,0.077352971324983,-0.0550727914230602,0.0723659457745383,0,sub_4_conv_6,1,2,2,1,2,1,2,1,1,2,2,1,2,1,2,1,1,2,1,"[('l_word_len', 56.0), ('s_word_len', 50.0), ('dominance_listener', 0.0503529411764705), ('arousal_speaker', -0.1684)]","[('l_word_len', 56.0), ('dominance_listener', 0.0503529411764705), ('sentiment', 'positive'), ('emotional_reaction', '1')]","[('s_word_len', 50.0), ('arousal_speaker', -0.1684), ('speaker_sentiment', 'positive'), ('valence_speaker', 0.2897333333333333)]","[('l_word_len', 56.0), ('s_word_len', 50.0), ('dominance_listener', 0.0503529411764705), ('arousal_speaker', -0.0550727914230602)]","[('l_word_len', 56.0), ('dominance_listener', 0.0503529411764705), ('sentiment', 'positive'), ('emotional_reaction', '1')]","[('s_word_len', 50.0), ('arousal_speaker', -0.0550727914230602), ('speaker_sentiment', 'positive'), ('valence_speaker', 0.0723659457745383)]"
0.02,0.4944999999999999,1,positive,1,1,0,7,54.0,49.0,-0.0821538461538461,0.4115384615384615,0,positive,0.1586153846153846,0.384125,1.0,2.0,sub_4_conv_6,I was buying some motorcycle parts like I don't think they make them anymore so I ordered from collectors but they actually arrived early and I didn't think that was going to happen because it's from from some place in Europe they they arrived and everything was in perfect order and everything was alright,well that's even more impressive actually like sending everything across the continent in orders and in perfect conditions all that this guy really knows how to do business and well I guess they win a new customer from now on yeah I'm glad that you happy with your purchase,-0.0332907603306746,-0.0637882420535923,0.2725135746133886,0.065352044869604,0,1,0,0.196759502229372,0.1940964314087228,-0.047949686077626,0.0788097690240238,0,sub_4_conv_6,1,2,2,1,2,1,2,1,1,2,2,1,2,1,2,1,1,2,1,"[('emotional_reaction', '1'), ('l_word_len', 49.0), ('dominance_listener', 0.384125), ('intent', '7')]","[('emotional_reaction', '1'), ('l_word_len', 49.0), ('dominance_listener', 0.384125), ('intent', '7')]","[('dominance_speaker', 0.1586153846153846), ('speaker_sentiment', 'positive'), ('arousal_speaker', -0.0821538461538461), ('valence_speaker', 0.4115384615384615)]","[('emotional_reaction', '1'), ('l_word_len', 49.0), ('dominance_listener', 0.384125), ('intent', '7')]","[('emotional_reaction', '1'), ('l_word_len', 49.0), ('dominance_listener', 0.384125), ('intent', '7')]","[('dominance_speaker', 0.1586153846153846), ('speaker_sentiment', 'positive'), ('arousal_speaker', -0.047949686077626), ('valence_speaker', 0.0788097690240238)]"
-0.235,0.3393333333333332,2,neutral,1,1,1,1,117.0,40.0,-0.1106285714285714,0.1851999999999999,0,negative,0.0149714285714285,-0.0144999999999999,1.0,1.0,sub_4_conv_7,"One of the experiences that I have had while working from home that actually really spooked me was when I was late at night working on something and I was already kind of sleepy and stuff but I was just minding my own business and suddenly I hear like a big crash against my window and I was really really spooked I thought someone had like thrown a stone or something or someone was trying to get in the house and I really felt scared and it turns out it was a bat, a bat flew right to the window and I mean I'm kind of scaredof bats but it was mostly the surprise and the spook",what an experience you have there yeah and it's like you said it's in the middle of the night right it must be everything is quiet and suddenly you hear the sound on your windows and was it in mexico,-0.1160142980883914,-0.0755663181010186,0.4358954927691907,0.3234185892854219,0,1,0,0.2346268449384334,0.3281930124997952,-0.1143985800904454,0.0026635773292869,0,sub_4_conv_7,1,2,2,1,2,1,2,1,1,2,2,1,0,0,0,0,1,2,1,"[('emotional_reaction', '1'), ('sentiment', 'neutral'), ('valence_speaker', 0.1851999999999999), ('l_word_len', 40.0)]","[('emotional_reaction', '1'), ('sentiment', 'neutral'), ('l_word_len', 40.0), ('intent', '1')]","[('valence_speaker', 0.1851999999999999), ('arousal_speaker', -0.1106285714285714), ('s_word_len', 117.0), ('dominance_speaker', 0.0149714285714285)]","[('l_word_len', 40.0), ('emotional_reaction', '1'), ('valence_speaker', 0.0026635773292869), ('sentiment', 'neutral')]","[('l_word_len', 40.0), ('emotional_reaction', '1'), ('sentiment', 'neutral'), ('intent', '1')]","[('valence_speaker', 0.0026635773292869), ('s_word_len', 117.0), ('dominance_speaker', 0.0149714285714285), ('arousal_speaker', -0.1143985800904454)]"
0.037,0.17,1,neutral,0,0,1,1,64.0,23.0,-0.2990000000000001,0.3754444444444444,0,neutral,-0.0652222222222222,0.1976666666666666,1.0,1.0,sub_4_conv_7,yeah it was like when i wasn't here it was um like in the middle of nowhere basically like in in uh the countryside and everything was completely quiet like you said it was very peaceful and suddenly you hear someone trying something like it sounds like someone trying to get into the house but it was just a bat being blind i guess,yeah what an experience So did you check out what happened after that? Like did you check out the bat or call anyone?,-0.1292160115286151,-0.0071070473739569,0.3331279458387407,0.1770754232456214,1,0,0,0.2442895620871185,0.174952796271935,-0.1801512080700306,0.1076584001715635,1,sub_4_conv_7,1,2,2,1,2,1,2,1,0,0,0,0,0,0,0,0,1,2,1,"[('l_word_len', 23.0), ('emotional_reaction', '0'), ('dominance_speaker', -0.0652222222222222), ('s_word_len', 64.0)]","[('l_word_len', 23.0), ('emotional_reaction', '0'), ('sentiment', 'neutral'), ('arousal_listener', 0.037)]","[('dominance_speaker', -0.0652222222222222), ('s_word_len', 64.0), ('valence_speaker', 0.3754444444444444), ('arousal_speaker', -0.2990000000000001)]","[('l_word_len', 23.0), ('emotional_reaction', '0'), ('dominance_speaker', -0.0652222222222222), ('s_word_len', 64.0)]","[('l_word_len', 23.0), ('emotional_reaction', '0'), ('sentiment', 'neutral'), ('arousal_listener', 0.2442895620871185)]","[('dominance_speaker', -0.0652222222222222), ('s_word_len', 64.0), ('valence_speaker', 0.1076584001715635), ('arousal_speaker', -0.1801512080700306)]"
-0.0994285714285714,0.0842857142857142,0,negative,1,0,0,9,66.0,13.0,-0.103578947368421,0.0107368421052631,0,neutral,0.0394736842105263,0.034,1.0,1.0,sub_4_conv_7,Yeah I did check that the bat was... I went outside because I didn't know if someone was... or something was wrong. I saw yeah I actually saw the bat like trying to still trying to get into the house by flying into the windows but yeah at that point I mean it's just an animal so I let it be but it was pretty spooky,"yeah I know like Spooky experience, middle of the night with the bat.",-0.0909173077830237,-0.0491232779473101,0.1932576855924079,0.1175249906743994,0,1,0,0.105451808486114,0.1075532077577938,-0.0947157996586429,-0.0311652419315381,0,sub_4_conv_7,1,2,2,1,2,1,2,1,1,1,1,1,1,1,2,1,0,0,1,"[('l_word_len', 13.0), ('emotional_reaction', '1'), ('s_word_len', 66.0), ('valence_speaker', 0.0107368421052631)]","[('l_word_len', 13.0), ('emotional_reaction', '1'), ('dominance_listener', 0.034), ('intent', '9')]","[('s_word_len', 66.0), ('valence_speaker', 0.0107368421052631), ('speaker_sentiment', 'neutral'), ('arousal_speaker', -0.103578947368421)]","[('l_word_len', 13.0), ('emotional_reaction', '1'), ('s_word_len', 66.0), ('valence_speaker', -0.0311652419315381)]","[('l_word_len', 13.0), ('emotional_reaction', '1'), ('dominance_listener', 0.034), ('intent', '9')]","[('s_word_len', 66.0), ('valence_speaker', -0.0311652419315381), ('speaker_sentiment', 'neutral'), ('arousal_speaker', -0.0947157996586429)]"
-0.2073999999999999,0.2395999999999999,1,negative,1,1,1,1,32.0,37.0,-0.3186666666666667,0.1371111111111111,0,negative,-0.1182222222222222,-0.0102,1.0,2.0,sub_4_conv_8,"So, one of the things that has made me sad is the fact that my brother made a promise to me and he ended up just breaking it without a second thought.","Oh, I didn't expect that to happen to you. Did he say or explain to you what happened? Or like he just completely forgot about it and just like let it slide by without saying any word?",-0.0544806340148378,-0.349185481413569,0.2359130299759893,0.2028858244629304,0,0,0,0.1029191209831925,0.2139000771240512,-0.1337364438103865,-0.2032965036561649,0,sub_4_conv_8,1,2,2,1,2,1,2,1,1,2,2,1,2,1,2,1,1,2,1,"[('emotional_reaction', '1'), ('valence_speaker', 0.1371111111111111), ('dominance_listener', -0.0102), ('l_word_len', 37.0)]","[('emotional_reaction', '1'), ('dominance_listener', -0.0102), ('l_word_len', 37.0), ('sentiment', 'negative')]","[('valence_speaker', 0.1371111111111111), ('s_word_len', 32.0), ('speaker_sentiment', 'negative'), ('arousal_speaker', -0.3186666666666667)]","[('emotional_reaction', '1'), ('valence_speaker', -0.2032965036561649), ('dominance_listener', -0.0102), ('l_word_len', 37.0)]","[('emotional_reaction', '1'), ('dominance_listener', -0.0102), ('l_word_len', 37.0), ('sentiment', 'negative')]","[('valence_speaker', -0.2032965036561649), ('s_word_len', 32.0), ('speaker_sentiment', 'negative'), ('arousal_speaker', -0.1337364438103865)]"
0.0172,0.2944,1,neutral,1,0,1,1,65.0,13.0,-0.0531538461538461,0.1136153846153846,0,negative,0.0037692307692307,-0.074,1.0,0.0,sub_5_conv_1,"Okay. So, one of the things that really disgusts me is when people take advantage of each other. And a really disgusting situation was when a former friend of mine told me that he steals money from his 5 year old saving jar Just to use them for like public transport and stuff. But I mean, that is like, I think that's pretty disgusting behavior.","Yeah, that sounds pretty weird, but why do you think he does that?",-0.1156721149724916,0.0283045358173273,-0.0769441589783923,0.2016209911023495,1,0,1,-0.0487009112848746,0.2294546937716446,-0.0969166343268979,0.0538977904567445,1,sub_5_conv_1,1,2,2,1,2,1,2,1,1,1,1,1,1,1,2,1,1,2,0,"[('l_word_len', 13.0), ('emotional_reaction', '1'), ('valence_speaker', 0.1136153846153846), ('intent', '1')]","[('l_word_len', 13.0), ('emotional_reaction', '1'), ('intent', '1'), ('sentiment', 'neutral')]","[('valence_speaker', 0.1136153846153846), ('s_word_len', 65.0), ('arousal_speaker', -0.0531538461538461), ('dominance_speaker', 0.0037692307692307)]","[('l_word_len', 13.0), ('emotional_reaction', '1'), ('valence_speaker', 0.0538977904567445), ('intent', '1')]","[('l_word_len', 13.0), ('emotional_reaction', '1'), ('intent', '1'), ('sentiment', 'neutral')]","[('valence_speaker', 0.0538977904567445), ('s_word_len', 65.0), ('arousal_speaker', -0.0969166343268979), ('dominance_speaker', 0.0037692307692307)]"
-0.2645,0.1495,2,neutral,0,0,1,1,52.0,17.0,-0.2241111111111111,0.2567777777777777,2,neutral,-0.1248888888888889,-0.2224999999999999,1.0,0.0,sub_5_conv_1,"He told me that he, like, when he goes outside, he usually forgets to take change for, like, the bus or whatever. And he says that since his five-year-old savings jar is there, like, he just takes it because, Like that's at the end of the day his money, not his kids.","Does he put back something in it or like, is it just always taking stuff from it?",-0.115705442819516,0.0038553828959824,-0.1923642667171261,0.0677023297137893,1,0,1,-0.2140049867019882,0.0922416307996525,-0.1482271433069945,0.079732101360521,1,sub_5_conv_1,1,2,2,1,2,1,2,1,1,2,2,1,2,1,0,0,1,1,0,"[('l_word_len', 17.0), ('dominance_listener', -0.2224999999999999), ('dominance_speaker', -0.1248888888888889), ('valence_speaker', 0.2567777777777777)]","[('l_word_len', 17.0), ('dominance_listener', -0.2224999999999999), ('emotional_reaction', '0'), ('sentiment', 'neutral')]","[('dominance_speaker', -0.1248888888888889), ('valence_speaker', 0.2567777777777777), ('arousal_speaker', -0.2241111111111111), ('s_word_len', 52.0)]","[('l_word_len', 17.0), ('dominance_listener', -0.2224999999999999), ('dominance_speaker', -0.1248888888888889), ('valence_speaker', 0.079732101360521)]","[('l_word_len', 17.0), ('dominance_listener', -0.2224999999999999), ('emotional_reaction', '0'), ('sentiment', 'neutral')]","[('dominance_speaker', -0.1248888888888889), ('valence_speaker', 0.079732101360521), ('arousal_speaker', -0.1482271433069945), ('s_word_len', 52.0)]"
0.3306666666666666,0.1406666666666667,2,negative,1,1,0,6,13.0,7.0,-0.1725,0.204,2,negative,-0.2715,-0.0953333333333333,0.0,0.0,sub_5_conv_1,"Oh, he told me he only takes stuff. He never puts anything back.","Yeah, that sounds horrible. It's pretty douchey",-0.0414766817527794,-0.0401447071065547,0.245000694037154,0.1525741855560254,1,0,0,0.2707004858260078,0.1490019298892178,-0.0807836772269455,0.0330987050254117,1,sub_5_conv_1,1,2,2,1,2,1,2,1,1,2,2,1,0,0,2,1,1,2,0,"[('l_word_len', 7.0), ('emotional_reaction', '1'), ('s_word_len', 13.0), ('arousal_listener', 0.3306666666666666)]","[('l_word_len', 7.0), ('emotional_reaction', '1'), ('arousal_listener', 0.3306666666666666), ('intent', '6')]","[('s_word_len', 13.0), ('speaker_sentiment', 'negative'), ('valence_speaker', 0.204), ('arousal_speaker', -0.1725)]","[('l_word_len', 7.0), ('emotional_reaction', '1'), ('s_word_len', 13.0), ('arousal_listener', 0.2707004858260078)]","[('l_word_len', 7.0), ('emotional_reaction', '1'), ('arousal_listener', 0.2707004858260078), ('dominance_listener', -0.0953333333333333)]","[('s_word_len', 13.0), ('valence_speaker', 0.0330987050254117), ('arousal_speaker', -0.0807836772269455), ('speaker_sentiment', 'negative')]"
-0.1786666666666666,0.2239999999999999,1,neutral,0,0,0,9,70.0,9.0,-0.1106153846153845,0.2333846153846154,0,negative,0.0319230769230769,-0.0306666666666666,1.0,0.0,sub_5_conv_2,"One of the things that makes me angry, and it's really really simple, is my internet right now. It's been pretty choppy and I can't... It can upload large files, but when I try to watch a YouTube video it's like in the lowest resolution possible and it makes no sense and I have tried to call the company but they can't help me and it's really frustrating, you know?",Did you try clearing the cache of your browser?,0.1165277891255313,-0.0485506391898736,0.4250582579777151,0.5240267502462406,1,0,0,0.2439407805844005,0.4340187251723684,0.0483848370032565,0.0360299371824731,1,sub_5_conv_2,0,0,0,0,0,0,0,0,0,0,1,1,0,0,2,1,1,1,0,"[('l_word_len', 9.0), ('dominance_listener', -0.0306666666666666), ('intent', '9'), ('valence_speaker', 0.2333846153846154)]","[('l_word_len', 9.0), ('dominance_listener', -0.0306666666666666), ('intent', '9'), ('valence_listener', 0.2239999999999999)]","[('valence_speaker', 0.2333846153846154), ('s_word_len', 70.0), ('arousal_speaker', -0.1106153846153845), ('dominance_speaker', 0.0319230769230769)]","[('l_word_len', 9.0), ('dominance_listener', -0.0306666666666666), ('intent', '9'), ('valence_speaker', 0.0360299371824731)]","[('l_word_len', 9.0), ('dominance_listener', -0.0306666666666666), ('intent', '9'), ('valence_listener', 0.4340187251723684)]","[('valence_speaker', 0.0360299371824731), ('s_word_len', 70.0), ('arousal_speaker', 0.0483848370032565), ('dominance_speaker', 0.0319230769230769)]"
-0.1011428571428571,0.1485714285714285,2,neutral,0,0,1,1,20.0,20.0,-0.106,0.282,0,neutral,0.1113333333333333,-0.0842857142857143,1.0,0.0,sub_5_conv_2,I haven't tried that but Maybe I should do that. I don't know if that will make a difference though,"Sometimes that causes some issue, but like you can always try that. But yeah, like what network are you using?",0.0671180933212991,-0.23214369407549,0.0553875553147325,0.3040569078752687,0,1,0,0.0084284315774556,0.2574112640841166,0.0151826653249093,-0.0779005858528429,0,sub_5_conv_2,1,2,2,1,2,1,2,1,1,2,2,1,2,1,2,1,1,2,0,"[('l_word_len', 20.0), ('sentiment', 'neutral'), ('dominance_listener', -0.0842857142857143), ('dominance_speaker', 0.1113333333333333)]","[('l_word_len', 20.0), ('sentiment', 'neutral'), ('dominance_listener', -0.0842857142857143), ('emotional_reaction', '0')]","[('dominance_speaker', 0.1113333333333333), ('s_word_len', 20.0), ('valence_speaker', 0.282), ('arousal_speaker', -0.106)]","[('l_word_len', 20.0), ('sentiment', 'neutral'), ('dominance_listener', -0.0842857142857143), ('dominance_speaker', 0.1113333333333333)]","[('l_word_len', 20.0), ('sentiment', 'neutral'), ('dominance_listener', -0.0842857142857143), ('emotional_reaction', '0')]","[('dominance_speaker', 0.1113333333333333), ('s_word_len', 20.0), ('valence_speaker', -0.0779005858528429), ('arousal_speaker', 0.0151826653249093)]"
0.0,0.0,1,neutral,0,0,0,1,11.0,7.0,-0.2075,0.422,0,negative,0.0834999999999999,0.0,0.0,0.0,sub_5_conv_2,"Oh, the home network from my apartment and it's not working.",How much are you paying for it?,-0.0682346798804027,-0.0414604623484982,0.0541041489144863,0.2137167745458298,0,0,0,0.0378729042401404,0.1496017421820808,-0.1100142759162818,0.0975776763560512,0,sub_5_conv_2,1,2,2,1,2,1,2,1,1,1,1,1,0,0,2,1,1,1,0,"[('emotional_reaction', '0'), ('l_word_len', 7.0), ('arousal_speaker', -0.2075), ('s_word_len', 11.0)]","[('emotional_reaction', '0'), ('l_word_len', 7.0), ('arousal_listener', 0.0), ('dominance_listener', 0.0)]","[('arousal_speaker', -0.2075), ('s_word_len', 11.0), ('valence_speaker', 0.422), ('dominance_speaker', 0.0834999999999999)]","[('dominance_speaker', 0.0834999999999999), ('l_word_len', 7.0), ('emotional_reaction', '0'), ('arousal_speaker', -0.1100142759162818)]","[('l_word_len', 7.0), ('emotional_reaction', '0'), ('valence_listener', 0.1496017421820808), ('dominance_listener', 0.0)]","[('dominance_speaker', 0.0834999999999999), ('arousal_speaker', -0.1100142759162818), ('s_word_len', 11.0), ('valence_speaker', 0.0975776763560512)]"
-0.131,0.333,1,neutral,0,0,0,8,6.0,13.0,-0.46,0.448,0,negative,0.586,-0.038,1.0,0.0,sub_5_conv_2,"I'm not sure actually, it's just...","Then I guess you have like a cheap network man, get it upgraded.",0.1182489965954897,-0.0793695594946232,0.0198318571143403,0.0,1,0,1,-0.0254177000199618,0.0999,-0.0552257023831572,0.0788413083537638,1,sub_5_conv_2,1,2,2,1,0,0,0,0,0,0,0,0,0,0,0,0,0,0,0,"[('l_word_len', 13.0), ('emotional_reaction', '0'), ('s_word_len', 6.0), ('arousal_speaker', -0.46)]","[('l_word_len', 13.0), ('emotional_reaction', '0'), ('arousal_listener', -0.131), ('sentiment', 'neutral')]","[('s_word_len', 6.0), ('arousal_speaker', -0.46), ('valence_speaker', 0.448), ('dominance_speaker', 0.586)]","[('l_word_len', 13.0), ('emotional_reaction', '0'), ('s_word_len', 6.0), ('arousal_speaker', -0.0552257023831572)]","[('l_word_len', 13.0), ('emotional_reaction', '0'), ('arousal_listener', -0.0254177000199618), ('sentiment', 'neutral')]","[('s_word_len', 6.0), ('arousal_speaker', -0.0552257023831572), ('valence_speaker', 0.0788413083537638), ('dominance_speaker', 0.586)]"
-0.264,0.876,1,positive,1,0,0,7,46.0,7.0,-0.0783333333333333,0.5235555555555557,0,positive,0.2710000000000001,0.068,1.0,0.0,sub_5_conv_3,So I'm pretty optimistic about my future right now. I feel that whatever's coming next I will be able to tackle it perfectly. I think having positive thoughts about the future is a really nice thing. So I'm looking forward for like the next few years.,"Good for you, good for you man.",-0.0441534074380692,-0.1398195240037306,0.668180429385837,0.2489030425761808,0,1,0,0.3885263005700858,0.4370321298033265,-0.0544073852066484,0.0591929998640552,0,sub_5_conv_3,1,2,2,1,2,1,2,1,1,1,1,1,0,0,2,1,1,1,0,"[('l_word_len', 7.0), ('s_word_len', 46.0), ('intent', '7'), ('valence_speaker', 0.5235555555555557)]","[('l_word_len', 7.0), ('intent', '7'), ('emotional_reaction', '1'), ('sentiment', 'positive')]","[('s_word_len', 46.0), ('valence_speaker', 0.5235555555555557), ('speaker_sentiment', 'positive'), ('arousal_speaker', -0.0783333333333333)]","[('l_word_len', 7.0), ('arousal_speaker', -0.0544073852066484), ('dominance_listener', 0.068), ('valence_speaker', 0.0591929998640552)]","[('l_word_len', 7.0), ('dominance_listener', 0.068), ('emotional_reaction', '1'), ('arousal_listener', 0.3885263005700858)]","[('arousal_speaker', -0.0544073852066484), ('valence_speaker', 0.0591929998640552), ('speaker_sentiment', 'positive'), ('s_word_len', 46.0)]"
-0.0039999999999999,0.686,1,positive,1,1,0,3,30.0,13.0,-0.2083076923076922,0.3203076923076924,0,positive,0.0393846153846153,0.3134285714285714,1.0,0.0,sub_5_conv_3,"Yeah, it's like pretty great honestly. I don't know if like things will go my way, but we have to put trust on that things will go well sometimes, right?","Yeah, that's great to hear, like you have a positive outlook on life.",-0.1164805214358472,-0.1697781679363981,0.224797330870079,0.1189412107670621,1,1,0,0.1561581316090552,0.2890588475369435,-0.1440286726974007,-0.0227524098631709,1,sub_5_conv_3,1,2,2,1,2,1,2,1,1,2,2,1,2,1,2,1,1,2,0,"[('speaker_sentiment', 'positive'), ('who', '1'), ('l_word_len', 13.0), ('dominance_speaker', 0.0393846153846153)]","[('who', '1'), ('l_word_len', 13.0), ('emotional_reaction', '1'), ('sentiment', 'positive')]","[('speaker_sentiment', 'positive'), ('dominance_speaker', 0.0393846153846153), ('arousal_speaker', -0.2083076923076922), ('valence_speaker', 0.3203076923076924)]","[('speaker_sentiment', 'positive'), ('who', '1'), ('l_word_len', 13.0), ('dominance_speaker', 0.0393846153846153)]","[('who', '1'), ('l_word_len', 13.0), ('emotional_reaction', '1'), ('sentiment', 'positive')]","[('speaker_sentiment', 'positive'), ('dominance_speaker', 0.0393846153846153), ('arousal_speaker', -0.1440286726974007), ('valence_speaker', -0.0227524098631709)]"
-0.3799999999999999,0.218,1,neutral,0,0,1,1,49.0,29.0,-0.19075,0.27825,0,positive,-0.0542499999999999,-0.1648333333333333,1.0,0.0,sub_5_conv_4,One of the things that surprised me today was that I was able to wake up before my alarm. usually I sleep in but today I just woke up and checked the clock and it was like five minutes before my alarm which is which was neat I think.,How is that possible like you always like snooze it five to ten times before you actually like wake up? Did you sleep early tonight or yesterday or what?,0.0884449649421251,-0.1492544856382825,0.1439591520425314,0.1171398116489764,1,0,0,-0.013228593570228,0.1473978681542835,0.0046864754594875,-0.0210031399467977,1,sub_5_conv_4,1,2,2,1,2,1,2,1,1,2,2,1,0,0,0,0,1,2,0,"[('l_word_len', 29.0), ('dominance_speaker', -0.0542499999999999), ('sentiment', 'neutral'), ('dominance_listener', -0.1648333333333333)]","[('l_word_len', 29.0), ('sentiment', 'neutral'), ('dominance_listener', -0.1648333333333333), ('emotional_reaction', '0')]","[('dominance_speaker', -0.0542499999999999), ('s_word_len', 49.0), ('valence_speaker', 0.27825), ('arousal_speaker', -0.19075)]","[('l_word_len', 29.0), ('dominance_speaker', -0.0542499999999999), ('emotional_reaction', '0'), ('sentiment', 'neutral')]","[('l_word_len', 29.0), ('emotional_reaction', '0'), ('sentiment', 'neutral'), ('dominance_listener', -0.1648333333333333)]","[('dominance_speaker', -0.0542499999999999), ('arousal_speaker', 0.0046864754594875), ('s_word_len', 49.0), ('valence_speaker', -0.0210031399467977)]"
-0.1427272727272727,-0.1614545454545454,2,neutral,1,1,0,8,45.0,21.0,-0.1588421052631579,0.1265263157894736,0,positive,-0.1096842105263157,-0.192,0.0,0.0,sub_5_conv_4,No that's the funny thing like I actually only slept like six hours instead of the usual eight but I ended up waking up early and feeling refreshed and I think that's weird but I mean it's a welcome weird instead of a bad weird.,Maybe you ate something weird yesterday that's why sometimes stomach problems can cause people to have weird sleep-sick schedules or something.,0.1902424246871566,-0.1069366192016714,-0.0597226272292678,0.031986103893456,0,0,0,-0.0846240208786692,-0.0260460909109444,0.0855170657020622,-0.0368977387043278,0,sub_5_conv_4,1,2,2,1,2,1,2,1,1,1,1,1,0,0,2,1,1,2,0,"[('l_word_len', 21.0), ('emotional_reaction', '1'), ('sentiment', 'neutral'), ('valence_speaker', 0.1265263157894736)]","[('l_word_len', 21.0), ('emotional_reaction', '1'), ('sentiment', 'neutral'), ('intent', '8')]","[('valence_speaker', 0.1265263157894736), ('s_word_len', 45.0), ('arousal_speaker', -0.1588421052631579), ('dominance_speaker', -0.1096842105263157)]","[('l_word_len', 21.0), ('emotional_reaction', '1'), ('sentiment', 'neutral'), ('valence_speaker', -0.0368977387043278)]","[('l_word_len', 21.0), ('emotional_reaction', '1'), ('sentiment', 'neutral'), ('intent', '8')]","[('valence_speaker', -0.0368977387043278), ('s_word_len', 45.0), ('arousal_speaker', 0.0855170657020622), ('dominance_speaker', -0.1096842105263157)]"
-0.2513333333333333,0.2383333333333333,1,neutral,0,0,1,1,18.0,16.0,-0.1183333333333333,0.1643333333333333,0,neutral,0.1909999999999999,-0.2366666666666666,1.0,0.0,sub_5_conv_4,"Oh, I hadn't thought of that. I will be on the lookout if anything goes wrong, you know.","Okay. By the way, what did you eat yesterday? Did you drink a lot of coffee?",0.0684939538347693,-0.2296831092702506,0.04587914878802,0.1009681796311328,1,1,0,-0.0432845958483859,0.142177725741793,0.0124457676843384,-0.1114781764891754,1,sub_5_conv_4,1,2,2,1,2,1,2,1,1,1,1,1,1,1,1,1,1,1,0,"[('valence_listener', 0.2383333333333333), ('l_word_len', 16.0), ('emotional_reaction', '0'), ('dominance_listener', -0.2366666666666666)]","[('valence_listener', 0.2383333333333333), ('l_word_len', 16.0), ('emotional_reaction', '0'), ('dominance_listener', -0.2366666666666666)]","[('arousal_speaker', -0.1183333333333333), ('dominance_speaker', 0.1909999999999999), ('valence_speaker', 0.1643333333333333), ('s_word_len', 18.0)]","[('valence_listener', 0.142177725741793), ('l_word_len', 16.0), ('emotional_reaction', '0'), ('dominance_listener', -0.2366666666666666)]","[('valence_listener', 0.142177725741793), ('l_word_len', 16.0), ('emotional_reaction', '0'), ('dominance_listener', -0.2366666666666666)]","[('arousal_speaker', 0.0124457676843384), ('dominance_speaker', 0.1909999999999999), ('valence_speaker', -0.1114781764891754), ('s_word_len', 18.0)]"
0.0,0.0,2,neutral,0,0,0,9,10.0,4.0,0.0,0.0,0,neutral,0.0,0.0,0.0,0.0,sub_5_conv_4,"Um... No, well, yeah, I did. So maybe that's why.",There you have it.,0.2219655561945624,-0.3086268608058635,0.6373100586146372,0.3660272393328133,0,1,0,0.446117041030246,0.2562190675329693,0.1553758893361936,-0.2160388025641044,0,sub_5_conv_4,0,0,0,0,0,0,0,0,0,0,0,0,0,0,2,1,1,2,0,"[('valence_speaker', 0.0), ('s_word_len', 10.0), ('dominance_speaker', 0.0), ('l_word_len', 4.0)]","[('l_word_len', 4.0), ('sentiment', 'neutral'), ('dominance_listener', 0.0), ('valence_listener', 0.0)]","[('valence_speaker', 0.0), ('s_word_len', 10.0), ('dominance_speaker', 0.0), ('arousal_speaker', 0.0)]","[('valence_speaker', -0.2160388025641044), ('s_word_len', 10.0), ('dominance_speaker', 0.0), ('l_word_len', 4.0)]","[('l_word_len', 4.0), ('sentiment', 'neutral'), ('dominance_listener', 0.0), ('valence_listener', 0.2562190675329693)]","[('valence_speaker', -0.2160388025641044), ('s_word_len', 10.0), ('dominance_speaker', 0.0), ('arousal_speaker', 0.1553758893361936)]"
0.2437777777777777,-0.0548888888888888,1,neutral,1,0,1,6,75.0,24.0,-0.0151,0.0814999999999999,0,negative,-0.0754999999999999,0.0502222222222222,0.0,0.0,sub_5_conv_5,So yesterday I was walking at night and suddenly realized that it got cloudy really really fast and it started like lightning started to appear and thunder and everything so I was actually got really scared because I was far away from from home and if I were to be caught in the storm I would it wouldn't be the best thing so I was like fearing for my life while running to my house,did you get home before the storm or like did you end up actually being in the storm and lightning is pretty scary man,0.0586257045382892,-0.106880623727998,0.1667613474312004,0.1201012923217557,0,0,0,0.1898662765351736,0.0676042379585623,0.0365079931768024,-0.0503664366095985,0,sub_5_conv_5,1,2,2,1,2,1,2,1,1,1,1,1,0,0,0,0,0,0,0,"[('l_word_len', 24.0), ('emotional_reaction', '1'), ('intent', '6'), ('sentiment', 'neutral')]","[('l_word_len', 24.0), ('emotional_reaction', '1'), ('intent', '6'), ('sentiment', 'neutral')]","[('valence_speaker', 0.0814999999999999), ('s_word_len', 75.0), ('dominance_speaker', -0.0754999999999999), ('arousal_speaker', -0.0151)]","[('l_word_len', 24.0), ('emotional_reaction', '1'), ('sentiment', 'neutral'), ('valence_speaker', -0.0503664366095985)]","[('l_word_len', 24.0), ('emotional_reaction', '1'), ('sentiment', 'neutral'), ('intent', '6')]","[('valence_speaker', -0.0503664366095985), ('s_word_len', 75.0), ('dominance_speaker', -0.0754999999999999), ('arousal_speaker', 0.0365079931768024)]"
0.074,0.243,2,neutral,0,0,1,1,58.0,12.0,0.0233333333333333,0.0318666666666666,0,negative,-0.0617333333333333,0.3635,1.0,0.0,sub_5_conv_5,"yeah like I did make it and I don't think if there was a storm It was very late at night so I just went and slept. But yeah, the lightning was... I feel like it was really close. And I'm really afraid of getting struck by lightning. I know it's very rare, but it can happen, man.",Do you know of any incidents where it happened in real life?,0.1185349056345653,0.0123228758283087,0.1934561713513087,0.0770484875733393,0,0,1,0.157619319945916,0.1268339413013375,0.0899744339441957,0.018186013079816,0,sub_5_conv_5,1,2,2,1,2,1,2,1,0,0,0,0,0,0,2,1,1,2,0,"[('l_word_len', 12.0), ('emotional_reaction', '0'), ('dominance_speaker', -0.0617333333333333), ('arousal_listener', 0.074)]","[('l_word_len', 12.0), ('emotional_reaction', '0'), ('arousal_listener', 0.074), ('dominance_listener', 0.3635)]","[('dominance_speaker', -0.0617333333333333), ('valence_speaker', 0.0318666666666666), ('arousal_speaker', 0.0233333333333333), ('s_word_len', 58.0)]","[('l_word_len', 12.0), ('emotional_reaction', '0'), ('dominance_speaker', -0.0617333333333333), ('arousal_listener', 0.157619319945916)]","[('l_word_len', 12.0), ('emotional_reaction', '0'), ('arousal_listener', 0.157619319945916), ('dominance_listener', 0.3635)]","[('dominance_speaker', -0.0617333333333333), ('valence_speaker', 0.018186013079816), ('arousal_speaker', 0.0899744339441957), ('s_word_len', 58.0)]"
0.0883333333333333,0.0116666666666666,2,neutral,0,0,1,1,29.0,12.0,-0.1155,0.142,2,neutral,0.0484999999999999,-0.0056666666666666,0.0,0.0,sub_5_conv_5,yeah I actually know someone who was struck by lightning once but I mean they were fine but they had like um burns in some parts of their legs,wait like so you can survive when you get stuck by lightning,0.0686819086201911,-0.1880092959196341,0.2412364543924587,0.2666285290866519,0,0,0,0.195365518074721,0.1901399703606563,0.0134273360341337,-0.0890065071437438,0,sub_5_conv_5,1,2,2,1,2,1,2,1,1,1,1,1,1,1,2,1,0,0,0,"[('valence_listener', 0.0116666666666666), ('l_word_len', 12.0), ('emotional_reaction', '0'), ('arousal_listener', 0.0883333333333333)]","[('valence_listener', 0.0116666666666666), ('l_word_len', 12.0), ('emotional_reaction', '0'), ('arousal_listener', 0.0883333333333333)]","[('s_word_len', 29.0), ('arousal_speaker', -0.1155), ('dominance_speaker', 0.0484999999999999), ('valence_speaker', 0.142)]","[('valence_listener', 0.1901399703606563), ('l_word_len', 12.0), ('emotional_reaction', '0'), ('arousal_listener', 0.195365518074721)]","[('valence_listener', 0.1901399703606563), ('l_word_len', 12.0), ('emotional_reaction', '0'), ('arousal_listener', 0.195365518074721)]","[('s_word_len', 29.0), ('arousal_speaker', 0.0134273360341337), ('dominance_speaker', 0.0484999999999999), ('valence_speaker', -0.0890065071437438)]"
0.58,0.776,2,neutral,0,0,0,3,9.0,3.0,0.083,0.073,2,neutral,-0.213,0.384,1.0,0.0,sub_5_conv_5,yeah that's it's really rare but it does happen,oh that's surprising,0.0903089687036772,-0.1031647013910809,0.1231777144377368,-0.0488316991274684,0,1,1,0.2602244001064158,0.1986178106107721,0.088116278092574,-0.0503152909737566,0,sub_5_conv_5,0,0,0,0,0,0,0,0,0,0,0,0,0,0,1,1,1,1,0,"[('l_word_len', 3.0), ('arousal_speaker', 0.083), ('emotional_reaction', '0'), ('s_word_len', 9.0)]","[('l_word_len', 3.0), ('emotional_reaction', '0'), ('intent', '3'), ('sentiment', 'neutral')]","[('arousal_speaker', 0.083), ('s_word_len', 9.0), ('dominance_speaker', -0.213), ('valence_speaker', 0.073)]","[('l_word_len', 3.0), ('arousal_speaker', 0.088116278092574), ('emotional_reaction', '0'), ('s_word_len', 9.0)]","[('l_word_len', 3.0), ('emotional_reaction', '0'), ('intent', '3'), ('sentiment', 'neutral')]","[('arousal_speaker', 0.088116278092574), ('s_word_len', 9.0), ('dominance_speaker', -0.213), ('valence_speaker', -0.0503152909737566)]"
-0.1059999999999999,0.2892499999999999,1,neutral,0,0,1,1,59.0,17.0,-0.1551764705882353,0.0139999999999999,0,negative,-0.1527058823529412,0.09625,0.0,0.0,sub_5_conv_6,"So, one thing that made me sad, it was when I got one of the new bills and I was walking along, moving stuff from my wallet and it blew away by the wind and crossed the street and I just tried to chase after it but I couldn't make it and at the end I was really sad.","What? See, like what do you mean you couldn't catch it? Like how strong was the wind?",0.1008224010399855,-0.1579862844646115,-0.051764051792544,0.0296735527816068,0,1,0,-0.0680348362547808,0.1075464869471247,0.0240227395515192,-0.106390399125228,0,sub_5_conv_6,1,2,2,1,2,1,2,1,0,0,0,0,0,0,0,0,1,2,0,"[('l_word_len', 17.0), ('dominance_speaker', -0.1527058823529412), ('emotional_reaction', '0'), ('arousal_speaker', -0.1551764705882353)]","[('l_word_len', 17.0), ('emotional_reaction', '0'), ('arousal_listener', -0.1059999999999999), ('valence_listener', 0.2892499999999999)]","[('dominance_speaker', -0.1527058823529412), ('arousal_speaker', -0.1551764705882353), ('s_word_len', 59.0), ('valence_speaker', 0.0139999999999999)]","[('l_word_len', 17.0), ('dominance_speaker', -0.1527058823529412), ('emotional_reaction', '0'), ('arousal_speaker', 0.0240227395515192)]","[('l_word_len', 17.0), ('emotional_reaction', '0'), ('arousal_listener', -0.0680348362547808), ('valence_listener', 0.1075464869471247)]","[('dominance_speaker', -0.1527058823529412), ('arousal_speaker', 0.0240227395515192), ('s_word_len', 59.0), ('valence_speaker', -0.106390399125228)]"
-0.2271428571428571,0.1342857142857143,2,neutral,0,0,1,1,35.0,14.0,-0.0017999999999999,0.5224,0,negative,0.1668,-0.0202857142857142,1.0,0.0,sub_5_conv_6,"It was pretty strong. I was, well my hair was flying and going all over the place and like I was just trying to get some money to buy something and it like blew away",What bill was it like was it like small bill or a big bill?,-0.0274913302412621,-0.3045482137869521,-0.0344379287187932,0.0310353280932193,0,1,0,-0.0922494072460124,0.0620104439509678,-0.0197839311688834,-0.0564637496508664,0,sub_5_conv_6,1,2,2,1,2,1,2,1,0,0,0,0,2,1,2,1,1,1,0,"[('l_word_len', 14.0), ('s_word_len', 35.0), ('dominance_speaker', 0.1668), ('valence_speaker', 0.5224)]","[('l_word_len', 14.0), ('sentiment', 'neutral'), ('emotional_reaction', '0'), ('arousal_listener', -0.2271428571428571)]","[('s_word_len', 35.0), ('dominance_speaker', 0.1668), ('valence_speaker', 0.5224), ('arousal_speaker', -0.0017999999999999)]","[('l_word_len', 14.0), ('emotional_reaction', '0'), ('valence_listener', 0.0620104439509678), ('dominance_speaker', 0.1668)]","[('l_word_len', 14.0), ('emotional_reaction', '0'), ('valence_listener', 0.0620104439509678), ('dominance_listener', -0.0202857142857142)]","[('dominance_speaker', 0.1668), ('s_word_len', 35.0), ('arousal_speaker', -0.0197839311688834), ('valence_speaker', -0.0564637496508664)]"
-0.2614285714285714,-0.0065714285714285,0,negative,1,0,0,6,15.0,14.0,0.0011999999999999,-0.1576,0,negative,-0.1987999999999999,-0.2251428571428571,0.0,0.0,sub_5_conv_6,"It was a small bill so it wasn't that bad but yeah, I lost money","Yeah, losing money no matter how small or how little is kind of sad",0.1943664243713479,-0.0506018403263914,0.0037701796611175,0.1927488382875025,1,0,0,-0.0757894456657892,0.1329527582298231,0.1364164970599435,-0.0827012882284739,1,sub_5_conv_6,1,2,2,1,2,1,2,1,1,1,1,1,1,1,2,1,1,1,0,"[('l_word_len', 14.0), ('dominance_listener', -0.2251428571428571), ('dominance_speaker', -0.1987999999999999), ('intent', '6')]","[('l_word_len', 14.0), ('dominance_listener', -0.2251428571428571), ('intent', '6'), ('emotional_reaction', '1')]","[('dominance_speaker', -0.1987999999999999), ('s_word_len', 15.0), ('arousal_speaker', 0.0011999999999999), ('valence_speaker', -0.1576)]","[('l_word_len', 14.0), ('dominance_listener', -0.2251428571428571), ('dominance_speaker', -0.1987999999999999), ('intent', '6')]","[('l_word_len', 14.0), ('dominance_listener', -0.2251428571428571), ('intent', '6'), ('emotional_reaction', '1')]","[('dominance_speaker', -0.1987999999999999), ('s_word_len', 15.0), ('arousal_speaker', 0.1364164970599435), ('valence_speaker', -0.0827012882284739)]"
-0.1702857142857143,0.4382857142857143,0,negative,1,0,0,6,114.0,16.0,-0.1815151515151515,0.186,0,positive,-0.0132727272727272,0.0305714285714285,1.0,0.0,sub_5_conv_7,"I remember one time when I was like back in college when my group of friends to went to have dinner together and we were all supposed to go and I was on my way there but I got caught in traffic and I couldn't like make it and I didn't I have my phone so I didn't know what would, or I couldn't tell them. And in the end, they actually ended up waiting for me. And I arrived like an hour later or something, and they were all there and they were all concerned. Instead of being angry, they were really understanding. So I'm glad that they acted like that that time.","You have a good group of friends, man. My friends are like the opposite of that.",-0.0680377233308191,-0.2102743316226357,-0.1261576809341854,0.2696053638735798,1,1,0,-0.139396090939644,0.3202094689972201,-0.1020809517861188,-0.0913920321358449,1,sub_5_conv_7,1,2,2,1,2,1,2,1,1,2,2,1,1,1,2,1,1,2,0,"[('l_word_len', 16.0), ('emotional_reaction', '1'), ('sentiment', 'negative'), ('s_word_len', 114.0)]","[('l_word_len', 16.0), ('emotional_reaction', '1'), ('sentiment', 'negative'), ('valence_listener', 0.4382857142857143)]","[('s_word_len', 114.0), ('speaker_sentiment', 'positive'), ('arousal_speaker', -0.1815151515151515), ('valence_speaker', 0.186)]","[('l_word_len', 16.0), ('sentiment', 'negative'), ('valence_speaker', -0.0913920321358449), ('valence_listener', 0.3202094689972201)]","[('l_word_len', 16.0), ('sentiment', 'negative'), ('valence_listener', 0.3202094689972201), ('emotional_reaction', '1')]","[('valence_speaker', -0.0913920321358449), ('speaker_sentiment', 'positive'), ('arousal_speaker', -0.1020809517861188), ('dominance_speaker', -0.0132727272727272)]"
-0.1244,0.2683999999999999,0,negative,1,0,0,1,28.0,16.0,-0.0405,0.38575,0,positive,0.1329999999999999,0.1016,1.0,0.0,sub_5_conv_7,"Well, yeah, I actually am very glad that I have them. I don't know why your group of friends would be like that or how would they act?","I don't know, man. I just somehow get attracted to people who are mean and stuff.",0.1009887030617378,0.022703752730233,-0.1272214005335631,0.2724475302908452,0,1,0,-0.1263749803734941,0.2712332712035916,0.0585420921432164,0.1316176269111631,0,sub_5_conv_7,1,2,2,1,2,1,2,1,1,1,1,1,1,1,2,1,1,2,0,"[('dominance_listener', 0.1016), ('sentiment', 'negative'), ('valence_listener', 0.2683999999999999), ('emotional_reaction', '1')]","[('dominance_listener', 0.1016), ('sentiment', 'negative'), ('valence_listener', 0.2683999999999999), ('emotional_reaction', '1')]","[('speaker_sentiment', 'positive'), ('valence_speaker', 0.38575), ('arousal_speaker', -0.0405), ('s_word_len', 28.0)]","[('dominance_listener', 0.1016), ('sentiment', 'negative'), ('valence_listener', 0.2712332712035916), ('emotional_reaction', '1')]","[('dominance_listener', 0.1016), ('sentiment', 'negative'), ('valence_listener', 0.2712332712035916), ('emotional_reaction', '1')]","[('speaker_sentiment', 'positive'), ('valence_speaker', 0.1316176269111631), ('arousal_speaker', 0.0585420921432164), ('s_word_len', 28.0)]"
-0.184,0.572,1,positive,0,1,0,2,15.0,4.0,-0.1352,0.2071999999999999,2,positive,0.1467999999999999,0.236,1.0,0.0,sub_5_conv_7,"Well, that is certainly something. Well, I'm sure they love you underneath the hard exterior.",I think so too.,0.0276865433613753,0.0340609392924543,0.0346760954378,0.2735511888678497,0,0,1,-0.03092673319354,0.3630858322074948,-0.0211794196470373,0.086002657504718,0,sub_5_conv_7,1,2,2,1,2,1,2,1,1,1,1,1,0,0,2,1,0,0,0,"[('emotional_reaction', '0'), ('arousal_listener', -0.184), ('l_word_len', 4.0), ('dominance_listener', 0.236)]","[('emotional_reaction', '0'), ('arousal_listener', -0.184), ('l_word_len', 4.0), ('dominance_listener', 0.236)]","[('valence_speaker', 0.2071999999999999), ('speaker_sentiment', 'positive'), ('s_word_len', 15.0), ('arousal_speaker', -0.1352)]","[('l_word_len', 4.0), ('valence_speaker', 0.086002657504718), ('emotional_reaction', '0'), ('s_word_len', 15.0)]","[('l_word_len', 4.0), ('emotional_reaction', '0'), ('arousal_listener', -0.03092673319354), ('valence_listener', 0.3630858322074948)]","[('valence_speaker', 0.086002657504718), ('s_word_len', 15.0), ('arousal_speaker', -0.0211794196470373), ('dominance_speaker', 0.1467999999999999)]"
-0.14525,0.2794999999999999,0,positive,1,0,0,7,69.0,30.0,-0.0157272727272727,0.2759090909090909,0,positive,0.2133636363636363,-0.011,1.0,1.0,sub_5_conv_8,"I think one of the happiest moments of my entire life was when I graduated college. I had a really difficult test as a final test and it wasn't even exactly from my major. So I had to study a lot of stuff I didn't study during the major. So when I got the results back and it was like, oh yeah, you passed. I was overjoyed with emotion.","Yeah, best moments ever when you just go through something or you spend lots of time on something and you just actually finally make it through. It's really, really nice.",-0.041951669917876,-0.1493177240261182,-0.2173968430751483,0.0168190268409603,0,0,0,-0.1957527901526038,0.0956233187886722,-0.034084350760695,-0.0217496795455554,0,sub_5_conv_8,1,2,2,1,2,1,2,1,1,1,1,1,1,1,1,1,1,2,1,"[('l_word_len', 30.0), ('emotional_reaction', '1'), ('s_word_len', 69.0), ('arousal_listener', -0.14525)]","[('l_word_len', 30.0), ('emotional_reaction', '1'), ('arousal_listener', -0.14525), ('valence_listener', 0.2794999999999999)]","[('s_word_len', 69.0), ('dominance_speaker', 0.2133636363636363), ('arousal_speaker', -0.0157272727272727), ('valence_speaker', 0.2759090909090909)]","[('l_word_len', 30.0), ('emotional_reaction', '1'), ('s_word_len', 69.0), ('arousal_listener', -0.1957527901526038)]","[('l_word_len', 30.0), ('emotional_reaction', '1'), ('arousal_listener', -0.1957527901526038), ('valence_listener', 0.0956233187886722)]","[('s_word_len', 69.0), ('dominance_speaker', 0.2133636363636363), ('arousal_speaker', -0.034084350760695), ('valence_speaker', -0.0217496795455554)]"
-0.1327222222222222,0.3681666666666667,0,positive,1,0,0,9,24.0,75.0,-0.04375,0.59475,0,positive,0.28775,0.0021111111111111,1.0,1.0,sub_5_conv_8,yeah like it's it feels really great to to like have accomplished something i don't know if you have had an experience like that,yeah like i i think like most of the times like like when i'm like achieving something or something like that like when i graduated like i felt like yeah like i'm supposed to graduate right so didn't feel it that way but like i felt joy in other places I really enjoy playing video games. Like when I finish a video game after spending like 20-30 hours on it I feel like you know,-0.0562648605496699,-0.1351620880697835,-0.1114645510965703,0.0887902547632081,0,1,0,-0.1178418524342658,0.1726031783342456,-0.0525104023847689,0.0838115383511515,0,sub_5_conv_8,1,2,2,1,2,1,2,1,1,2,2,1,2,1,1,1,1,2,1,"[('dominance_listener', 0.0021111111111111), ('sentiment', 'positive'), ('l_word_len', 75.0), ('valence_speaker', 0.59475)]","[('dominance_listener', 0.0021111111111111), ('sentiment', 'positive'), ('l_word_len', 75.0), ('arousal_listener', -0.1327222222222222)]","[('valence_speaker', 0.59475), ('arousal_speaker', -0.04375), ('dominance_speaker', 0.28775), ('s_word_len', 24.0)]","[('dominance_listener', 0.0021111111111111), ('sentiment', 'positive'), ('l_word_len', 75.0), ('valence_speaker', 0.0838115383511515)]","[('dominance_listener', 0.0021111111111111), ('sentiment', 'positive'), ('l_word_len', 75.0), ('arousal_listener', -0.1178418524342658)]","[('valence_speaker', 0.0838115383511515), ('arousal_speaker', -0.0525104023847689), ('dominance_speaker', 0.28775), ('s_word_len', 24.0)]"
-0.431,0.724,2,neutral,1,1,0,3,11.0,5.0,-0.0693333333333333,0.354,0,positive,-0.0093333333333333,0.149,1.0,1.0,sub_5_conv_8,"Yeah, you feel like ah I did it yeah, let's go!","Yeah, that kind of feeling",0.1426565560828638,0.0790599607718176,0.1710748884282419,0.2419762500714438,0,1,1,-0.0095475781002307,0.3865833750500106,0.0790595892580046,0.1615419725402723,0,sub_5_conv_8,1,1,1,1,2,1,2,1,1,1,1,1,1,1,2,1,1,2,1,"[('l_word_len', 5.0), ('s_word_len', 11.0), ('dominance_speaker', -0.0093333333333333), ('valence_speaker', 0.354)]","[('l_word_len', 5.0), ('valence_listener', 0.724), ('dominance_listener', 0.149), ('emotional_reaction', '1')]","[('s_word_len', 11.0), ('dominance_speaker', -0.0093333333333333), ('valence_speaker', 0.354), ('arousal_speaker', -0.0693333333333333)]","[('l_word_len', 5.0), ('s_word_len', 11.0), ('dominance_speaker', -0.0093333333333333), ('valence_speaker', 0.1615419725402723)]","[('l_word_len', 5.0), ('valence_listener', 0.3865833750500106), ('dominance_listener', 0.149), ('emotional_reaction', '1')]","[('s_word_len', 11.0), ('dominance_speaker', -0.0093333333333333), ('valence_speaker', 0.1615419725402723), ('arousal_speaker', 0.0790595892580046)]"
-0.2825714285714286,0.4025714285714286,1,negative,2,1,0,6,25.0,17.0,0.1793333333333333,-0.062,0,negative,0.0353333333333333,-0.0397142857142857,0.0,2.0,sub_7_conv_2,"My daughter is going for surgery. Even though it's something not serious, it's just a tongue surgery. I'm concerned. What if something happens to her?",Oh so sad I can sense your feeling because we don't know what happened babies can't talk.,0.0204853628491105,-0.1783588478322503,0.3432340847361607,-0.2048185361878433,0,1,1,0.1554924307438838,-0.0226015467600617,0.0681397539943773,-0.1434511934825752,0,sub_7_conv_2,1,2,2,1,2,1,2,1,1,2,2,1,2,1,2,1,1,2,1,"[('l_word_len', 17.0), ('arousal_speaker', 0.1793333333333333), ('speaker_sentiment', 'negative'), ('emotional_reaction', '2')]","[('l_word_len', 17.0), ('emotional_reaction', '2'), ('valence_listener', 0.4025714285714286), ('arousal_listener', -0.2825714285714286)]","[('arousal_speaker', 0.1793333333333333), ('speaker_sentiment', 'negative'), ('s_word_len', 25.0), ('valence_speaker', -0.062)]","[('l_word_len', 17.0), ('arousal_speaker', 0.0681397539943773), ('speaker_sentiment', 'negative'), ('emotional_reaction', '2')]","[('l_word_len', 17.0), ('emotional_reaction', '2'), ('valence_listener', -0.0226015467600617), ('arousal_listener', 0.1554924307438838)]","[('arousal_speaker', 0.0681397539943773), ('speaker_sentiment', 'negative'), ('s_word_len', 25.0), ('valence_speaker', -0.1434511934825752)]"
-0.072,0.2133333333333333,0,negative,2,0,0,6,38.0,12.0,-0.08925,0.1694999999999999,2,negative,0.10225,-0.1079999999999999,1.0,2.0,sub_7_conv_2,Yeah what if she's in pain or something is just not going well but she cannot express that she's very small so yes I don't know if the doctors know how to treat a girl of her age,Oh as a mom I can't hear that I'm going to cry,-0.0682432316597485,-0.1870195456146534,0.474240746884868,0.1026828377077648,0,0,0,0.3103685228194076,0.1358779863954353,-0.0745452621618239,-0.0800636819302573,0,sub_7_conv_2,1,2,2,1,2,1,2,1,1,2,2,1,2,1,2,1,1,2,1,"[('l_word_len', 12.0), ('valence_speaker', 0.1694999999999999), ('emotional_reaction', '2'), ('dominance_speaker', 0.10225)]","[('l_word_len', 12.0), ('emotional_reaction', '2'), ('arousal_listener', -0.072), ('dominance_listener', -0.1079999999999999)]","[('valence_speaker', 0.1694999999999999), ('dominance_speaker', 0.10225), ('s_word_len', 38.0), ('speaker_sentiment', 'negative')]","[('l_word_len', 12.0), ('valence_speaker', -0.0800636819302573), ('emotional_reaction', '2'), ('dominance_speaker', 0.10225)]","[('l_word_len', 12.0), ('emotional_reaction', '2'), ('arousal_listener', 0.3103685228194076), ('dominance_listener', -0.1079999999999999)]","[('valence_speaker', -0.0800636819302573), ('dominance_speaker', 0.10225), ('s_word_len', 38.0), ('speaker_sentiment', 'negative')]"
-0.2148,0.5107999999999999,1,positive,1,1,0,4,18.0,12.0,-0.0791428571428571,0.488,0,negative,0.0482857142857142,0.0708,1.0,2.0,sub_7_conv_2,I feel the same but I feel like I should even go home like I don't feel well,"Yeah, I think you should go home and look after your daughter.",0.1026489599107229,-0.1557967678424825,0.4831872010463646,-0.1038379237428032,0,1,1,0.2737910407324552,0.0805534533800377,0.0481114147946488,0.0373422625102622,0,sub_7_conv_2,1,2,2,1,2,1,2,1,1,2,2,1,1,1,2,1,1,2,1,"[('l_word_len', 12.0), ('valence_speaker', 0.488), ('dominance_listener', 0.0708), ('s_word_len', 18.0)]","[('l_word_len', 12.0), ('dominance_listener', 0.0708), ('valence_listener', 0.5107999999999999), ('emotional_reaction', '1')]","[('valence_speaker', 0.488), ('s_word_len', 18.0), ('speaker_sentiment', 'negative'), ('arousal_speaker', -0.0791428571428571)]","[('emotional_reaction', '1'), ('l_word_len', 12.0), ('dominance_listener', 0.0708), ('valence_listener', 0.0805534533800377)]","[('emotional_reaction', '1'), ('l_word_len', 12.0), ('dominance_listener', 0.0708), ('valence_listener', 0.0805534533800377)]","[('speaker_sentiment', 'negative'), ('s_word_len', 18.0), ('arousal_speaker', 0.0481114147946488), ('dominance_speaker', 0.0482857142857142)]"
-0.1359999999999999,0.6066666666666668,0,positive,1,0,0,9,25.0,33.0,-0.165,0.488,0,positive,0.1004999999999999,0.3168333333333333,1.0,1.0,sub_7_conv_3,I love my family because we don't have any secrets. I can share anything with them and they accept me just the way I am.,"Yeah, home is the shelter for us and because we live in Japan, our parents are very far away from us, I think families living together is the most important person we have.",-0.0075479727409646,-0.5046153640123737,0.415916163369671,-0.3328789642984812,0,1,1,0.2503413143587697,-0.0510152750089367,-0.0547835809186752,-0.2068307548086615,0,sub_7_conv_3,1,2,2,1,2,1,2,1,1,2,2,1,2,1,2,1,1,2,1,"[('l_word_len', 33.0), ('sentiment', 'positive'), ('s_word_len', 25.0), ('dominance_speaker', 0.1004999999999999)]","[('l_word_len', 33.0), ('sentiment', 'positive'), ('intent', '9'), ('valence_listener', 0.6066666666666668)]","[('s_word_len', 25.0), ('dominance_speaker', 0.1004999999999999), ('speaker_sentiment', 'positive'), ('valence_speaker', 0.488)]","[('l_word_len', 33.0), ('sentiment', 'positive'), ('s_word_len', 25.0), ('dominance_speaker', 0.1004999999999999)]","[('l_word_len', 33.0), ('sentiment', 'positive'), ('intent', '9'), ('valence_listener', -0.0510152750089367)]","[('s_word_len', 25.0), ('dominance_speaker', 0.1004999999999999), ('speaker_sentiment', 'positive'), ('valence_speaker', -0.2068307548086615)]"
-0.1948571428571428,0.5771428571428572,1,positive,1,1,0,3,56.0,14.0,-0.1656923076923077,0.5370769230769231,0,positive,0.2186153846153846,0.2014285714285714,1.0,1.0,sub_7_conv_3,"Yes, I don't know what I would do without my family. The family I have here are also my family back in my country. With all of them, I share the same that I just trust them. I don't know how exactly how it happened, but I just know that I can share anything with them.","I think you must be a good son, husband and dad in the family.",0.0219417523146994,-0.4297807245038355,0.3596434461233762,-0.2025803578289295,0,0,1,0.1932932694292204,0.0313366066626065,-0.0343484656874027,-0.1397234302296078,0,sub_7_conv_3,1,2,2,1,2,1,2,1,1,2,2,1,2,1,2,1,1,2,1,"[('l_word_len', 14.0), ('speaker_sentiment', 'positive'), ('emotional_reaction', '1'), ('dominance_listener', 0.2014285714285714)]","[('l_word_len', 14.0), ('emotional_reaction', '1'), ('dominance_listener', 0.2014285714285714), ('sentiment', 'positive')]","[('speaker_sentiment', 'positive'), ('valence_speaker', 0.5370769230769231), ('dominance_speaker', 0.2186153846153846), ('arousal_speaker', -0.1656923076923077)]","[('l_word_len', 14.0), ('speaker_sentiment', 'positive'), ('emotional_reaction', '1'), ('dominance_listener', 0.2014285714285714)]","[('l_word_len', 14.0), ('emotional_reaction', '1'), ('dominance_listener', 0.2014285714285714), ('sentiment', 'positive')]","[('speaker_sentiment', 'positive'), ('valence_speaker', -0.1397234302296078), ('dominance_speaker', 0.2186153846153846), ('arousal_speaker', -0.0343484656874027)]"
-0.174,0.7390000000000001,1,neutral,0,0,1,1,10.0,8.0,0.0566666666666666,0.876,0,positive,0.1513333333333333,0.088,1.0,1.0,sub_7_conv_3,Thank you. Thanks for saying that to me. I'm glad.,When your family are going to visit you?,0.3245885574878761,0.1270370363565582,0.3297497372652481,-0.2977241684763271,0,1,0,0.1786248160856736,0.013293082066571,0.2442119902415132,0.3517259254495907,0,sub_7_conv_3,1,2,2,1,1,1,1,1,0,0,0,0,1,1,2,1,1,2,1,"[('l_word_len', 8.0), ('s_word_len', 10.0), ('valence_speaker', 0.876), ('emotional_reaction', '0')]","[('l_word_len', 8.0), ('emotional_reaction', '0'), ('sentiment', 'neutral'), ('valence_listener', 0.7390000000000001)]","[('s_word_len', 10.0), ('valence_speaker', 0.876), ('dominance_speaker', 0.1513333333333333), ('arousal_speaker', 0.0566666666666666)]","[('dominance_listener', 0.088), ('s_word_len', 10.0), ('dominance_speaker', 0.1513333333333333), ('arousal_listener', 0.1786248160856736)]","[('dominance_listener', 0.088), ('arousal_listener', 0.1786248160856736), ('l_word_len', 8.0), ('emotional_reaction', '0')]","[('s_word_len', 10.0), ('dominance_speaker', 0.1513333333333333), ('arousal_speaker', 0.2442119902415132), ('valence_speaker', 0.3517259254495907)]"
0.1984,0.6596000000000001,1,positive,1,0,0,3,24.0,11.0,-0.033,0.6353333333333332,0,positive,0.0563333333333333,0.0684,1.0,1.0,sub_7_conv_3,Thanks for asking. Actually they are coming in a few months to visit me and my family. So I'm also very excited about that.,Sounds great. So you can take them travel around in Japan,0.3014450427172441,-0.3035427213591957,0.3648030369307791,-0.2892301635066333,0,0,1,0.3148821258515453,-0.0045811144546432,0.2011115299020708,-0.0218799049514369,0,sub_7_conv_3,1,2,2,1,2,1,2,1,1,2,2,1,2,1,2,1,1,2,1,"[('dominance_listener', 0.0684), ('valence_listener', 0.6596000000000001), ('arousal_listener', 0.1984), ('l_word_len', 11.0)]","[('dominance_listener', 0.0684), ('valence_listener', 0.6596000000000001), ('arousal_listener', 0.1984), ('l_word_len', 11.0)]","[('dominance_speaker', 0.0563333333333333), ('arousal_speaker', -0.033), ('speaker_sentiment', 'positive'), ('valence_speaker', 0.6353333333333332)]","[('dominance_listener', 0.0684), ('valence_listener', -0.0045811144546432), ('arousal_listener', 0.3148821258515453), ('l_word_len', 11.0)]","[('dominance_listener', 0.0684), ('valence_listener', -0.0045811144546432), ('arousal_listener', 0.3148821258515453), ('l_word_len', 11.0)]","[('dominance_speaker', 0.0563333333333333), ('arousal_speaker', 0.2011115299020708), ('speaker_sentiment', 'positive'), ('valence_speaker', -0.0218799049514369)]"
-0.0831666666666666,0.1851666666666666,1,negative,2,1,0,6,41.0,31.0,-0.1924999999999999,0.2791666666666666,0,neutral,0.0053333333333333,-0.147,1.0,2.0,sub_7_conv_4,I'm here waiting for my friend I'm gonna see him for the last time in some time because he's moving overseas today he got a job I'm happy for him but at the same time I'm gonna miss him a lot,"Oh no, what a sad news for you. It's like maybe we may lose contact with him because he's very far away. Sounds like we lose some connections in personal life.",0.0739702700495064,-0.0677792637742417,0.4272147100368721,-0.158204853485012,0,1,1,0.2741002970258104,-0.0551933974395083,-0.0059708109653455,0.0363045153580308,0,sub_7_conv_4,1,2,2,1,2,1,2,1,1,2,2,1,1,1,2,1,1,2,1,"[('dominance_listener', -0.147), ('dominance_speaker', 0.0053333333333333), ('interpretations', '1'), ('s_word_len', 41.0)]","[('dominance_listener', -0.147), ('interpretations', '1'), ('emotional_reaction', '2'), ('sentiment', 'negative')]","[('dominance_speaker', 0.0053333333333333), ('s_word_len', 41.0), ('arousal_speaker', -0.1924999999999999), ('valence_speaker', 0.2791666666666666)]","[('dominance_listener', -0.147), ('emotional_reaction', '2'), ('s_word_len', 41.0), ('sentiment', 'negative')]","[('dominance_listener', -0.147), ('emotional_reaction', '2'), ('sentiment', 'negative'), ('interpretations', '1')]","[('s_word_len', 41.0), ('dominance_speaker', 0.0053333333333333), ('valence_speaker', 0.0363045153580308), ('arousal_speaker', -0.0059708109653455)]"
-0.1585,0.2666666666666666,2,positive,2,1,0,5,35.0,31.0,-0.1193333333333333,0.103,0,negative,0.1163333333333333,-0.0014999999999999,1.0,2.0,sub_7_conv_4,"Exactly. He's been always there for me but now that we'll be apart, I don't know if we'll stop being best friends. What if we stop talking to each other just because of time differences.",I feel so sorry for you. I think maybe sometime you can visit him when you have time or he can go back to Japan and you can hang out together.,0.0946813266136876,-0.0685365635596085,0.3029701534657708,-0.1518155852238921,0,0,1,0.1645291074260395,-0.0262709096567244,0.0304769286295813,-0.0170755944917259,0,sub_7_conv_4,1,2,2,1,2,1,2,1,1,2,2,1,2,1,2,1,1,2,1,"[('l_word_len', 31.0), ('emotional_reaction', '2'), ('valence_listener', 0.2666666666666666), ('arousal_speaker', -0.1193333333333333)]","[('l_word_len', 31.0), ('emotional_reaction', '2'), ('valence_listener', 0.2666666666666666), ('dominance_listener', -0.0014999999999999)]","[('arousal_speaker', -0.1193333333333333), ('s_word_len', 35.0), ('dominance_speaker', 0.1163333333333333), ('valence_speaker', 0.103)]","[('l_word_len', 31.0), ('emotional_reaction', '2'), ('valence_listener', -0.0262709096567244), ('arousal_speaker', 0.0304769286295813)]","[('l_word_len', 31.0), ('emotional_reaction', '2'), ('valence_listener', -0.0262709096567244), ('dominance_listener', -0.0014999999999999)]","[('arousal_speaker', 0.0304769286295813), ('s_word_len', 35.0), ('dominance_speaker', 0.1163333333333333), ('valence_speaker', -0.0170755944917259)]"
-0.0233333333333333,0.47,0,negative,0,0,0,9,29.0,14.0,-0.11675,0.1975,0,positive,-0.07,0.2186666666666666,1.0,2.0,sub_7_conv_4,Yeah definitely I try to do that like to see him as much as possible or as as often as possible because I don't really want to lose him.,"Yeah, I think it's very hard to make new friends since we are adults.",0.1808216701640263,-0.0037614983563746,0.2278574105476243,0.0193234235070408,1,0,1,0.1525001873833369,0.1545263964549285,0.0915501691148184,0.0566169511505377,1,sub_7_conv_4,1,2,2,1,2,1,2,1,0,0,0,0,1,1,2,1,1,2,1,"[('sentiment', 'negative'), ('s_word_len', 29.0), ('l_word_len', 14.0), ('emotional_reaction', '0')]","[('sentiment', 'negative'), ('l_word_len', 14.0), ('emotional_reaction', '0'), ('arousal_listener', -0.0233333333333333)]","[('s_word_len', 29.0), ('valence_speaker', 0.1975), ('dominance_speaker', -0.07), ('arousal_speaker', -0.11675)]","[('sentiment', 'negative'), ('valence_listener', 0.1545263964549285), ('l_word_len', 14.0), ('dominance_speaker', -0.07)]","[('sentiment', 'negative'), ('valence_listener', 0.1545263964549285), ('l_word_len', 14.0), ('arousal_listener', 0.1525001873833369)]","[('dominance_speaker', -0.07), ('valence_speaker', 0.0566169511505377), ('s_word_len', 29.0), ('arousal_speaker', 0.0915501691148184)]"
0.1304999999999999,0.6105,2,neutral,1,1,0,1,81.0,16.0,-0.1337647058823529,0.3360588235294117,0,negative,0.0736470588235294,0.4665,1.0,2.0,sub_7_conv_5,I lost my credit card the other day at my company and I found it just one hour later in a meeting room but today I just saw a charge for like five hundred dollars so somebody at my company found my card and because they know my information like my birthday they could use it to steal money from me I cannot believe somebody I know like a co-worker or even a friend from the company did that to me,what how could this happen well that's incredible I can't believe this happened in your company,0.0963543144522336,0.0083416800647054,0.2176583071660425,-0.1454479005706613,0,0,1,0.1915108150162297,0.0813364696005371,0.0273186083518576,0.1066568231041173,0,sub_7_conv_5,1,2,2,1,2,1,2,1,1,1,1,1,2,1,2,1,1,2,1,"[('l_word_len', 16.0), ('emotional_reaction', '1'), ('intent', '1'), ('valence_speaker', 0.3360588235294117)]","[('l_word_len', 16.0), ('emotional_reaction', '1'), ('intent', '1'), ('sentiment', 'neutral')]","[('valence_speaker', 0.3360588235294117), ('s_word_len', 81.0), ('dominance_speaker', 0.0736470588235294), ('arousal_speaker', -0.1337647058823529)]","[('sentiment', 'neutral'), ('l_word_len', 16.0), ('valence_speaker', 0.1066568231041173), ('emotional_reaction', '1')]","[('sentiment', 'neutral'), ('l_word_len', 16.0), ('emotional_reaction', '1'), ('intent', '1')]","[('valence_speaker', 0.1066568231041173), ('arousal_speaker', 0.0273186083518576), ('dominance_speaker', 0.0736470588235294), ('s_word_len', 81.0)]"
0.0539999999999999,0.1508,1,negative,1,0,1,1,31.0,15.0,-0.1871111111111111,0.4951111111111111,0,negative,0.1344444444444444,0.3896,1.0,2.0,sub_7_conv_5,"Yeah, right? I'm the same as like how somebody we know like here. Like we could find out like they did it but still they didn't care. They took my money.",Oh I can't believe that. Did you report to the managers and check the surveillance?,0.0198446866623566,-0.0106851966351123,0.1972606556002974,-0.0898842644187888,0,1,1,0.1542824589202081,-0.0176789850931521,-0.0422420526696837,0.1410536956887547,0,sub_7_conv_5,1,2,2,1,2,1,2,1,1,2,2,1,2,1,2,1,1,1,1,"[('emotional_reaction', '1'), ('dominance_listener', 0.3896), ('valence_listener', 0.1508), ('l_word_len', 15.0)]","[('emotional_reaction', '1'), ('dominance_listener', 0.3896), ('valence_listener', 0.1508), ('l_word_len', 15.0)]","[('s_word_len', 31.0), ('valence_speaker', 0.4951111111111111), ('dominance_speaker', 0.1344444444444444), ('arousal_speaker', -0.1871111111111111)]","[('emotional_reaction', '1'), ('dominance_listener', 0.3896), ('valence_listener', -0.0176789850931521), ('l_word_len', 15.0)]","[('emotional_reaction', '1'), ('dominance_listener', 0.3896), ('valence_listener', -0.0176789850931521), ('l_word_len', 15.0)]","[('s_word_len', 31.0), ('valence_speaker', 0.1410536956887547), ('dominance_speaker', 0.1344444444444444), ('arousal_speaker', -0.0422420526696837)]"
-0.1353333333333333,0.3086666666666667,2,neutral,0,0,0,9,34.0,17.0,0.069,0.2803333333333333,0,positive,0.235,0.2693333333333333,1.0,2.0,sub_7_conv_5,"Yes, you are right. I haven't done that. But I will definitely do it because this shouldn't happen in our company. This shouldn't happen to anyone. So I will definitely complain as you suggested.",Exactly. They should investigate it as soon as possible. They should prevent from doing from now on.,-0.0882289226236333,-0.0220066432795681,0.1940239168859729,-0.1174632713345626,1,0,0,0.095216741820181,0.0103757100658062,-0.0410602458365433,0.0686953497043023,1,sub_7_conv_5,1,2,2,1,2,1,2,1,1,2,2,1,1,1,1,1,1,2,1,"[('sentiment', 'neutral'), ('l_word_len', 17.0), ('dominance_speaker', 0.235), ('emotional_reaction', '0')]","[('sentiment', 'neutral'), ('l_word_len', 17.0), ('emotional_reaction', '0'), ('arousal_listener', -0.1353333333333333)]","[('dominance_speaker', 0.235), ('arousal_speaker', 0.069), ('s_word_len', 34.0), ('valence_speaker', 0.2803333333333333)]","[('l_word_len', 17.0), ('dominance_speaker', 0.235), ('s_word_len', 34.0), ('sentiment', 'neutral')]","[('l_word_len', 17.0), ('sentiment', 'neutral'), ('emotional_reaction', '0'), ('arousal_listener', 0.095216741820181)]","[('dominance_speaker', 0.235), ('s_word_len', 34.0), ('valence_speaker', 0.0686953497043023), ('arousal_speaker', -0.0410602458365433)]"
-0.1224,0.364,1,positive,1,0,0,8,55.0,17.0,0.0015294117647058,0.5037647058823529,2,positive,0.2963529411764706,0.1112,1.0,1.0,sub_7_conv_6,Just the other day I saw this celebrity. She's so famous and she went to our company to give a speech and I didn't know she was so good at talking. I just saw her before singing but she's also good at communicating. It was a speech like a motivational speech and it was awesome.,What?! You are so lucky! But you don't remember her name. You should ask for a signature.,0.0563241223241309,-0.3509169217388549,0.2720803899674018,-0.2394112279737779,1,1,1,0.1537362729771812,-0.0583878595816445,0.0398857091563033,-0.0945124334524925,1,sub_7_conv_6,1,2,2,1,2,1,2,1,1,2,2,1,2,1,2,1,1,2,1,"[('l_word_len', 17.0), ('dominance_listener', 0.1112), ('speaker_sentiment', 'positive'), ('valence_listener', 0.364)]","[('l_word_len', 17.0), ('dominance_listener', 0.1112), ('valence_listener', 0.364), ('sentiment', 'positive')]","[('speaker_sentiment', 'positive'), ('s_word_len', 55.0), ('arousal_speaker', 0.0015294117647058), ('valence_speaker', 0.5037647058823529)]","[('l_word_len', 17.0), ('dominance_listener', 0.1112), ('speaker_sentiment', 'positive'), ('valence_listener', -0.0583878595816445)]","[('l_word_len', 17.0), ('dominance_listener', 0.1112), ('valence_listener', -0.0583878595816445), ('sentiment', 'positive')]","[('speaker_sentiment', 'positive'), ('s_word_len', 55.0), ('arousal_speaker', 0.0398857091563033), ('valence_speaker', -0.0945124334524925)]"
-0.284,0.187,2,neutral,0,0,0,9,22.0,8.0,0.1254285714285714,0.4474285714285714,2,positive,0.2162857142857143,-0.045,0.0,1.0,sub_7_conv_6,"Yeah right, like to get her signature on a CD. But it was a surprise event. Nobody knew that was gonna happen.",So she gave a talk and then left.,0.3774334615520079,0.1276381950509499,0.1547660278226582,-0.2041514079750012,1,1,0,0.0231362194758606,-0.0868059855825008,0.301831994514977,0.2235753079642363,1,sub_7_conv_6,1,2,2,1,1,1,1,1,0,0,0,0,1,1,2,1,1,2,1,"[('valence_speaker', 0.4474285714285714), ('l_word_len', 8.0), ('dominance_speaker', 0.2162857142857143), ('s_word_len', 22.0)]","[('l_word_len', 8.0), ('sentiment', 'neutral'), ('emotional_reaction', '0'), ('valence_listener', 0.187)]","[('valence_speaker', 0.4474285714285714), ('dominance_speaker', 0.2162857142857143), ('s_word_len', 22.0), ('arousal_speaker', 0.1254285714285714)]","[('valence_speaker', 0.2235753079642363), ('l_word_len', 8.0), ('dominance_listener', -0.045), ('dominance_speaker', 0.2162857142857143)]","[('l_word_len', 8.0), ('dominance_listener', -0.045), ('valence_listener', -0.0868059855825008), ('sentiment', 'neutral')]","[('valence_speaker', 0.2235753079642363), ('dominance_speaker', 0.2162857142857143), ('arousal_speaker', 0.301831994514977), ('s_word_len', 22.0)]"
0.166,0.542,2,positive,1,0,0,7,16.0,10.0,-0.0155,0.4495,0,neutral,0.567,0.294,1.0,1.0,sub_7_conv_6,"Yeah, with security guards and everything. I should have been prepared for that, for a celebrity.","Definitely, they should. Oh, I wish I could be there.",0.191071654143322,-0.1895592071494977,0.17606802833907,-0.1058677708058695,0,0,1,0.173047619837349,0.0884925604358913,0.1291001579003254,0.0021585549953516,0,sub_7_conv_6,1,2,2,1,2,1,2,1,1,2,2,1,2,1,2,1,1,2,1,"[('l_word_len', 10.0), ('dominance_listener', 0.294), ('dominance_speaker', 0.567), ('intent', '7')]","[('l_word_len', 10.0), ('dominance_listener', 0.294), ('intent', '7'), ('emotional_reaction', '1')]","[('dominance_speaker', 0.567), ('s_word_len', 16.0), ('arousal_speaker', -0.0155), ('speaker_sentiment', 'neutral')]","[('l_word_len', 10.0), ('dominance_listener', 0.294), ('dominance_speaker', 0.567), ('intent', '7')]","[('l_word_len', 10.0), ('dominance_listener', 0.294), ('intent', '7'), ('emotional_reaction', '1')]","[('dominance_speaker', 0.567), ('s_word_len', 16.0), ('arousal_speaker', 0.1291001579003254), ('speaker_sentiment', 'neutral')]"
-0.042125,0.3586249999999999,2,negative,1,0,0,6,60.0,42.0,-0.0852222222222222,0.3941111111111112,0,positive,0.1402222222222222,0.169375,1.0,1.0,sub_7_conv_7,I guess you are also waiting here to receive the results of the credit. We just got ours and it got approved so we got the credit for this new house. So we are moving soon. We are excited. because we'll finally have a house of our own for our family so hopefully you can also get your credit approved,well you're so lucky i'm jealous we're waiting for there have been like so many hours but our credit hasn't get approved i think i could be as lucky as you guys oh i think you must anticipate with your new life.,0.115532648866499,-0.31272527687597,0.239866912907468,-0.11606587175148,1,0,1,0.1552693390352276,0.026341389773964,0.0553061875398826,-0.1006743604798456,1,sub_7_conv_7,1,2,2,1,2,1,2,1,1,2,2,1,2,1,2,1,1,2,1,"[('l_word_len', 42.0), ('dominance_listener', 0.169375), ('emotional_reaction', '1'), ('valence_listener', 0.3586249999999999)]","[('l_word_len', 42.0), ('dominance_listener', 0.169375), ('emotional_reaction', '1'), ('valence_listener', 0.3586249999999999)]","[('valence_speaker', 0.3941111111111112), ('s_word_len', 60.0), ('dominance_speaker', 0.1402222222222222), ('speaker_sentiment', 'positive')]","[('l_word_len', 42.0), ('dominance_listener', 0.169375), ('emotional_reaction', '1'), ('valence_listener', 0.026341389773964)]","[('l_word_len', 42.0), ('dominance_listener', 0.169375), ('emotional_reaction', '1'), ('valence_listener', 0.026341389773964)]","[('valence_speaker', -0.1006743604798456), ('s_word_len', 60.0), ('dominance_speaker', 0.1402222222222222), ('speaker_sentiment', 'positive')]"
-0.0474999999999999,0.597,2,positive,1,0,0,7,39.0,8.0,-0.1742857142857143,0.5181428571428572,0,positive,0.1951428571428571,0.172,1.0,1.0,sub_7_conv_7,I think you will also get that credit and yeah it's like it's gonna be like it's the same family members but a different house so definitely it's like a new life too so we're looking forward to it.,Oh congratulations I hope we can be neighbors,0.176242443145592,-0.239213165248428,0.199383939173383,-0.027977141374485,0,0,1,0.1253187574213681,0.1595160010378605,0.0710839959162001,-0.0120063585310424,0,sub_7_conv_7,1,2,2,1,2,1,2,1,1,2,2,1,2,1,2,1,1,2,1,"[('emotional_reaction', '1'), ('l_word_len', 8.0), ('arousal_speaker', -0.1742857142857143), ('dominance_speaker', 0.1951428571428571)]","[('emotional_reaction', '1'), ('l_word_len', 8.0), ('valence_listener', 0.597), ('arousal_listener', -0.0474999999999999)]","[('arousal_speaker', -0.1742857142857143), ('dominance_speaker', 0.1951428571428571), ('s_word_len', 39.0), ('valence_speaker', 0.5181428571428572)]","[('emotional_reaction', '1'), ('l_word_len', 8.0), ('arousal_speaker', 0.0710839959162001), ('dominance_speaker', 0.1951428571428571)]","[('emotional_reaction', '1'), ('l_word_len', 8.0), ('valence_listener', 0.1595160010378605), ('arousal_listener', 0.1253187574213681)]","[('arousal_speaker', 0.0710839959162001), ('dominance_speaker', 0.1951428571428571), ('s_word_len', 39.0), ('valence_speaker', -0.0120063585310424)]"
0.031,-0.427,0,negative,2,0,0,6,37.0,13.0,-0.0885454545454545,0.1872727272727272,0,negative,-0.0292727272727272,-0.3015,0.0,2.0,sub_7_conv_8,I know this is gonna be kind of random but I just had a meeting on Zoom with my boss and other co-workers. My boss he was eating his own snot during that meeting. It was gross.,Well that's... that's so inappropriate. Gross. Gross! I can't believe he did that.,0.0028554247634904,-0.2917195371343227,-0.0566029419968184,-0.1876108432400387,0,1,1,-0.0303220593977728,-0.2594275902680271,-0.024564839029193,-0.1480218578122076,0,sub_7_conv_8,1,2,2,1,2,1,2,1,1,2,2,1,2,1,2,1,1,2,1,"[('valence_listener', -0.427), ('emotional_reaction', '2'), ('s_word_len', 37.0), ('dominance_speaker', -0.0292727272727272)]","[('valence_listener', -0.427), ('emotional_reaction', '2'), ('l_word_len', 13.0), ('sentiment', 'negative')]","[('s_word_len', 37.0), ('dominance_speaker', -0.0292727272727272), ('valence_speaker', 0.1872727272727272), ('speaker_sentiment', 'negative')]","[('valence_listener', -0.2594275902680271), ('emotional_reaction', '2'), ('s_word_len', 37.0), ('dominance_speaker', -0.0292727272727272)]","[('valence_listener', -0.2594275902680271), ('emotional_reaction', '2'), ('l_word_len', 13.0), ('sentiment', 'negative')]","[('s_word_len', 37.0), ('dominance_speaker', -0.0292727272727272), ('valence_speaker', -0.1480218578122076), ('speaker_sentiment', 'negative')]"
0.0328571428571428,0.0725714285714285,2,negative,2,1,0,6,17.0,24.0,0.1888,0.3375999999999999,2,negative,0.0552,0.0057142857142857,1.0,2.0,sub_7_conv_8,It looked like he was enjoying it. Like it was something delicious or something. It was horrible.,"Ew, I can't imagine that. Oh, gross. I think I will be mad with him if I was at the office at the meeting.",0.1077368646561325,-0.3038572524434563,-0.101704198255719,-0.3303910243568718,0,1,1,-0.0613357959218604,-0.2095022884783816,0.1320558052592927,-0.1114200767104194,0,sub_7_conv_8,1,2,2,1,2,1,2,1,1,2,2,1,2,1,2,1,1,2,1,"[('dominance_listener', 0.0057142857142857), ('valence_speaker', 0.3375999999999999), ('arousal_speaker', 0.1888), ('l_word_len', 24.0)]","[('dominance_listener', 0.0057142857142857), ('l_word_len', 24.0), ('emotional_reaction', '2'), ('valence_listener', 0.0725714285714285)]","[('valence_speaker', 0.3375999999999999), ('arousal_speaker', 0.1888), ('dominance_speaker', 0.0552), ('s_word_len', 17.0)]","[('dominance_listener', 0.0057142857142857), ('valence_speaker', -0.1114200767104194), ('arousal_speaker', 0.1320558052592927), ('l_word_len', 24.0)]","[('dominance_listener', 0.0057142857142857), ('l_word_len', 24.0), ('emotional_reaction', '2'), ('valence_listener', -0.2095022884783816)]","[('valence_speaker', -0.1114200767104194), ('arousal_speaker', 0.1320558052592927), ('dominance_speaker', 0.0552), ('s_word_len', 17.0)]"
-0.0257142857142857,0.0999999999999999,0,negative,1,0,0,6,35.0,16.0,-0.2248333333333334,0.3656666666666666,0,negative,0.0404999999999999,-0.1679999999999999,1.0,2.0,sub_7_conv_8,"Yeah, me too. It's like, I don't know. How I'm going to look at his eyes again, knowing that he was eating his snot the other day. I think I want to recover from this.","Okay, you ruined my day, too. I think I need to recover from that gross scenario.",0.1821683763421366,-0.1150257023769766,0.0818844366636232,-0.0101237651908558,0,1,1,0.0496048199502505,0.0229133643664009,0.0600678634394955,0.0291820083361163,0,sub_7_conv_8,1,2,2,1,2,1,2,1,1,2,2,1,2,1,2,1,1,2,1,"[('dominance_listener', -0.1679999999999999), ('valence_speaker', 0.3656666666666666), ('valence_listener', 0.0999999999999999), ('l_word_len', 16.0)]","[('dominance_listener', -0.1679999999999999), ('valence_listener', 0.0999999999999999), ('l_word_len', 16.0), ('sentiment', 'negative')]","[('valence_speaker', 0.3656666666666666), ('s_word_len', 35.0), ('dominance_speaker', 0.0404999999999999), ('arousal_speaker', -0.2248333333333334)]","[('dominance_listener', -0.1679999999999999), ('valence_speaker', 0.0291820083361163), ('valence_listener', 0.0229133643664009), ('l_word_len', 16.0)]","[('dominance_listener', -0.1679999999999999), ('valence_listener', 0.0229133643664009), ('l_word_len', 16.0), ('sentiment', 'negative')]","[('valence_speaker', 0.0291820083361163), ('s_word_len', 35.0), ('dominance_speaker', 0.0404999999999999), ('arousal_speaker', 0.0600678634394955)]"
0.0516,0.0508,1,negative,1,0,1,5,81.0,13.0,-0.04584,0.2950399999999999,0,negative,0.01152,-0.144,1.0,0.0,sub_9_conv_1,So here I am just in front of the movie theater but actually I want to go inside and watch a movie but since I moved here I don't have the chance to go because it's just way too expensive. I don't have the money to spend on that. It really miss going to the movies. Back in my country I used to go at least twice a week and I really enjoy it but here I don't have the chance.,Oh that's bad. Did you try to find some cheap options in here?,0.040150262349828,-0.252897259702214,-0.169457560297706,-0.366518507225023,0,0,1,-0.1031402922083941,-0.241322955057516,0.0143531836448795,-0.0885160817915497,0,sub_9_conv_1,1,2,2,1,2,1,2,1,1,2,2,1,2,1,2,1,1,2,0,"[('l_word_len', 13.0), ('emotional_reaction', '1'), ('s_word_len', 81.0), ('intent', '5')]","[('l_word_len', 13.0), ('emotional_reaction', '1'), ('intent', '5'), ('dominance_listener', -0.144)]","[('s_word_len', 81.0), ('dominance_speaker', 0.01152), ('valence_speaker', 0.2950399999999999), ('arousal_speaker', -0.04584)]","[('l_word_len', 13.0), ('emotional_reaction', '1'), ('s_word_len', 81.0), ('intent', '5')]","[('l_word_len', 13.0), ('emotional_reaction', '1'), ('intent', '5'), ('dominance_listener', -0.144)]","[('s_word_len', 81.0), ('dominance_speaker', 0.01152), ('valence_speaker', -0.0885160817915497), ('arousal_speaker', 0.0143531836448795)]"
0.0026,0.4232,1,neutral,0,0,0,4,35.0,25.0,-0.0855999999999999,0.4637333333333334,0,negative,0.0676,-0.0197999999999999,1.0,0.0,sub_9_conv_1,"I mean I can watch movies at home but the experience of the movie theater, eating popcorn and so on, I don't have the chance anymore. Do you know a place to do all that?",I'm actually not a big fan of watching movies in the theaters but I think you can find some cheap options if you search online.,0.027733566109206,-0.307299809516824,0.011359380979241,-0.528153915710491,0,1,1,0.0087315666854687,-0.2427477409973436,-0.0062665037235557,-0.0759898666617767,0,sub_9_conv_1,1,2,2,1,2,1,2,1,1,2,2,1,0,0,1,1,1,1,0,"[('l_word_len', 25.0), ('s_word_len', 35.0), ('emotional_reaction', '0'), ('arousal_speaker', -0.0855999999999999)]","[('l_word_len', 25.0), ('emotional_reaction', '0'), ('valence_listener', 0.4232), ('arousal_listener', 0.0026)]","[('s_word_len', 35.0), ('arousal_speaker', -0.0855999999999999), ('dominance_speaker', 0.0676), ('valence_speaker', 0.4637333333333334)]","[('l_word_len', 25.0), ('dominance_speaker', 0.0676), ('emotional_reaction', '0'), ('valence_speaker', -0.0759898666617767)]","[('l_word_len', 25.0), ('emotional_reaction', '0'), ('dominance_listener', -0.0197999999999999), ('arousal_listener', 0.0087315666854687)]","[('dominance_speaker', 0.0676), ('valence_speaker', -0.0759898666617767), ('s_word_len', 35.0), ('arousal_speaker', -0.0062665037235557)]"
0.1016666666666666,0.4043333333333334,1,positive,1,0,1,1,84.0,15.0,0.0045,0.2244999999999999,0,negative,0.0550833333333333,0.2913333333333333,1.0,1.0,sub_9_conv_2,"You know how much I love driving and going hiking into the mountains Just last weekend I went to my favorite place but for the first time ever while I was driving, It was at night, I saw a bear on the road. I was so scared. I never seen a bear before, like I mean maybe at the zoo but not so close to me. I don't know, I got really scared, I had no idea something like that could happen to me.","Wow, that's a kind of cool experience for me but like, do you feel scary?",0.1634167936303552,-0.0714252323357831,0.0662080779581873,-0.010577337560053,1,1,1,0.0768456545707311,0.1138958637079629,0.1157417555412486,0.0173523373649518,1,sub_9_conv_2,1,2,2,1,2,1,2,1,1,2,2,1,2,1,2,1,1,2,1,"[('l_word_len', 15.0), ('intent', '1'), ('emotional_reaction', '1'), ('dominance_listener', 0.2913333333333333)]","[('l_word_len', 15.0), ('intent', '1'), ('emotional_reaction', '1'), ('dominance_listener', 0.2913333333333333)]","[('speaker_sentiment', 'negative'), ('valence_speaker', 0.2244999999999999), ('dominance_speaker', 0.0550833333333333), ('arousal_speaker', 0.0045)]","[('l_word_len', 15.0), ('intent', '1'), ('emotional_reaction', '1'), ('dominance_listener', 0.2913333333333333)]","[('l_word_len', 15.0), ('intent', '1'), ('emotional_reaction', '1'), ('dominance_listener', 0.2913333333333333)]","[('speaker_sentiment', 'negative'), ('valence_speaker', 0.0173523373649518), ('dominance_speaker', 0.0550833333333333), ('arousal_speaker', 0.1157417555412486)]"
0.1523999999999999,-0.0312,1,neutral,1,1,0,4,64.0,20.0,-0.0683636363636363,0.0899090909090909,0,negative,-0.1161818181818181,0.0287999999999999,0.0,1.0,sub_9_conv_2,yeah even though I was inside the car because that part of the like the road like I had to have to drive it slowly I could see the bear for a few seconds like very close close to me and the bear looked like angry like it wanted to attack me or something so I got really scared and I just speed up,I think you shouldn't be panic on that kind of situations because you're gonna do more accidents because of that,0.1905756700318301,-0.0182660958799267,0.0427686174600014,-0.1237374212825706,0,1,0,0.0756580322220009,-0.0959761948977994,0.1128938781131901,0.0141864601567785,0,sub_9_conv_2,1,2,2,1,2,1,2,1,1,1,1,1,1,1,0,0,1,2,1,"[('l_word_len', 20.0), ('sentiment', 'neutral'), ('emotional_reaction', '1'), ('intent', '4')]","[('l_word_len', 20.0), ('sentiment', 'neutral'), ('emotional_reaction', '1'), ('intent', '4')]","[('valence_speaker', 0.0899090909090909), ('dominance_speaker', -0.1161818181818181), ('s_word_len', 64.0), ('arousal_speaker', -0.0683636363636363)]","[('l_word_len', 20.0), ('sentiment', 'neutral'), ('emotional_reaction', '1'), ('intent', '4')]","[('l_word_len', 20.0), ('sentiment', 'neutral'), ('emotional_reaction', '1'), ('intent', '4')]","[('valence_speaker', 0.0141864601567785), ('dominance_speaker', -0.1161818181818181), ('s_word_len', 64.0), ('arousal_speaker', 0.1128938781131901)]"
-0.0228888888888888,0.4002222222222222,0,neutral,1,1,0,9,32.0,27.0,0.1148888888888888,0.0853333333333333,0,negative,0.0833333333333333,0.2791111111111111,1.0,1.0,sub_9_conv_2,"Yeah right, just because I tried to escape from the bear maybe I have an accident I'll be careful but I don't know I was shocked, I didn't know what to do","Yeah, even I haven't had that kind of experience in here. But for me, hearing that kind of story sounds cool but scary at the same time.",0.1536349483167394,0.0872450512427009,0.0733882562010349,-0.0220149880438632,1,1,1,0.0445051126740577,0.1046561750359624,0.1420111304883842,0.0866715358698906,1,sub_9_conv_2,1,2,2,1,2,1,2,1,1,2,2,1,2,1,0,0,1,2,1,"[('l_word_len', 27.0), ('arousal_listener', -0.0228888888888888), ('dominance_listener', 0.2791111111111111), ('emotional_reaction', '1')]","[('l_word_len', 27.0), ('arousal_listener', -0.0228888888888888), ('dominance_listener', 0.2791111111111111), ('emotional_reaction', '1')]","[('s_word_len', 32.0), ('valence_speaker', 0.0853333333333333), ('arousal_speaker', 0.1148888888888888), ('dominance_speaker', 0.0833333333333333)]","[('l_word_len', 27.0), ('arousal_listener', 0.0445051126740577), ('dominance_listener', 0.2791111111111111), ('emotional_reaction', '1')]","[('l_word_len', 27.0), ('arousal_listener', 0.0445051126740577), ('dominance_listener', 0.2791111111111111), ('emotional_reaction', '1')]","[('s_word_len', 32.0), ('valence_speaker', 0.0866715358698906), ('arousal_speaker', 0.1420111304883842), ('dominance_speaker', 0.0833333333333333)]"
0.1335,0.1119999999999999,1,neutral,1,1,2,1,95.0,13.0,-0.0347999999999999,0.1215333333333333,0,negative,0.0131333333333333,0.1185,0.0,1.0,sub_9_conv_3,"As you know I love training, I go to gym often but since the past month I've been feeling pain here on my chest. I went to see a doctor after I rested for a bit but I didn't get any better so I went to see a doctor. and she recommended me to get an MRI. I just went to the hospital yesterday to get the MRI. I'll get the results in a week but I'm very scared because what if there is something wrong, what if there is something bad happening to me.",Oh really? So are you okay right now? Do you feel any pain?,-0.0167056790816985,0.0248523184924127,0.1095530842358069,0.0357110569182554,0,1,0,0.1167371589650648,0.0585977398427787,-0.0221339753571889,0.0538566229446888,0,sub_9_conv_3,1,2,2,1,2,1,2,1,1,1,1,1,1,1,2,1,1,2,1,"[('l_word_len', 13.0), ('emotional_reaction', '1'), ('sentiment', 'neutral'), ('valence_speaker', 0.1215333333333333)]","[('l_word_len', 13.0), ('emotional_reaction', '1'), ('sentiment', 'neutral'), ('intent', '1')]","[('valence_speaker', 0.1215333333333333), ('dominance_speaker', 0.0131333333333333), ('speaker_sentiment', 'negative'), ('arousal_speaker', -0.0347999999999999)]","[('l_word_len', 13.0), ('emotional_reaction', '1'), ('sentiment', 'neutral'), ('valence_speaker', 0.0538566229446888)]","[('l_word_len', 13.0), ('emotional_reaction', '1'), ('sentiment', 'neutral'), ('intent', '1')]","[('valence_speaker', 0.0538566229446888), ('dominance_speaker', 0.0131333333333333), ('speaker_sentiment', 'negative'), ('arousal_speaker', -0.0221339753571889)]"
-0.128,-0.0116666666666666,1,neutral,1,1,1,4,56.0,17.0,-0.0567142857142857,-0.0158571428571428,0,negative,0.0449999999999999,0.0526666666666666,1.0,1.0,sub_9_conv_3,"Not much pain. That's why I thought it wasn't really just my muscle or something. But I mean, I'm just for now, I'm just uncertain, the uncertainty of not knowing what's going to happen to me. If it's something just simple, by taking a medicine, I will get better or something more serious. That's my problem.",Did you use more weights? Is that the problem? I think you should be careful next time.,-0.0149622558724927,0.0151902838276403,-0.0598820809240548,-0.3490002403919516,0,0,0,-0.0803174566468383,-0.2478001682743661,-0.0274878648250306,0.0058760558222053,0,sub_9_conv_3,1,2,2,1,2,1,2,1,1,2,2,1,1,1,0,0,1,2,1,"[('l_word_len', 17.0), ('intent', '4'), ('emotional_reaction', '1'), ('sentiment', 'neutral')]","[('l_word_len', 17.0), ('intent', '4'), ('emotional_reaction', '1'), ('sentiment', 'neutral')]","[('valence_speaker', -0.0158571428571428), ('dominance_speaker', 0.0449999999999999), ('arousal_speaker', -0.0567142857142857), ('speaker_sentiment', 'negative')]","[('sentiment', 'neutral'), ('l_word_len', 17.0), ('valence_speaker', 0.0058760558222053), ('intent', '4')]","[('sentiment', 'neutral'), ('l_word_len', 17.0), ('intent', '4'), ('emotional_reaction', '1')]","[('valence_speaker', 0.0058760558222053), ('dominance_speaker', 0.0449999999999999), ('s_word_len', 56.0), ('arousal_speaker', -0.0274878648250306)]"
-0.26,0.7295,1,positive,1,0,0,4,40.0,8.0,-0.0503076923076923,0.0946153846153846,0,negative,0.1616923076923077,-0.1,1.0,1.0,sub_9_conv_3,"Yeah, I will definitely be more careful but right now I don't know the reason why or what caused this pain. So, as soon as I know, hopefully it's not something too bad. I will try to avoid this situation.",I think you should take a good rest.,-0.0140569928776569,-0.0074884783541759,-0.0958157785488242,-0.0542198409967141,0,1,1,-0.1450710449841769,0.1808961113023001,-0.0249322027066675,0.0231426805366922,0,sub_9_conv_3,1,2,2,1,1,1,2,1,1,1,1,1,1,1,2,1,1,2,1,"[('l_word_len', 8.0), ('emotional_reaction', '1'), ('arousal_listener', -0.26), ('valence_speaker', 0.0946153846153846)]","[('l_word_len', 8.0), ('emotional_reaction', '1'), ('arousal_listener', -0.26), ('valence_listener', 0.7295)]","[('valence_speaker', 0.0946153846153846), ('dominance_speaker', 0.1616923076923077), ('speaker_sentiment', 'negative'), ('s_word_len', 40.0)]","[('l_word_len', 8.0), ('emotional_reaction', '1'), ('arousal_listener', -0.1450710449841769), ('valence_speaker', 0.0231426805366922)]","[('l_word_len', 8.0), ('emotional_reaction', '1'), ('arousal_listener', -0.1450710449841769), ('valence_listener', 0.1808961113023001)]","[('valence_speaker', 0.0231426805366922), ('dominance_speaker', 0.1616923076923077), ('speaker_sentiment', 'negative'), ('s_word_len', 40.0)]"
-0.2717777777777778,0.0839999999999999,2,negative,1,0,1,8,104.0,27.0,-0.2234615384615385,0.2635384615384616,0,negative,-0.006,-0.0697777777777777,1.0,2.0,sub_9_conv_4,"So, as you know, I've been trying to find a new apartment. I went to see some options around here, like good price and good location. I went there, they told me that it was perfectly fine for me to rent this place. The only communication I had with them was by phone. But as soon as they saw me that I'm a foreigner, they said, oh, no, I'm sorry. We thought you were Japanese but just because you are a foreigner you cannot rent this place and I just didn't say anything to them, I just left, I didn't know what to do.","Man that is so unfair, I think you should talk to the agency again, what is the point of like they cannot rent a place for foreigners.",-0.1353561709730828,-0.0598194680726067,0.0870101797993337,0.1529878712412212,0,1,0,-0.0206262074737997,0.1322915098688548,-0.1617877812196195,0.0371879108107138,0,sub_9_conv_4,1,2,2,1,2,1,2,1,1,2,2,1,2,1,2,1,1,2,1,"[('l_word_len', 27.0), ('emotional_reaction', '1'), ('arousal_listener', -0.2717777777777778), ('arousal_speaker', -0.2234615384615385)]","[('l_word_len', 27.0), ('emotional_reaction', '1'), ('arousal_listener', -0.2717777777777778), ('intent', '8')]","[('arousal_speaker', -0.2234615384615385), ('s_word_len', 104.0), ('valence_speaker', 0.2635384615384616), ('dominance_speaker', -0.006)]","[('l_word_len', 27.0), ('emotional_reaction', '1'), ('arousal_listener', -0.0206262074737997), ('arousal_speaker', -0.1617877812196195)]","[('l_word_len', 27.0), ('emotional_reaction', '1'), ('arousal_listener', -0.0206262074737997), ('intent', '8')]","[('arousal_speaker', -0.1617877812196195), ('s_word_len', 104.0), ('valence_speaker', 0.0371879108107138), ('dominance_speaker', -0.006)]"
-0.1338181818181818,0.297090909090909,1,positive,1,1,0,8,47.0,73.0,-0.1804705882352941,0.0943529411764705,0,negative,0.0261176470588235,0.1587272727272727,1.0,2.0,sub_9_conv_4,"Yes, it's not fair for us. It's too difficult to to find a place. The agency should help me with these kind of things. They saw my documents, they saw my name. It's obvious I'm a foreigner but I don't know they made me lose my time.","Yeah, this is not so right. I think you should go to the place and ask the reason why they cannot do that. Or I think you should go to another agent. Because I always feel like, since you are working here and your documents are legit, what is the problem with that? I think you should talk to them. And if it doesn't work, even I can help to find another agency.",-0.0638744266270358,-0.1067158949018425,-0.0535114224996887,0.0886250625114814,0,1,0,-0.0776034502952366,0.1511648164853097,-0.0988532751095133,-0.0463952440783485,0,sub_9_conv_4,1,2,2,1,2,1,2,1,1,2,2,1,2,1,2,1,1,2,1,"[('l_word_len', 73.0), ('emotional_reaction', '1'), ('dominance_listener', 0.1587272727272727), ('arousal_listener', -0.1338181818181818)]","[('l_word_len', 73.0), ('emotional_reaction', '1'), ('dominance_listener', 0.1587272727272727), ('arousal_listener', -0.1338181818181818)]","[('s_word_len', 47.0), ('valence_speaker', 0.0943529411764705), ('dominance_speaker', 0.0261176470588235), ('arousal_speaker', -0.1804705882352941)]","[('l_word_len', 73.0), ('emotional_reaction', '1'), ('dominance_listener', 0.1587272727272727), ('arousal_listener', -0.0776034502952366)]","[('l_word_len', 73.0), ('emotional_reaction', '1'), ('dominance_listener', 0.1587272727272727), ('arousal_listener', -0.0776034502952366)]","[('s_word_len', 47.0), ('valence_speaker', -0.0463952440783485), ('dominance_speaker', 0.0261176470588235), ('arousal_speaker', -0.0988532751095133)]"
-0.077,0.042,1,positive,1,0,0,4,62.0,12.0,-0.1394736842105263,0.2710526315789474,0,neutral,0.1057894736842104,0.052,1.0,2.0,sub_9_conv_4,"Yes, definitely I will talk to them and mention from the beginning that they should talk with the owner if it's okay to rent to foreigners because it's just like I don't want to go through this again and lose my time and thank you if I cannot find anything by myself in this agency I will definitely ask you for help.","Yeah for sure man, I'm here to help you anytime, no problem.",-0.235520512794488,-0.0666504867241705,-0.0594674601349557,-0.019364048348272,0,0,1,-0.0647272220944689,-0.0009548338437903,-0.2067064642192994,0.0346604487667648,0,sub_9_conv_4,1,2,2,1,2,1,2,1,1,2,2,1,2,1,2,1,1,1,1,"[('l_word_len', 12.0), ('valence_listener', 0.042), ('s_word_len', 62.0), ('valence_speaker', 0.2710526315789474)]","[('l_word_len', 12.0), ('valence_listener', 0.042), ('emotional_reaction', '1'), ('dominance_listener', 0.052)]","[('s_word_len', 62.0), ('valence_speaker', 0.2710526315789474), ('speaker_sentiment', 'neutral'), ('dominance_speaker', 0.1057894736842104)]","[('l_word_len', 12.0), ('valence_listener', -0.0009548338437903), ('s_word_len', 62.0), ('valence_speaker', 0.0346604487667648)]","[('l_word_len', 12.0), ('valence_listener', -0.0009548338437903), ('emotional_reaction', '1'), ('dominance_listener', 0.052)]","[('s_word_len', 62.0), ('valence_speaker', 0.0346604487667648), ('speaker_sentiment', 'neutral'), ('dominance_speaker', 0.1057894736842104)]"
-0.0013333333333333,0.2986666666666667,2,neutral,0,0,1,1,31.0,12.0,-0.1481818181818182,0.0519999999999999,0,positive,-0.0387272727272727,-0.064,0.0,0.0,sub_9_conv_5,We are just about to watch this match and I cannot wait. I've been waiting for this like 10 years for my team to reach the finals and finally it's happening.,What is that game about? Can you tell me more about that?,0.0512908813306421,-0.172725575309996,-0.0076680927810246,0.0248583979338148,0,1,0,-0.0057676649467172,0.1070008785536703,-0.0085509285230959,-0.1053079027169971,0,sub_9_conv_5,1,1,1,1,1,1,1,1,0,0,0,0,1,1,1,1,1,2,0,"[('l_word_len', 12.0), ('dominance_listener', -0.064), ('emotional_reaction', '0'), ('valence_listener', 0.2986666666666667)]","[('l_word_len', 12.0), ('dominance_listener', -0.064), ('emotional_reaction', '0'), ('valence_listener', 0.2986666666666667)]","[('dominance_speaker', -0.0387272727272727), ('arousal_speaker', -0.1481818181818182), ('s_word_len', 31.0), ('valence_speaker', 0.0519999999999999)]","[('l_word_len', 12.0), ('dominance_speaker', -0.0387272727272727), ('arousal_listener', -0.0057676649467172), ('emotional_reaction', '0')]","[('l_word_len', 12.0), ('arousal_listener', -0.0057676649467172), ('emotional_reaction', '0'), ('dominance_listener', -0.064)]","[('dominance_speaker', -0.0387272727272727), ('arousal_speaker', -0.0085509285230959), ('valence_speaker', -0.1053079027169971), ('s_word_len', 31.0)]"
0.0632857142857142,0.4461428571428571,0,neutral,0,0,1,1,26.0,31.0,0.0896363636363636,0.3810909090909091,0,positive,0.132,0.1377142857142857,1.0,0.0,sub_9_conv_5,"It's a soccer game, the finals in the National League. So I'm very excited because my team has a chance to win the cup this year.","Oh, it's soccer. I'm not a big fan of soccer, but I have seen some World Cup matches. Sounds kind of exciting. So I would like to know more about soccer.",0.0180162670143237,-0.3285124382528204,0.0181480684198831,-0.0966428759978267,1,1,1,0.0316893621796324,0.0661928439443784,0.0395022960009356,-0.1156314340497015,1,sub_9_conv_5,1,2,2,1,2,1,2,1,0,0,0,0,0,0,1,1,1,2,0,"[('l_word_len', 31.0), ('s_word_len', 26.0), ('dominance_speaker', 0.132), ('valence_speaker', 0.3810909090909091)]","[('l_word_len', 31.0), ('sentiment', 'neutral'), ('dominance_listener', 0.1377142857142857), ('valence_listener', 0.4461428571428571)]","[('s_word_len', 26.0), ('dominance_speaker', 0.132), ('valence_speaker', 0.3810909090909091), ('arousal_speaker', 0.0896363636363636)]","[('l_word_len', 31.0), ('s_word_len', 26.0), ('dominance_speaker', 0.132), ('valence_speaker', -0.1156314340497015)]","[('l_word_len', 31.0), ('sentiment', 'neutral'), ('dominance_listener', 0.1377142857142857), ('valence_listener', 0.0661928439443784)]","[('s_word_len', 26.0), ('dominance_speaker', 0.132), ('valence_speaker', -0.1156314340497015), ('arousal_speaker', 0.0395022960009356)]"
-0.2251999999999999,0.44,1,positive,0,0,1,1,10.0,21.0,0.1725,0.0994999999999999,2,neutral,-0.1295,0.2852,0.0,0.0,sub_9_conv_5,Ah soccer? You just kick the ball with your feet,"Okay, I know that part but I don't know much about the rules and everything. So you can teach me sometimes.",0.3567821908475477,0.1982182688238921,0.174206712728716,0.2129964755581329,1,1,1,0.0543846989101011,0.281097532890693,0.3014975335932833,0.1686027881767244,1,sub_9_conv_5,1,2,2,1,2,1,2,1,0,0,0,0,0,0,2,1,1,2,0,"[('l_word_len', 21.0), ('sentiment', 'positive'), ('arousal_listener', -0.2251999999999999), ('dominance_listener', 0.2852)]","[('l_word_len', 21.0), ('sentiment', 'positive'), ('arousal_listener', -0.2251999999999999), ('dominance_listener', 0.2852)]","[('dominance_speaker', -0.1295), ('s_word_len', 10.0), ('valence_speaker', 0.0994999999999999), ('arousal_speaker', 0.1725)]","[('l_word_len', 21.0), ('sentiment', 'positive'), ('arousal_listener', 0.0543846989101011), ('dominance_listener', 0.2852)]","[('l_word_len', 21.0), ('sentiment', 'positive'), ('arousal_listener', 0.0543846989101011), ('dominance_listener', 0.2852)]","[('dominance_speaker', -0.1295), ('s_word_len', 10.0), ('valence_speaker', 0.1686027881767244), ('arousal_speaker', 0.3014975335932833)]"
-0.29,0.145,2,neutral,0,0,0,9,12.0,6.0,0.154,0.5276,1,positive,0.2167999999999999,-0.244,0.0,0.0,sub_9_conv_5,"Yeah sure, maybe you become a fan of football too. It's fun.","Yeah, let's see how it goes.",0.0846457065420483,-0.2121440841847434,0.3955087134777046,0.1613594174325448,1,0,0,0.1898560994343932,0.1564515922027813,0.1054519945794338,0.0097791410706796,1,sub_9_conv_5,0,0,0,0,1,1,1,1,0,0,0,0,1,1,2,1,1,2,0,"[('l_word_len', 6.0), ('emotional_reaction', '0'), ('s_word_len', 12.0), ('sentiment', 'neutral')]","[('l_word_len', 6.0), ('emotional_reaction', '0'), ('sentiment', 'neutral'), ('valence_listener', 0.145)]","[('s_word_len', 12.0), ('dominance_speaker', 0.2167999999999999), ('valence_speaker', 0.5276), ('arousal_speaker', 0.154)]","[('dominance_speaker', 0.2167999999999999), ('l_word_len', 6.0), ('dominance_listener', -0.244), ('intent', '9')]","[('l_word_len', 6.0), ('dominance_listener', -0.244), ('intent', '9'), ('sentiment', 'neutral')]","[('dominance_speaker', 0.2167999999999999), ('valence_speaker', 0.0097791410706796), ('arousal_speaker', 0.1054519945794338), ('s_word_len', 12.0)]"
-0.3399999999999999,0.25175,2,neutral,0,0,1,1,52.0,16.0,-0.351125,0.157125,0,negative,-0.17975,-0.243,1.0,0.0,sub_9_conv_6,"Maybe as you have noticed, the last few weeks I've been bringing my own food from home because I'm trying to lose some weight and diet went well for probably, maybe one week because Just on the weekend I ate by myself directly from the bottle like one kilogram of ice cream.",Wow one kilogram of ice cream that sounds a lot. It's like it's because of summer?,-0.0295673819451094,-0.2406056738379982,0.3192888853904274,0.1474502075648738,0,0,0,0.1215022197732991,0.1787401452954116,-0.1260346673615766,-0.1212864716865987,0,sub_9_conv_6,1,2,2,1,2,1,2,1,1,2,2,1,0,0,0,0,1,2,0,"[('l_word_len', 16.0), ('emotional_reaction', '0'), ('dominance_listener', -0.243), ('valence_speaker', 0.157125)]","[('l_word_len', 16.0), ('emotional_reaction', '0'), ('dominance_listener', -0.243), ('sentiment', 'neutral')]","[('valence_speaker', 0.157125), ('dominance_speaker', -0.17975), ('arousal_speaker', -0.351125), ('s_word_len', 52.0)]","[('l_word_len', 16.0), ('arousal_speaker', -0.1260346673615766), ('sentiment', 'neutral'), ('dominance_speaker', -0.17975)]","[('l_word_len', 16.0), ('sentiment', 'neutral'), ('dominance_listener', -0.243), ('emotional_reaction', '0')]","[('arousal_speaker', -0.1260346673615766), ('dominance_speaker', -0.17975), ('s_word_len', 52.0), ('valence_speaker', -0.1212864716865987)]"
-0.2262222222222222,0.4791111111111111,2,positive,0,0,0,4,43.0,17.0,-0.1892941176470588,0.4931764705882353,0,negative,0.0225882352941176,-0.0317777777777777,1.0,0.0,sub_9_conv_6,"I don't know, in part yes, it's been hot these days, but I just, I cannot support just eating healthy food, it's not, it doesn't taste good, so I wanted to eat something good, and I ended up eating just chocolate ice cream.","Yeah, makes sense, like, if you don't like the usual food, like, you should try something new.",0.2337722343242033,-0.101340848356289,0.0013722251537003,0.0060568117456146,0,0,0,-0.0669061090590764,0.1479731015552636,0.1068523287328246,0.0770143473270683,0,sub_9_conv_6,1,2,2,1,2,1,2,1,1,2,2,1,1,1,2,1,1,2,0,"[('s_word_len', 43.0), ('valence_listener', 0.4791111111111111), ('arousal_speaker', -0.1892941176470588), ('l_word_len', 17.0)]","[('valence_listener', 0.4791111111111111), ('l_word_len', 17.0), ('emotional_reaction', '0'), ('arousal_listener', -0.2262222222222222)]","[('s_word_len', 43.0), ('arousal_speaker', -0.1892941176470588), ('valence_speaker', 0.4931764705882353), ('speaker_sentiment', 'negative')]","[('s_word_len', 43.0), ('l_word_len', 17.0), ('emotional_reaction', '0'), ('sentiment', 'positive')]","[('l_word_len', 17.0), ('emotional_reaction', '0'), ('sentiment', 'positive'), ('arousal_listener', -0.0669061090590764)]","[('s_word_len', 43.0), ('speaker_sentiment', 'negative'), ('arousal_speaker', 0.1068523287328246), ('dominance_speaker', 0.0225882352941176)]"
-0.2175555555555555,0.4351111111111111,2,neutral,0,0,0,9,12.0,19.0,-0.4233333333333333,-0.138,0,negative,-0.264,0.0499999999999999,0.0,0.0,sub_9_conv_6,"Eh, I guess I cannot do anything about it. Diet can wait.","Yeah, of course, like, you know, you can do dieting anytime, but like, you have to eat everyday, right?",0.3310937723693687,0.1411475326706593,0.2323567731944367,0.0501455375906365,1,0,1,0.097383074569439,0.1656352096467789,0.104765640658558,0.0574032728694614,1,sub_9_conv_6,1,2,2,1,0,0,0,0,0,0,0,0,0,0,1,1,1,1,0,"[('l_word_len', 19.0), ('dominance_speaker', -0.264), ('arousal_speaker', -0.4233333333333333), ('emotional_reaction', '0')]","[('l_word_len', 19.0), ('emotional_reaction', '0'), ('sentiment', 'neutral'), ('dominance_listener', 0.0499999999999999)]","[('dominance_speaker', -0.264), ('arousal_speaker', -0.4233333333333333), ('valence_speaker', -0.138), ('s_word_len', 12.0)]","[('l_word_len', 19.0), ('dominance_speaker', -0.264), ('arousal_speaker', 0.104765640658558), ('emotional_reaction', '0')]","[('l_word_len', 19.0), ('emotional_reaction', '0'), ('sentiment', 'neutral'), ('dominance_listener', 0.0499999999999999)]","[('dominance_speaker', -0.264), ('arousal_speaker', 0.104765640658558), ('valence_speaker', 0.0574032728694614), ('s_word_len', 12.0)]"
-0.267,0.4765,0,neutral,0,0,0,9,7.0,17.0,-0.2789999999999999,0.3025,0,positive,-0.167,0.159,1.0,0.0,sub_9_conv_6,and I will continue eating ice cream,I think like maybe for now it's okay but like it's better to control that as well,0.3335431713648871,-0.1802183475713501,0.1226653611678928,-0.0372848370860968,0,0,1,0.0057657528175249,0.1168506140397322,0.1497802199554209,-0.035402843299945,0,sub_9_conv_6,1,2,2,1,2,1,2,1,0,0,0,0,0,0,2,1,1,2,0,"[('l_word_len', 17.0), ('dominance_speaker', -0.167), ('emotional_reaction', '0'), ('sentiment', 'neutral')]","[('l_word_len', 17.0), ('emotional_reaction', '0'), ('sentiment', 'neutral'), ('arousal_listener', -0.267)]","[('dominance_speaker', -0.167), ('s_word_len', 7.0), ('arousal_speaker', -0.2789999999999999), ('valence_speaker', 0.3025)]","[('l_word_len', 17.0), ('dominance_speaker', -0.167), ('emotional_reaction', '0'), ('sentiment', 'neutral')]","[('l_word_len', 17.0), ('emotional_reaction', '0'), ('sentiment', 'neutral'), ('arousal_listener', 0.0057657528175249)]","[('dominance_speaker', -0.167), ('s_word_len', 7.0), ('arousal_speaker', 0.1497802199554209), ('valence_speaker', -0.035402843299945)]"
-0.137,0.5415,2,positive,0,0,1,1,77.0,18.0,-0.0755483870967741,0.2404516129032257,0,positive,0.0529032258064516,0.057,1.0,0.0,sub_9_conv_7,"Seeing like a lion here at the zoo. I mean it's the second time I see a lion, this time in a zoo. But the first time I saw one was when I was a child. I went to the circus once. And back then, circus were able to have wild animals. and I got to see this lion making tricks like jumping from one place to another these kind of things it was it was awesome",oh yeah like that sounds pretty cool but like I'd like to know like where are you from,0.035855029635543,-0.3122511256525601,0.1344956083721733,-0.0900079486052389,0,1,1,0.0530469258605213,0.0994444359763327,0.0024340046158478,-0.1464403040858243,0,sub_9_conv_7,1,2,2,1,2,1,2,1,1,2,2,1,2,1,2,1,1,2,0,"[('dominance_listener', 0.057), ('emotional_reaction', '0'), ('s_word_len', 77.0), ('valence_speaker', 0.2404516129032257)]","[('dominance_listener', 0.057), ('emotional_reaction', '0'), ('l_word_len', 18.0), ('arousal_listener', -0.137)]","[('s_word_len', 77.0), ('valence_speaker', 0.2404516129032257), ('dominance_speaker', 0.0529032258064516), ('arousal_speaker', -0.0755483870967741)]","[('dominance_listener', 0.057), ('emotional_reaction', '0'), ('s_word_len', 77.0), ('valence_speaker', -0.1464403040858243)]","[('dominance_listener', 0.057), ('emotional_reaction', '0'), ('l_word_len', 18.0), ('arousal_listener', 0.0530469258605213)]","[('s_word_len', 77.0), ('valence_speaker', -0.1464403040858243), ('dominance_speaker', 0.0529032258064516), ('arousal_speaker', 0.0024340046158478)]"
-0.242,0.531,2,neutral,0,1,1,1,29.0,35.0,-0.1875,0.2345,2,neutral,-0.0532499999999999,0.113,1.0,0.0,sub_9_conv_7,I'm just from here but 20 years ago circus could have animals and now it's forbidden so you can see these kind of animals only at the zoo now,okay I see but like I'm kind of new to here so I thought like seeing animal is not kind of popular here so that's why you haven't seen this kind of animal before right,0.061755823502732,-0.4477469618754651,0.0805662932137159,-0.2144996118004123,0,0,1,-0.0162035947503988,0.0091502717397114,-0.0130209235480876,-0.2430728733128255,0,sub_9_conv_7,1,2,2,1,2,1,2,1,1,2,0,0,0,0,0,0,1,2,0,"[('l_word_len', 35.0), ('dominance_speaker', -0.0532499999999999), ('emotional_reaction', '0'), ('valence_listener', 0.531)]","[('l_word_len', 35.0), ('emotional_reaction', '0'), ('valence_listener', 0.531), ('dominance_listener', 0.113)]","[('dominance_speaker', -0.0532499999999999), ('s_word_len', 29.0), ('valence_speaker', 0.2345), ('arousal_speaker', -0.1875)]","[('l_word_len', 35.0), ('sentiment', 'neutral'), ('valence_speaker', -0.2430728733128255), ('s_word_len', 29.0)]","[('l_word_len', 35.0), ('sentiment', 'neutral'), ('dominance_listener', 0.113), ('emotional_reaction', '0')]","[('valence_speaker', -0.2430728733128255), ('s_word_len', 29.0), ('dominance_speaker', -0.0532499999999999), ('arousal_speaker', -0.0130209235480876)]"
-0.0248,0.458,0,negative,0,0,0,9,22.0,19.0,-0.2145,0.1095,0,neutral,-0.0435,0.2136,1.0,0.0,sub_9_conv_7,yeah definitely it's more difficult to see these type of animals around here i don't know maybe it's different in other countries,yeah for me it's not really exciting because like i have seen many animals in my country so yeah,0.2143006963030854,-0.5921329778351714,0.0307086501827812,-0.1753252510473051,1,0,1,0.0140560551279468,0.0146723242668864,0.0856604874121597,-0.38164308448462,1,sub_9_conv_7,1,2,2,1,2,1,2,1,1,2,0,0,0,0,0,0,1,2,0,"[('l_word_len', 19.0), ('arousal_listener', -0.0248), ('dominance_listener', 0.2136), ('dominance_speaker', -0.0435)]","[('l_word_len', 19.0), ('arousal_listener', -0.0248), ('dominance_listener', 0.2136), ('valence_listener', 0.458)]","[('dominance_speaker', -0.0435), ('arousal_speaker', -0.2145), ('valence_speaker', 0.1095), ('s_word_len', 22.0)]","[('l_word_len', 19.0), ('s_word_len', 22.0), ('emotional_reaction', '0'), ('sentiment', 'negative')]","[('l_word_len', 19.0), ('emotional_reaction', '0'), ('sentiment', 'negative'), ('arousal_listener', 0.0140560551279468)]","[('s_word_len', 22.0), ('arousal_speaker', 0.0856604874121597), ('dominance_speaker', -0.0435), ('valence_speaker', -0.38164308448462)]"
-0.1785,0.27075,1,positive,0,0,0,4,9.0,24.0,0.0775999999999999,0.6456000000000001,2,positive,0.19,-0.0882499999999999,1.0,0.0,sub_9_conv_7,nice maybe I should visit your country sounds exciting,yeah you should because like you can do Safari and you can see many different types of animals there so you should visit sometimes,0.3096987772812866,-0.0889160189382359,0.0060659385093946,-0.1768962514916632,0,1,0,-0.0493038430434237,-0.0426023760441642,0.2400691440969005,0.1314387867432349,0,sub_9_conv_7,1,2,2,1,2,1,2,1,1,2,2,1,1,1,2,1,1,2,0,"[('l_word_len', 24.0), ('dominance_listener', -0.0882499999999999), ('emotional_reaction', '0'), ('sentiment', 'positive')]","[('l_word_len', 24.0), ('dominance_listener', -0.0882499999999999), ('emotional_reaction', '0'), ('sentiment', 'positive')]","[('arousal_speaker', 0.0775999999999999), ('s_word_len', 9.0), ('dominance_speaker', 0.19), ('valence_speaker', 0.6456000000000001)]","[('l_word_len', 24.0), ('dominance_listener', -0.0882499999999999), ('emotional_reaction', '0'), ('sentiment', 'positive')]","[('l_word_len', 24.0), ('dominance_listener', -0.0882499999999999), ('emotional_reaction', '0'), ('sentiment', 'positive')]","[('speaker_sentiment', 'positive'), ('dominance_speaker', 0.19), ('s_word_len', 9.0), ('arousal_speaker', 0.2400691440969005)]"
-0.0876666666666666,0.1926666666666666,1,negative,1,1,0,8,81.0,16.0,-0.1973636363636363,0.2693636363636363,0,negative,0.0681818181818181,0.0573333333333333,1.0,0.0,sub_9_conv_8,"As you know, I just sent my daughter to college, so she had to move to another state to go there. I thought she attended school for the last six months, but she's been lying to me. She called me from the school just last week and turns out that she didn't go to her lessons for the last four months. I don't know what's going on with her and she doesn't answer my calls. I don't know what to do.","Wow, that sounds bad. I think you should keep track of what she's doing right now.",0.0479075838166802,-0.0291210759193307,-0.0139402176283013,-0.1463785227010228,0,1,0,-0.0360581523398109,-0.0446649658907159,-0.0256737822374147,0.0604243377655594,0,sub_9_conv_8,1,2,2,1,2,1,2,1,1,2,2,1,2,1,2,1,1,2,0,"[('s_word_len', 81.0), ('dominance_listener', 0.0573333333333333), ('l_word_len', 16.0), ('intent', '8')]","[('dominance_listener', 0.0573333333333333), ('l_word_len', 16.0), ('intent', '8'), ('emotional_reaction', '1')]","[('s_word_len', 81.0), ('valence_speaker', 0.2693636363636363), ('arousal_speaker', -0.1973636363636363), ('speaker_sentiment', 'negative')]","[('s_word_len', 81.0), ('dominance_listener', 0.0573333333333333), ('l_word_len', 16.0), ('intent', '8')]","[('dominance_listener', 0.0573333333333333), ('l_word_len', 16.0), ('intent', '8'), ('emotional_reaction', '1')]","[('s_word_len', 81.0), ('valence_speaker', 0.0604243377655594), ('arousal_speaker', -0.0256737822374147), ('speaker_sentiment', 'negative')]"
-0.215090909090909,0.5074545454545455,2,neutral,1,1,1,8,36.0,31.0,-0.0102222222222222,0.2126666666666666,0,negative,0.1144444444444444,0.2305454545454545,1.0,0.0,sub_9_conv_8,"Yes, I will have to drive there and try to find her in person because there is no other way for me to contact her. I don't know even if she's okay or not. I'm scared.",yeah I think like you should try to contact teachers as well like and maybe you should talk with her friends to know what's going on with her right yeah right,0.0543385033019795,-0.0262731014406508,-0.0912965043429904,-0.2976068805634641,0,0,0,-0.128434825767366,-0.0560884527580612,0.0349702856447189,0.0454088289915444,0,sub_9_conv_8,1,2,2,1,2,1,2,1,1,2,2,1,1,1,1,1,1,2,0,"[('l_word_len', 31.0), ('sentiment', 'neutral'), ('emotional_reaction', '1'), ('valence_speaker', 0.2126666666666666)]","[('l_word_len', 31.0), ('sentiment', 'neutral'), ('emotional_reaction', '1'), ('intent', '8')]","[('valence_speaker', 0.2126666666666666), ('arousal_speaker', -0.0102222222222222), ('dominance_speaker', 0.1144444444444444), ('s_word_len', 36.0)]","[('valence_speaker', 0.0454088289915444), ('emotional_reaction', '1'), ('sentiment', 'neutral'), ('l_word_len', 31.0)]","[('emotional_reaction', '1'), ('sentiment', 'neutral'), ('l_word_len', 31.0), ('intent', '8')]","[('valence_speaker', 0.0454088289915444), ('arousal_speaker', 0.0349702856447189), ('s_word_len', 36.0), ('dominance_speaker', 0.1144444444444444)]"
-0.1036666666666666,0.2776666666666666,2,neutral,1,1,0,5,34.0,45.0,-0.1973999999999999,0.3412,2,neutral,0.0496,-0.0916666666666666,1.0,0.0,sub_9_conv_8,I forgot I had that option I will check here social media and see if I can contact some of her friends maybe that's the i can finally know if she's okay at least,yeah but do you remember like what we have what we did when were kids like maybe they also try to do some crazy stuff so you have to take a good care of her otherwise like you know sometimes things gonna go bad right,0.0373344741226625,-0.0629124653781566,0.0727631335228158,0.0051640852525588,1,1,0,0.019834193465971,0.0869148596767911,-0.0330858681141362,0.0583212742352904,1,sub_9_conv_8,1,2,2,1,2,1,2,1,1,1,1,1,0,0,1,1,1,2,0,"[('l_word_len', 45.0), ('sentiment', 'neutral'), ('intent', '5'), ('emotional_reaction', '1')]","[('l_word_len', 45.0), ('sentiment', 'neutral'), ('intent', '5'), ('emotional_reaction', '1')]","[('valence_speaker', 0.3412), ('arousal_speaker', -0.1973999999999999), ('dominance_speaker', 0.0496), ('s_word_len', 34.0)]","[('l_word_len', 45.0), ('valence_speaker', 0.0583212742352904), ('emotional_reaction', '1'), ('intent', '5')]","[('l_word_len', 45.0), ('emotional_reaction', '1'), ('intent', '5'), ('sentiment', 'neutral')]","[('valence_speaker', 0.0583212742352904), ('s_word_len', 34.0), ('dominance_speaker', 0.0496), ('arousal_speaker', -0.0330858681141362)]"
-0.2568571428571428,0.5391428571428571,1,positive,1,1,0,8,47.0,23.0,-0.0333333333333333,0.324,2,negative,0.1282666666666666,0.1437142857142857,1.0,0.0,sub_9_conv_8,yeah for now I just want to to know that she's alright and try to understand why she did this because she's a good daughter so probably something bad happened to her or bad friends I don't know I would try to help her overcome this together,yeah you should I think like everything gonna be fine just talk to her then maybe you can find a solution for that,-0.049913074279868,-0.0026354116105867,0.0034583405799093,-0.0506990021358057,0,1,0,-0.0746363044512063,0.1262535556477931,-0.0449391519959075,0.0953552118725893,0,sub_9_conv_8,1,2,2,1,2,1,2,1,1,2,2,1,2,1,2,1,1,2,0,"[('dominance_listener', 0.1437142857142857), ('emotional_reaction', '1'), ('l_word_len', 23.0), ('sentiment', 'positive')]","[('dominance_listener', 0.1437142857142857), ('emotional_reaction', '1'), ('l_word_len', 23.0), ('sentiment', 'positive')]","[('valence_speaker', 0.324), ('s_word_len', 47.0), ('arousal_speaker', -0.0333333333333333), ('dominance_speaker', 0.1282666666666666)]","[('dominance_listener', 0.1437142857142857), ('emotional_reaction', '1'), ('l_word_len', 23.0), ('sentiment', 'positive')]","[('dominance_listener', 0.1437142857142857), ('emotional_reaction', '1'), ('l_word_len', 23.0), ('sentiment', 'positive')]","[('valence_speaker', 0.0953552118725893), ('s_word_len', 47.0), ('arousal_speaker', -0.0449391519959075), ('dominance_speaker', 0.1282666666666666)]"
0.1226666666666666,0.3739999999999999,2,positive,1,0,1,3,70.0,7.0,-0.204,0.2070399999999999,2,positive,0.03928,0.2326666666666666,0.0,1.0,sub_11_conv_1,"The other day when I was walking around I went to buy some wood for something that I needed to do in my house but the surprising thing is that I just saw some guy walking around with a huge load of lumber on his shoulder and he was just carrying it like it was nothing and it was pretty heavy wood. I think it was like, what, 150 kilograms?","Wow, that's impressive. Did he look buff?",-0.0233983278407486,-0.0085891861170836,-0.2568549403994424,0.0540082709022495,0,0,1,-0.1429984582796096,0.1500057896315746,-0.077578829488524,0.0560995697180414,0,sub_11_conv_1,1,2,2,1,2,1,2,1,1,2,2,1,2,1,2,1,1,2,1,"[('l_word_len', 7.0), ('arousal_speaker', -0.204), ('s_word_len', 70.0), ('valence_listener', 0.3739999999999999)]","[('l_word_len', 7.0), ('valence_listener', 0.3739999999999999), ('emotional_reaction', '1'), ('arousal_listener', 0.1226666666666666)]","[('arousal_speaker', -0.204), ('s_word_len', 70.0), ('valence_speaker', 0.2070399999999999), ('speaker_sentiment', 'positive')]","[('l_word_len', 7.0), ('arousal_speaker', -0.077578829488524), ('s_word_len', 70.0), ('valence_listener', 0.1500057896315746)]","[('l_word_len', 7.0), ('valence_listener', 0.1500057896315746), ('emotional_reaction', '1'), ('arousal_listener', -0.1429984582796096)]","[('arousal_speaker', -0.077578829488524), ('s_word_len', 70.0), ('valence_speaker', 0.0560995697180414), ('speaker_sentiment', 'positive')]"
-0.1562499999999999,0.33325,2,positive,0,0,0,1,42.0,21.0,-0.1518823529411765,0.394235294117647,2,positive,0.070235294117647,0.0985,1.0,1.0,sub_11_conv_1,"Oh yeah, he was like really muscular, but I just found it impressive that people can actually carry around that kind of weight like in everyday life i thought that was like only things that bodybuilders did for like training and stuff",yeah 150 kilograms is impressive like for anyone maybe he's like uh he's been working there like for a long time?,-0.0153767930516339,0.0484644101143343,-0.0780607484587076,-0.0227109855593884,0,0,0,-0.1015175239210953,0.0840773101084281,-0.0563284610184966,0.1521956753153281,0,sub_11_conv_1,1,2,2,1,2,1,2,1,1,2,2,1,2,1,2,1,1,2,1,"[('dominance_listener', 0.0985), ('valence_speaker', 0.394235294117647), ('l_word_len', 21.0), ('sentiment', 'positive')]","[('dominance_listener', 0.0985), ('l_word_len', 21.0), ('sentiment', 'positive'), ('intent', '1')]","[('valence_speaker', 0.394235294117647), ('s_word_len', 42.0), ('arousal_speaker', -0.1518823529411765), ('dominance_speaker', 0.070235294117647)]","[('dominance_listener', 0.0985), ('valence_speaker', 0.1521956753153281), ('l_word_len', 21.0), ('sentiment', 'positive')]","[('dominance_listener', 0.0985), ('l_word_len', 21.0), ('sentiment', 'positive'), ('intent', '1')]","[('valence_speaker', 0.1521956753153281), ('s_word_len', 42.0), ('arousal_speaker', -0.0563284610184966), ('dominance_speaker', 0.070235294117647)]"
-0.0306666666666666,0.3953333333333333,0,neutral,1,0,0,6,22.0,17.0,0.0311111111111111,0.5735555555555556,2,positive,0.3259999999999999,-0.0193333333333333,1.0,1.0,sub_11_conv_1,"Yeah, maybe. Like, I didn't know that working in that profession made you like so strong, but it's pretty amazing, you know?","It's like, I'm also surprised, like, I had no idea somebody was capable of doing such things.",-0.0300308660687865,0.1090136107205693,-0.1194484922083902,-0.0664729072258992,0,1,0,-0.0928139445458731,0.0720689649418706,-0.0116882729148172,0.2483761941710652,0,sub_11_conv_1,1,2,2,1,2,1,2,1,1,1,1,1,1,1,2,1,1,2,1,"[('l_word_len', 17.0), ('interpretations', '0'), ('emotional_reaction', '1'), ('valence_listener', 0.3953333333333333)]","[('l_word_len', 17.0), ('interpretations', '0'), ('emotional_reaction', '1'), ('valence_listener', 0.3953333333333333)]","[('dominance_speaker', 0.3259999999999999), ('s_word_len', 22.0), ('speaker_sentiment', 'positive'), ('arousal_speaker', 0.0311111111111111)]","[('l_word_len', 17.0), ('interpretations', '0'), ('emotional_reaction', '1'), ('valence_listener', 0.0720689649418706)]","[('l_word_len', 17.0), ('interpretations', '0'), ('emotional_reaction', '1'), ('valence_listener', 0.0720689649418706)]","[('dominance_speaker', 0.3259999999999999), ('s_word_len', 22.0), ('speaker_sentiment', 'positive'), ('arousal_speaker', -0.0116882729148172)]"
-0.182,0.5206666666666666,0,negative,2,1,0,6,85.0,38.0,-0.2489032258064515,0.2450967741935484,2,negative,0.0109677419354838,0.2171666666666666,1.0,2.0,sub_11_conv_2,"So, I was reading the other day about news and I read a very very sad story about a kid, a baby who was born premature and she ended up actually passing away because you know once you are born premature you have to have access to medication and the parents because they were like religious they didn't believe in medication so they just never gave her medicine or anything and she ended up passing away and that was like really sad to to read",uh also for me now that i hear about this story i cannot believe somebody just didn't care about the life of their own daughter or like a son i don't believe such people exist in this world,-0.1483017958244129,-0.0205396908716079,0.2155569268688572,-0.0271441937784328,1,0,0,0.0962898488082,0.137199064355097,-0.1784822248190245,0.059151248647939,1,sub_11_conv_2,1,2,2,1,2,1,2,1,1,2,2,1,2,1,2,1,1,2,1,"[('emotional_reaction', '2'), ('sentiment', 'negative'), ('dominance_listener', 0.2171666666666666), ('arousal_listener', -0.182)]","[('emotional_reaction', '2'), ('sentiment', 'negative'), ('dominance_listener', 0.2171666666666666), ('arousal_listener', -0.182)]","[('valence_speaker', 0.2450967741935484), ('dominance_speaker', 0.0109677419354838), ('s_word_len', 85.0), ('speaker_sentiment', 'negative')]","[('emotional_reaction', '2'), ('sentiment', 'negative'), ('dominance_listener', 0.2171666666666666), ('arousal_listener', 0.0962898488082)]","[('emotional_reaction', '2'), ('sentiment', 'negative'), ('dominance_listener', 0.2171666666666666), ('arousal_listener', 0.0962898488082)]","[('valence_speaker', 0.059151248647939), ('dominance_speaker', 0.0109677419354838), ('s_word_len', 85.0), ('speaker_sentiment', 'negative')]"
-0.1659090909090909,0.3839090909090909,0,negative,1,0,0,9,55.0,55.0,-0.2265263157894737,0.2755789473684211,0,negative,0.0448421052631578,0.1250909090909091,1.0,2.0,sub_11_conv_2,"Yeah, it's a really sad thing and it kinda takes away your faith for humanity, right? It's like, how can you be so callous as to just allow that because you believe in something that you haven't seen? I don't know, it's really sad that we have these things happen in real life, you know?","Yes, it's like how people can do these extreme things just based on what they believe or their beliefs. You could say that they sacrificed their unborn son or daughter just because of their beliefs. I think that we should put at a higher level human values and consider life as the most important thing.",-0.119672304453626,0.121529058549517,0.2906425378367337,-0.0020648640866053,1,1,0,0.1536770492129863,0.1137273224121035,-0.1517285078543803,0.1677440251951882,1,sub_11_conv_2,1,2,2,1,2,1,2,1,1,2,2,1,2,1,2,1,1,2,1,"[('l_word_len', 55.0), ('valence_listener', 0.3839090909090909), ('emotional_reaction', '1'), ('arousal_listener', -0.1659090909090909)]","[('l_word_len', 55.0), ('valence_listener', 0.3839090909090909), ('emotional_reaction', '1'), ('arousal_listener', -0.1659090909090909)]","[('s_word_len', 55.0), ('valence_speaker', 0.2755789473684211), ('speaker_sentiment', 'negative'), ('arousal_speaker', -0.2265263157894737)]","[('l_word_len', 55.0), ('valence_listener', 0.1137273224121035), ('emotional_reaction', '1'), ('arousal_listener', 0.1536770492129863)]","[('l_word_len', 55.0), ('valence_listener', 0.1137273224121035), ('emotional_reaction', '1'), ('arousal_listener', 0.1536770492129863)]","[('s_word_len', 55.0), ('valence_speaker', 0.1677440251951882), ('speaker_sentiment', 'negative'), ('arousal_speaker', -0.1517285078543803)]"
-0.0858571428571428,0.4827142857142857,2,positive,2,1,0,5,48.0,40.0,-0.1505,0.0693333333333333,0,negative,-0.0436666666666666,0.1425714285714285,1.0,2.0,sub_11_conv_2,"Yeah, it's really sad that we haven't done anything in the law or anything to stop these kinds of things to happen, because that's someone that could have been saved, and that's the kind of thing that just makes you depressed or wild after you read about it.","Yes, I understand the feeling. I feel the same actually. There should be something we can do as a society to protect people, especially those like, they cannot defend themselves, like kids, protect them from the rest of the world.",-0.2074183843179877,0.1009569218199883,0.1565509389627305,-0.1857661896514194,1,1,0,0.0838285144167684,0.0147779529582921,-0.1903428690225913,0.0914698452739918,1,sub_11_conv_2,1,2,2,1,2,1,2,1,1,2,2,1,2,1,2,1,1,2,1,"[('dominance_listener', 0.1425714285714285), ('dominance_speaker', -0.0436666666666666), ('emotional_reaction', '2'), ('l_word_len', 40.0)]","[('dominance_listener', 0.1425714285714285), ('emotional_reaction', '2'), ('l_word_len', 40.0), ('valence_listener', 0.4827142857142857)]","[('dominance_speaker', -0.0436666666666666), ('speaker_sentiment', 'negative'), ('valence_speaker', 0.0693333333333333), ('arousal_speaker', -0.1505)]","[('dominance_listener', 0.1425714285714285), ('dominance_speaker', -0.0436666666666666), ('emotional_reaction', '2'), ('l_word_len', 40.0)]","[('dominance_listener', 0.1425714285714285), ('emotional_reaction', '2'), ('l_word_len', 40.0), ('valence_listener', 0.0147779529582921)]","[('dominance_speaker', -0.0436666666666666), ('speaker_sentiment', 'negative'), ('valence_speaker', 0.0914698452739918), ('arousal_speaker', -0.1903428690225913)]"
-0.0216470588235294,0.398,1,positive,1,1,1,3,94.0,39.0,-0.1173846153846153,0.2942307692307692,0,positive,0.0465384615384615,0.0875294117647058,1.0,1.0,sub_11_conv_3,"One thing that I anticipated a lot was the first time that I went to play Dungeons and Dragons. It was with a group of friends and they were all really into the game and I didn't know anything about it. So people were like, yeah, you'll be fine. But I didn't know what I was doing. And I felt kind of dumb. But at the end of the day, they also had fun. I tried my best. And it was really fun. And after that, I was looking forward to the next session.","I'm happy to hear that story. It's always difficult to start something new because maybe you feel like you will make mistakes. And also you started to play with a new group of people, I understand. Is that correct?",-0.0692554017402071,-0.027812162412335,0.0476444706606639,-0.0800968034234251,1,1,0,0.0268570118154059,0.0633322376036024,-0.0836941658335296,0.0688007170805962,1,sub_11_conv_3,1,2,2,1,2,1,2,1,1,2,2,1,2,1,2,1,1,2,1,"[('l_word_len', 39.0), ('dominance_listener', 0.0875294117647058), ('s_word_len', 94.0), ('valence_speaker', 0.2942307692307692)]","[('l_word_len', 39.0), ('dominance_listener', 0.0875294117647058), ('emotional_reaction', '1'), ('interpretations', '1')]","[('s_word_len', 94.0), ('valence_speaker', 0.2942307692307692), ('dominance_speaker', 0.0465384615384615), ('arousal_speaker', -0.1173846153846153)]","[('l_word_len', 39.0), ('dominance_listener', 0.0875294117647058), ('s_word_len', 94.0), ('valence_speaker', 0.0688007170805962)]","[('l_word_len', 39.0), ('dominance_listener', 0.0875294117647058), ('emotional_reaction', '1'), ('interpretations', '1')]","[('s_word_len', 94.0), ('valence_speaker', 0.0688007170805962), ('dominance_speaker', 0.0465384615384615), ('arousal_speaker', -0.0836941658335296)]"
0.0824,0.06,1,neutral,0,0,1,1,54.0,15.0,-0.0677777777777777,0.5,0,positive,0.1677777777777777,0.1424,0.0,1.0,sub_11_conv_3,"So yeah, that's actually correct. I was playing with an entire different group of people who were already very into it. And it was interesting because they all already knew what they were doing and I didn't. But yeah, I think it went pretty well. And yeah, that's what got me into that hobby.",So you continue playing with them in the same group? Continue playing Dungeons & Dragons?,-0.0440231876038322,0.0110377595872166,-0.0263740318471808,-0.3862041831877952,0,0,0,0.0062581777069734,-0.2523429282314566,-0.0511495646560158,0.1577264317110516,0,sub_11_conv_3,1,2,2,1,2,1,2,1,1,1,1,1,0,0,2,1,1,2,1,"[('emotional_reaction', '0'), ('dominance_speaker', 0.1677777777777777), ('s_word_len', 54.0), ('valence_speaker', 0.5)]","[('emotional_reaction', '0'), ('l_word_len', 15.0), ('sentiment', 'neutral'), ('dominance_listener', 0.1424)]","[('dominance_speaker', 0.1677777777777777), ('s_word_len', 54.0), ('valence_speaker', 0.5), ('arousal_speaker', -0.0677777777777777)]","[('l_word_len', 15.0), ('valence_speaker', 0.1577264317110516), ('sentiment', 'neutral'), ('emotional_reaction', '0')]","[('l_word_len', 15.0), ('sentiment', 'neutral'), ('emotional_reaction', '0'), ('arousal_listener', 0.0062581777069734)]","[('valence_speaker', 0.1577264317110516), ('dominance_speaker', 0.1677777777777777), ('s_word_len', 54.0), ('arousal_speaker', -0.0511495646560158)]"
0.2555,0.7609999999999999,2,positive,0,0,0,3,34.0,7.0,0.0295555555555555,0.3406666666666667,0,positive,0.0513333333333333,0.3825,1.0,1.0,sub_11_conv_3,"Yeah, I've actually been playing for a while now. and with the same group I changed groups a few times but yeah like I always get excited when we're going to play another session",awesome it's a great hobby to have,-0.0713003369652709,-0.1935645988470824,0.1349251222725226,-0.2301056062366996,0,0,1,0.1710975855907658,0.0672260756343103,-0.0410435692090229,-0.0332952191929576,0,sub_11_conv_3,1,2,2,1,2,1,2,1,0,0,1,1,1,1,2,1,1,2,1,"[('emotional_reaction', '0'), ('l_word_len', 7.0), ('s_word_len', 34.0), ('valence_listener', 0.7609999999999999)]","[('emotional_reaction', '0'), ('l_word_len', 7.0), ('valence_listener', 0.7609999999999999), ('sentiment', 'positive')]","[('s_word_len', 34.0), ('dominance_speaker', 0.0513333333333333), ('valence_speaker', 0.3406666666666667), ('arousal_speaker', 0.0295555555555555)]","[('emotional_reaction', '0'), ('valence_speaker', -0.0332952191929576), ('l_word_len', 7.0), ('s_word_len', 34.0)]","[('emotional_reaction', '0'), ('l_word_len', 7.0), ('arousal_listener', 0.1710975855907658), ('sentiment', 'positive')]","[('valence_speaker', -0.0332952191929576), ('s_word_len', 34.0), ('arousal_speaker', -0.0410435692090229), ('dominance_speaker', 0.0513333333333333)]"
0.02025,0.18075,0,negative,1,0,1,1,58.0,25.0,-0.1727619047619047,0.3329523809523809,0,negative,-0.0371428571428571,0.02275,1.0,2.0,sub_11_conv_4,Once I was having dinner and it was like a really good Italian place and I was having the time of my life eating stuff and suddenly I opened a ravioli and there was like a huge hair baked into it that's like super super gross and it kind of ruined the evening for me it was like,i don't even know what to say it's like it's horrible how how that could happen such a nice restaurant did you do you complain,0.0189922976384183,-0.0894734871189745,0.1038494640526214,0.2467535501163246,1,0,0,0.0787696248368349,0.2269524850814272,-0.0385339630816786,0.0372542733024321,1,sub_11_conv_4,1,2,2,1,2,1,2,1,1,2,2,1,2,1,2,1,1,2,1,"[('l_word_len', 25.0), ('arousal_listener', 0.02025), ('dominance_listener', 0.02275), ('valence_speaker', 0.3329523809523809)]","[('l_word_len', 25.0), ('arousal_listener', 0.02025), ('dominance_listener', 0.02275), ('valence_listener', 0.18075)]","[('valence_speaker', 0.3329523809523809), ('s_word_len', 58.0), ('dominance_speaker', -0.0371428571428571), ('arousal_speaker', -0.1727619047619047)]","[('l_word_len', 25.0), ('arousal_listener', 0.0787696248368349), ('dominance_listener', 0.02275), ('valence_speaker', 0.0372542733024321)]","[('l_word_len', 25.0), ('arousal_listener', 0.0787696248368349), ('dominance_listener', 0.02275), ('valence_listener', 0.2269524850814272)]","[('valence_speaker', 0.0372542733024321), ('s_word_len', 58.0), ('dominance_speaker', -0.0371428571428571), ('arousal_speaker', -0.0385339630816786)]"
0.0063076923076923,0.2259999999999999,1,neutral,0,1,1,1,61.0,36.0,-0.0571428571428571,0.1577142857142857,0,negative,0.0222857142857142,0.1281538461538461,1.0,2.0,sub_11_conv_4,yeah I did end up complaining actually the manager wasn't that helpful they were also telling me that I had was trying to scam the restaurant which made me more mad because I think that they were trying to cover for the for the cook who did that and it just kind of ruined the reputation of that restaurant for me,right I get it Maybe some people try to actually cheat and do what they thought you was doing. Do you think that's possible or is it just a tactic to protect themselves from these mistakes?,0.0487187924317444,-0.2308193579276641,0.1370875755185279,0.2236333244849906,0,1,0,0.0978536105552772,0.2243433271394934,0.0169602975593639,-0.1142592648350791,0,sub_11_conv_4,1,2,2,1,2,1,2,1,0,0,0,0,0,0,0,0,1,2,1,"[('l_word_len', 36.0), ('valence_speaker', 0.1577142857142857), ('dominance_listener', 0.1281538461538461), ('dominance_speaker', 0.0222857142857142)]","[('l_word_len', 36.0), ('dominance_listener', 0.1281538461538461), ('sentiment', 'neutral'), ('valence_listener', 0.2259999999999999)]","[('valence_speaker', 0.1577142857142857), ('dominance_speaker', 0.0222857142857142), ('s_word_len', 61.0), ('arousal_speaker', -0.0571428571428571)]","[('l_word_len', 36.0), ('valence_speaker', -0.1142592648350791), ('dominance_listener', 0.1281538461538461), ('dominance_speaker', 0.0222857142857142)]","[('l_word_len', 36.0), ('dominance_listener', 0.1281538461538461), ('sentiment', 'neutral'), ('valence_listener', 0.2243433271394934)]","[('valence_speaker', -0.1142592648350791), ('dominance_speaker', 0.0222857142857142), ('s_word_len', 61.0), ('arousal_speaker', 0.0169602975593639)]"
0.046,-0.1756,2,negative,1,1,0,6,67.0,14.0,-0.17088,0.20728,0,negative,-0.03352,-0.0143999999999999,0.0,2.0,sub_11_conv_4,I think it's more like a tactic. I don't think it's like that common that people scam and I think that's really really bad behavior on the part of the of the restaurants because even if someone is trying to scam like the restaurant it's still like something that they should take into account and I don't think you can fake a hair inside of the food,"Right, so you had the evidence. So just a shame. They lost a customer.",-0.1067405300092437,-0.186534425485574,0.0375746312261674,0.2700317373628069,1,1,0,0.0401022418583171,0.1363422161539648,-0.1259823710064706,-0.0683900978399017,1,sub_11_conv_4,1,2,2,1,2,1,2,1,1,2,2,1,2,1,2,1,1,2,1,"[('l_word_len', 14.0), ('dominance_listener', -0.0143999999999999), ('s_word_len', 67.0), ('valence_listener', -0.1756)]","[('l_word_len', 14.0), ('dominance_listener', -0.0143999999999999), ('valence_listener', -0.1756), ('emotional_reaction', '1')]","[('s_word_len', 67.0), ('dominance_speaker', -0.03352), ('arousal_speaker', -0.17088), ('speaker_sentiment', 'negative')]","[('l_word_len', 14.0), ('dominance_listener', -0.0143999999999999), ('s_word_len', 67.0), ('valence_listener', 0.1363422161539648)]","[('l_word_len', 14.0), ('dominance_listener', -0.0143999999999999), ('valence_listener', 0.1363422161539648), ('emotional_reaction', '1')]","[('s_word_len', 67.0), ('dominance_speaker', -0.03352), ('arousal_speaker', -0.1259823710064706), ('speaker_sentiment', 'negative')]"
-0.0281818181818181,0.2594545454545454,2,neutral,1,1,1,1,111.0,42.0,-0.1707179487179486,0.1553333333333333,0,negative,-0.126974358974359,-0.0741818181818181,1.0,0.0,sub_11_conv_5,so this is going to sound really crazy but I think I may have actually seen a ghost the other night like I was walking and it was the middle of the night and it was in the countryside so there was no one around and I was feeling pretty nervous you know it's dangerous and stuff but then I saw two little lights like the reflections from eyes and I thought it was a dog or something but I shine my flashlight over there and then I see that the two dots like stand straight up and I just I was so terrified I ran all the way back home.,"Wow. It's like something happened. These kind of things happen only in the movies. It's like wow. I'd be also so scared if that happens to me. So do you think it actually happened? So, you think it was actually a ghost?",-0.0670227232506304,-0.2820593345770382,-0.1389127273991699,-0.0700752866030394,0,1,1,-0.1056934546339643,0.028783663014236,-0.0981312908908259,-0.1508415342039267,0,sub_11_conv_5,1,2,2,1,2,1,2,1,0,0,0,0,0,0,2,1,1,2,0,"[('l_word_len', 42.0), ('emotional_reaction', '1'), ('valence_speaker', 0.1553333333333333), ('sentiment', 'neutral')]","[('l_word_len', 42.0), ('emotional_reaction', '1'), ('sentiment', 'neutral'), ('intent', '1')]","[('valence_speaker', 0.1553333333333333), ('s_word_len', 111.0), ('dominance_speaker', -0.126974358974359), ('arousal_speaker', -0.1707179487179486)]","[('l_word_len', 42.0), ('emotional_reaction', '1'), ('valence_speaker', -0.1508415342039267), ('sentiment', 'neutral')]","[('l_word_len', 42.0), ('emotional_reaction', '1'), ('sentiment', 'neutral'), ('intent', '1')]","[('valence_speaker', -0.1508415342039267), ('s_word_len', 111.0), ('dominance_speaker', -0.126974358974359), ('arousal_speaker', -0.0981312908908259)]"
0.096,0.34,1,neutral,1,0,1,1,72.0,7.0,-0.0080799999999999,0.22856,0,negative,0.03656,0.072,1.0,0.0,sub_11_conv_5,"Look, I don't know, but I feel like it might have been something weird. I found it like super, super scary. So maybe it was someone, even if it was someone, that's still pretty scary that they were hanging out in the middle of the night in a road like a countryside road I still think that's pretty scary but I don't know there are so many things that you can't explain",what did you do are you okay,-0.034777586768596,-0.1801389728038221,-0.5471195205450703,-0.2182349119556351,1,0,1,-0.3541836643815492,-0.0507644383689445,-0.0267683107380171,-0.0575292809626754,1,sub_11_conv_5,1,2,2,1,2,1,2,1,1,2,2,1,2,1,2,1,1,2,0,"[('emotional_reaction', '1'), ('l_word_len', 7.0), ('s_word_len', 72.0), ('valence_listener', 0.34)]","[('emotional_reaction', '1'), ('l_word_len', 7.0), ('valence_listener', 0.34), ('arousal_listener', 0.096)]","[('s_word_len', 72.0), ('speaker_sentiment', 'negative'), ('valence_speaker', 0.22856), ('dominance_speaker', 0.03656)]","[('emotional_reaction', '1'), ('l_word_len', 7.0), ('s_word_len', 72.0), ('valence_listener', -0.0507644383689445)]","[('emotional_reaction', '1'), ('l_word_len', 7.0), ('valence_listener', -0.0507644383689445), ('arousal_listener', -0.3541836643815492)]","[('s_word_len', 72.0), ('speaker_sentiment', 'negative'), ('valence_speaker', -0.0575292809626754), ('dominance_speaker', 0.03656)]"
-0.1482,0.0884,1,positive,1,1,0,5,43.0,37.0,-0.0463076923076923,0.3084615384615385,0,negative,-0.0015384615384615,-0.1028,1.0,0.0,sub_11_conv_5,I'm okay now but I went straight home running made it home like I was sweating it was like super weird experience and I couldn't sleep at all after that now I'm doing okay but I try to about it avoid that road,I understand I do the same like at least for for a while just a point going the same place where this weird thing happened it's hopefully nothing bad like that is gonna happen to you again,0.0229646036392068,-0.3585260127212694,-0.2840574011450791,-0.2149339351817894,1,0,1,-0.2433001808015553,-0.1239337546272525,0.002182914855137,-0.158429747366427,1,sub_11_conv_5,1,2,2,1,2,1,2,1,1,2,2,1,2,1,2,1,1,2,0,"[('valence_speaker', 0.3084615384615385), ('emotional_reaction', '1'), ('l_word_len', 37.0), ('dominance_speaker', -0.0015384615384615)]","[('emotional_reaction', '1'), ('l_word_len', 37.0), ('dominance_listener', -0.1028), ('arousal_listener', -0.1482)]","[('valence_speaker', 0.3084615384615385), ('dominance_speaker', -0.0015384615384615), ('arousal_speaker', -0.0463076923076923), ('s_word_len', 43.0)]","[('valence_speaker', -0.158429747366427), ('emotional_reaction', '1'), ('l_word_len', 37.0), ('dominance_speaker', -0.0015384615384615)]","[('emotional_reaction', '1'), ('l_word_len', 37.0), ('dominance_listener', -0.1028), ('arousal_listener', -0.2433001808015553)]","[('valence_speaker', -0.158429747366427), ('dominance_speaker', -0.0015384615384615), ('arousal_speaker', 0.002182914855137), ('s_word_len', 43.0)]"
-0.2415,0.134,1,neutral,1,0,1,1,94.0,20.0,-0.142,0.1061212121212121,0,negative,-0.0983636363636363,-0.045,1.0,0.0,sub_11_conv_6,"The thing that made me angry last weekend that I was furious was that I got a flat tire in the middle of the road. I was driving back home from a night out and suddenly I realized that my tire is flat so I pulled over to the side of the road and I realized that there was like a spike, like a railroad spike inside of my tire. So someone left that outside on the road and now I have to pay like a lot of money to get a new tire.","Yeah, this kind of thing sometimes happens. Is there someone you think that has a grudge on you or something?",-0.1071457018818295,-0.279586756248968,0.1921368650521155,0.4432040997170501,0,1,0,0.0620458055364808,0.350442869801935,-0.1176019913172806,-0.1638743657379139,0,sub_11_conv_6,1,2,2,1,2,1,2,1,1,1,1,1,0,0,0,0,1,2,0,"[('l_word_len', 20.0), ('sentiment', 'neutral'), ('emotional_reaction', '1'), ('valence_speaker', 0.1061212121212121)]","[('l_word_len', 20.0), ('sentiment', 'neutral'), ('emotional_reaction', '1'), ('intent', '1')]","[('valence_speaker', 0.1061212121212121), ('arousal_speaker', -0.142), ('dominance_speaker', -0.0983636363636363), ('s_word_len', 94.0)]","[('l_word_len', 20.0), ('emotional_reaction', '1'), ('valence_speaker', -0.1638743657379139), ('intent', '1')]","[('l_word_len', 20.0), ('emotional_reaction', '1'), ('intent', '1'), ('sentiment', 'neutral')]","[('valence_speaker', -0.1638743657379139), ('arousal_speaker', -0.1176019913172806), ('dominance_speaker', -0.0983636363636363), ('s_word_len', 94.0)]"
0.5896,-0.5724,2,negative,2,1,0,6,66.0,15.0,-0.0377391304347826,0.1861739130434782,0,negative,0.1490434782608695,0.0087999999999999,0.0,0.0,sub_11_conv_6,"I mean maybe, I don't know. But I feel like there are better methods to confront that conflict than just to start damaging other people's property especially something that is as expensive as a car tire you know i feel like if they would confront me directly and tell me that they have a problem with me i feel like we could do something about it",it was bad dangerous an accident could happen because of that I'd be angry too,-0.1268058814636081,-0.3093917303897299,0.3188584899353248,0.309924856618029,0,1,0,0.4000809429547274,0.0452273996326202,-0.1000858561549604,-0.1607220373597674,0,sub_11_conv_6,1,2,2,1,2,1,2,1,1,2,2,1,2,1,2,1,1,2,0,"[('valence_listener', -0.5724), ('l_word_len', 15.0), ('s_word_len', 66.0), ('dominance_listener', 0.0087999999999999)]","[('valence_listener', -0.5724), ('l_word_len', 15.0), ('dominance_listener', 0.0087999999999999), ('emotional_reaction', '2')]","[('s_word_len', 66.0), ('arousal_speaker', -0.0377391304347826), ('dominance_speaker', 0.1490434782608695), ('valence_speaker', 0.1861739130434782)]","[('valence_listener', 0.0452273996326202), ('l_word_len', 15.0), ('s_word_len', 66.0), ('dominance_listener', 0.0087999999999999)]","[('valence_listener', 0.0452273996326202), ('l_word_len', 15.0), ('dominance_listener', 0.0087999999999999), ('emotional_reaction', '2')]","[('s_word_len', 66.0), ('arousal_speaker', -0.1000858561549604), ('dominance_speaker', 0.1490434782608695), ('valence_speaker', -0.1607220373597674)]"
-0.209,0.166,2,negative,2,1,0,6,30.0,5.0,0.2952,-0.26,0,negative,0.056,-0.344,0.0,0.0,sub_11_conv_6,"that's what I'm saying, they could have actually killed me and thankfully there was no traffic or anything but yeah, that's really something that makes me furious like, actually furious",I'm sorry to hear that,-0.0787268723046337,-0.1870816560252471,0.0280201308899852,0.0851775463094331,0,0,0,-0.0430859083770103,0.1094242824166031,0.0334511893867564,-0.2089571592176729,0,sub_11_conv_6,1,2,2,1,2,1,2,1,0,0,0,0,0,0,2,1,1,1,0,"[('s_word_len', 30.0), ('emotional_reaction', '2'), ('dominance_speaker', 0.056), ('dominance_listener', -0.344)]","[('emotional_reaction', '2'), ('dominance_listener', -0.344), ('interpretations', '1'), ('sentiment', 'negative')]","[('s_word_len', 30.0), ('dominance_speaker', 0.056), ('valence_speaker', -0.26), ('arousal_speaker', 0.2952)]","[('s_word_len', 30.0), ('emotional_reaction', '2'), ('dominance_speaker', 0.056), ('dominance_listener', -0.344)]","[('emotional_reaction', '2'), ('dominance_listener', -0.344), ('interpretations', '1'), ('sentiment', 'negative')]","[('s_word_len', 30.0), ('dominance_speaker', 0.056), ('valence_speaker', -0.2089571592176729), ('arousal_speaker', 0.0334511893867564)]"
-0.067625,0.5372499999999999,2,positive,2,1,0,5,71.0,37.0,0.0008333333333333,0.46275,2,positive,0.21875,0.3012499999999999,1.0,2.0,sub_11_conv_7,"A friend of mine, one of my best friends actually, just left her job. I feel like it was out of the blue. But then I heard from her that she's actually starting her nursing career. So she's going to change her entire career from finance to nursing. and I think that's great. I trust that she will do her best and I trust that she will have a great career.",Great news? I'm happy for her. I'm sure that she was great at her previous job and I am sure she will continue to be like really good in this new avenue and she's so so brave.,0.1372504993783228,0.066678112975803,-0.0271364833851221,-0.0529445266287432,1,1,0,-0.0392830383695854,0.1241138313598797,0.0963253495648259,0.1854996790830621,1,sub_11_conv_7,1,2,2,1,2,1,2,1,1,2,2,1,2,1,0,0,1,2,1,"[('dominance_listener', 0.3012499999999999), ('valence_speaker', 0.46275), ('emotional_reaction', '2'), ('l_word_len', 37.0)]","[('dominance_listener', 0.3012499999999999), ('emotional_reaction', '2'), ('l_word_len', 37.0), ('valence_listener', 0.5372499999999999)]","[('valence_speaker', 0.46275), ('s_word_len', 71.0), ('speaker_sentiment', 'positive'), ('arousal_speaker', 0.0008333333333333)]","[('dominance_listener', 0.3012499999999999), ('valence_speaker', 0.1854996790830621), ('emotional_reaction', '2'), ('l_word_len', 37.0)]","[('dominance_listener', 0.3012499999999999), ('emotional_reaction', '2'), ('l_word_len', 37.0), ('valence_listener', 0.1241138313598797)]","[('valence_speaker', 0.1854996790830621), ('s_word_len', 71.0), ('speaker_sentiment', 'positive'), ('arousal_speaker', 0.0963253495648259)]"
0.0427999999999999,0.3476,2,positive,0,0,1,1,53.0,14.0,0.0006315789473684,0.4002105263157894,2,positive,0.267578947368421,0.0955999999999999,1.0,2.0,sub_11_conv_7,Yeah I mean she it has to be difficult to just like change your career like that for something completely different but I also think that it's great that she's doing something that will actually help people and I trust that with her personality and her drive she will she will do great.,So that's the reason for her changing careers she wanted to actually help people?,0.070340964464153,0.0884621263891418,0.0276568991356123,0.0290400907697524,1,0,1,0.0321998293949286,0.1246080635388267,0.0494281488091176,0.1819866463671361,1,sub_11_conv_7,1,2,2,1,2,1,2,1,0,0,0,0,1,1,2,1,1,2,1,"[('l_word_len', 14.0), ('emotional_reaction', '0'), ('arousal_listener', 0.0427999999999999), ('sentiment', 'positive')]","[('l_word_len', 14.0), ('emotional_reaction', '0'), ('arousal_listener', 0.0427999999999999), ('sentiment', 'positive')]","[('arousal_speaker', 0.0006315789473684), ('valence_speaker', 0.4002105263157894), ('s_word_len', 53.0), ('speaker_sentiment', 'positive')]","[('l_word_len', 14.0), ('valence_speaker', 0.1819866463671361), ('dominance_speaker', 0.267578947368421), ('emotional_reaction', '0')]","[('l_word_len', 14.0), ('emotional_reaction', '0'), ('dominance_listener', 0.0955999999999999), ('sentiment', 'positive')]","[('valence_speaker', 0.1819866463671361), ('dominance_speaker', 0.267578947368421), ('s_word_len', 53.0), ('arousal_speaker', 0.0494281488091176)]"
0.108,0.612,2,positive,1,0,0,7,40.0,25.0,-0.1289230769230769,0.3349230769230769,2,positive,0.0272307692307692,0.34775,1.0,2.0,sub_11_conv_7,Yeah she told me that she always dreamed of working in like medicine and stuff like that and now that she actually has a shot in nursing school I think well she should take that route and follow her dreams,It's an inspiring story. It's great that she could be able to just like that change career into something that she really loves. I'm inspired.,0.0869671938642993,0.0958767782758978,-0.1285448911317499,0.0980022394915024,0,0,0,-0.0575814237922249,0.2522015676440516,0.0222001126280864,0.1675906678700515,0,sub_11_conv_7,1,2,2,1,2,1,2,1,1,2,2,1,2,1,2,1,1,2,1,"[('emotional_reaction', '1'), ('valence_listener', 0.612), ('l_word_len', 25.0), ('dominance_listener', 0.34775)]","[('emotional_reaction', '1'), ('valence_listener', 0.612), ('l_word_len', 25.0), ('dominance_listener', 0.34775)]","[('arousal_speaker', -0.1289230769230769), ('speaker_sentiment', 'positive'), ('valence_speaker', 0.3349230769230769), ('s_word_len', 40.0)]","[('emotional_reaction', '1'), ('valence_listener', 0.2522015676440516), ('l_word_len', 25.0), ('dominance_listener', 0.34775)]","[('emotional_reaction', '1'), ('valence_listener', 0.2522015676440516), ('l_word_len', 25.0), ('dominance_listener', 0.34775)]","[('arousal_speaker', 0.0222001126280864), ('speaker_sentiment', 'positive'), ('valence_speaker', 0.1675906678700515), ('s_word_len', 40.0)]"
0.0811428571428571,0.5077142857142857,2,positive,1,1,1,7,46.0,14.0,-0.1063157894736841,0.4117894736842105,0,positive,0.1774736842105263,0.2628571428571428,1.0,0.0,sub_11_conv_8,"So, I feel like so happy right now, because my sister has finally, finally finished college. And it took her like 6 years or something like that. So she changed her major a couple times, but now that she finally is out of college I’m overjoyed","It's awesome. I'm glad that your, what do you say, your daughter finished college?",0.0421456644454634,0.0633136698838179,0.2264841437166142,-0.0381024823658578,0,0,0,0.1828817577444871,0.1256425480581852,-0.0023927717302808,0.1678564110239357,0,sub_11_conv_8,1,2,2,1,2,1,2,1,1,2,2,1,2,1,2,1,1,2,0,"[('dominance_listener', 0.2628571428571428), ('arousal_speaker', -0.1063157894736841), ('l_word_len', 14.0), ('s_word_len', 46.0)]","[('dominance_listener', 0.2628571428571428), ('l_word_len', 14.0), ('arousal_listener', 0.0811428571428571), ('sentiment', 'positive')]","[('arousal_speaker', -0.1063157894736841), ('s_word_len', 46.0), ('dominance_speaker', 0.1774736842105263), ('speaker_sentiment', 'positive')]","[('dominance_listener', 0.2628571428571428), ('arousal_speaker', -0.0023927717302808), ('l_word_len', 14.0), ('s_word_len', 46.0)]","[('dominance_listener', 0.2628571428571428), ('l_word_len', 14.0), ('arousal_listener', 0.1828817577444871), ('sentiment', 'positive')]","[('arousal_speaker', -0.0023927717302808), ('s_word_len', 46.0), ('dominance_speaker', 0.1774736842105263), ('speaker_sentiment', 'positive')]"
-0.2319999999999999,0.626,2,positive,1,0,0,9,33.0,16.0,-0.0644444444444444,0.5595555555555555,2,positive,0.1979999999999999,0.236,1.0,0.0,sub_11_conv_8,"It was my sister actually. Yeah, so I'm really glad that's done and now that she can actually take part in the working world you know do you have any experience like that?",oh yeah your sister yes I also have a younger brother and he's in college now,0.1698038073569053,0.0919290060765323,0.5072793788739537,0.16457914733355,0,1,1,0.2854955652117675,0.303005403133485,0.0995293318165003,0.2322169709202392,0,sub_11_conv_8,1,2,2,1,2,1,2,1,1,2,2,1,2,1,0,0,1,2,0,"[('sentiment', 'positive'), ('l_word_len', 16.0), ('valence_listener', 0.626), ('dominance_listener', 0.236)]","[('sentiment', 'positive'), ('l_word_len', 16.0), ('valence_listener', 0.626), ('dominance_listener', 0.236)]","[('valence_speaker', 0.5595555555555555), ('s_word_len', 33.0), ('speaker_sentiment', 'positive'), ('dominance_speaker', 0.1979999999999999)]","[('sentiment', 'positive'), ('l_word_len', 16.0), ('valence_listener', 0.303005403133485), ('dominance_listener', 0.236)]","[('sentiment', 'positive'), ('l_word_len', 16.0), ('valence_listener', 0.303005403133485), ('dominance_listener', 0.236)]","[('valence_speaker', 0.2322169709202392), ('s_word_len', 33.0), ('speaker_sentiment', 'positive'), ('dominance_speaker', 0.1979999999999999)]"
0.0606666666666666,-0.088,2,neutral,0,0,0,9,22.0,8.0,-0.1609999999999999,0.3808,2,positive,0.1651999999999999,-0.1746666666666666,0.0,0.0,sub_11_conv_8,oh that's great I'm sure that he will do great and hopefully he can finish college before it's another like six years.,"Yes, he also needs to pay the rent.",0.0056147277780202,0.2206905169886025,0.2367662154012252,0.3825439201523594,0,1,1,0.1839363507808576,0.2413807441066515,-0.0443696905553858,0.2687233618920218,0,sub_11_conv_8,0,0,0,0,1,1,1,1,0,0,0,0,0,0,2,1,0,0,0,"[('l_word_len', 8.0), ('dominance_speaker', 0.1651999999999999), ('s_word_len', 22.0), ('valence_speaker', 0.3808)]","[('l_word_len', 8.0), ('emotional_reaction', '0'), ('valence_listener', -0.088), ('who', '2')]","[('dominance_speaker', 0.1651999999999999), ('s_word_len', 22.0), ('valence_speaker', 0.3808), ('arousal_speaker', -0.1609999999999999)]","[('l_word_len', 8.0), ('dominance_speaker', 0.1651999999999999), ('s_word_len', 22.0), ('valence_speaker', 0.2687233618920218)]","[('l_word_len', 8.0), ('emotional_reaction', '0'), ('valence_listener', 0.2413807441066515), ('who', '2')]","[('dominance_speaker', 0.1651999999999999), ('s_word_len', 22.0), ('valence_speaker', 0.2687233618920218), ('arousal_speaker', -0.0443696905553858)]"
-0.048125,0.42325,2,positive,1,0,0,7,57.0,38.0,0.0912380952380952,0.3034285714285715,0,positive,0.1953333333333333,0.23875,1.0,2.0,sub_12_conv_2,So as you know I am a big fan of boxing and tonight is the finals at the Olympics of boxing and one of the finalists is from my country so I'm very excited. As soon as I finish work I want to go home and watch the finals because maybe he can get a gold medal,yeah it sounds very interesting you know you can leave just not after work you can leave right now maybe yeah looking forward to hearing the result and I hope your the boxer from your country will win,0.1143771401962349,-0.2338039018148536,0.0725518438273167,-0.0927601367233845,0,1,1,0.0363487906791216,0.0620429042936308,0.107435426708793,-0.072634159841826,0,sub_12_conv_2,1,2,2,1,2,1,2,1,1,2,2,1,2,1,2,1,1,2,1,"[('l_word_len', 38.0), ('valence_listener', 0.42325), ('emotional_reaction', '1'), ('dominance_listener', 0.23875)]","[('l_word_len', 38.0), ('valence_listener', 0.42325), ('emotional_reaction', '1'), ('dominance_listener', 0.23875)]","[('valence_speaker', 0.3034285714285715), ('dominance_speaker', 0.1953333333333333), ('speaker_sentiment', 'positive'), ('arousal_speaker', 0.0912380952380952)]","[('l_word_len', 38.0), ('valence_listener', 0.0620429042936308), ('emotional_reaction', '1'), ('dominance_listener', 0.23875)]","[('l_word_len', 38.0), ('valence_listener', 0.0620429042936308), ('emotional_reaction', '1'), ('dominance_listener', 0.23875)]","[('valence_speaker', -0.072634159841826), ('dominance_speaker', 0.1953333333333333), ('speaker_sentiment', 'positive'), ('arousal_speaker', 0.107435426708793)]"
0.348,0.4016,1,positive,1,0,1,3,38.0,10.0,-0.0049090909090909,0.4292727272727273,0,positive,0.1716363636363636,0.0103999999999999,1.0,2.0,sub_12_conv_2,yeah thank you so it's probably I'm gonna leave now because I'm too excited I cannot focus on my work and even if he loses the finals he gets a silver medal so it's like anyway it's good,"Yeah, it does sound exciting. Do you also play boxing?",0.1563452983820849,-0.1814490255384843,0.0419779860556725,-0.0814912156214545,0,0,1,0.1337845902389707,0.0634361490649818,0.1079689815947321,0.0017675003048792,0,sub_12_conv_2,1,2,2,1,2,1,2,1,1,2,2,1,2,1,2,1,1,2,1,"[('l_word_len', 10.0), ('intent', '3'), ('valence_listener', 0.4016), ('s_word_len', 38.0)]","[('l_word_len', 10.0), ('intent', '3'), ('valence_listener', 0.4016), ('emotional_reaction', '1')]","[('s_word_len', 38.0), ('speaker_sentiment', 'positive'), ('valence_speaker', 0.4292727272727273), ('arousal_speaker', -0.0049090909090909)]","[('l_word_len', 10.0), ('intent', '3'), ('valence_listener', 0.0634361490649818), ('s_word_len', 38.0)]","[('l_word_len', 10.0), ('intent', '3'), ('valence_listener', 0.0634361490649818), ('emotional_reaction', '1')]","[('s_word_len', 38.0), ('speaker_sentiment', 'positive'), ('valence_speaker', 0.0017675003048792), ('arousal_speaker', 0.1079689815947321)]"
0.0842222222222222,0.5697777777777778,1,positive,1,0,0,7,11.0,24.0,-0.1968,0.1492,0,neutral,-0.094,0.4244444444444444,0.0,2.0,sub_12_conv_2,"I practiced a little bit during high school, but not anymore.","Yeah, yeah, thank you and I hope again I hope your boxer will win the final and I hope you enjoy the show tonight.",0.1418121405957866,-0.2885663570927478,0.0779549672225078,-0.072739360927084,1,0,1,0.0798351437224221,0.1200157806843745,0.0402284984170506,-0.1572364499649234,1,sub_12_conv_2,1,2,2,1,2,1,2,1,1,2,2,1,2,1,1,1,1,1,1,"[('l_word_len', 24.0), ('dominance_listener', 0.4244444444444444), ('arousal_speaker', -0.1968), ('arousal_listener', 0.0842222222222222)]","[('l_word_len', 24.0), ('dominance_listener', 0.4244444444444444), ('arousal_listener', 0.0842222222222222), ('interpretations', '0')]","[('arousal_speaker', -0.1968), ('valence_speaker', 0.1492), ('speaker_sentiment', 'neutral'), ('dominance_speaker', -0.094)]","[('l_word_len', 24.0), ('dominance_listener', 0.4244444444444444), ('arousal_speaker', 0.0402284984170506), ('arousal_listener', 0.0798351437224221)]","[('l_word_len', 24.0), ('dominance_listener', 0.4244444444444444), ('arousal_listener', 0.0798351437224221), ('interpretations', '0')]","[('arousal_speaker', 0.0402284984170506), ('valence_speaker', -0.1572364499649234), ('speaker_sentiment', 'neutral'), ('dominance_speaker', -0.094)]"
-0.243,0.1685,1,negative,2,1,0,6,58.0,16.0,-0.0579999999999999,0.0623157894736842,0,negative,-0.0191578947368421,-0.2139999999999999,1.0,0.0,sub_12_conv_3,I've been feeling bad the whole morning. I even have a headache because I cannot sleep well. And it's just because of my noisy neighbors. They cannot stop making noise every night until late night. And I don't know what to do. I talk to them and they don't change. They continue being just very loud at night.,I'm sorry to hear that but I also don't know what to do for you. Sorry.,-0.1480441818171822,-0.2549465550835307,0.0560818612103528,0.0780599991022018,0,0,0,-0.033642697152753,0.1051919993715412,-0.1210309272720275,-0.1597678517163662,0,sub_12_conv_3,1,2,2,1,2,1,2,1,1,2,2,1,2,1,2,1,1,2,0,"[('dominance_listener', -0.2139999999999999), ('s_word_len', 58.0), ('interpretations', '1'), ('sentiment', 'negative')]","[('dominance_listener', -0.2139999999999999), ('interpretations', '1'), ('sentiment', 'negative'), ('emotional_reaction', '2')]","[('s_word_len', 58.0), ('dominance_speaker', -0.0191578947368421), ('valence_speaker', 0.0623157894736842), ('speaker_sentiment', 'negative')]","[('dominance_listener', -0.2139999999999999), ('s_word_len', 58.0), ('interpretations', '1'), ('sentiment', 'negative')]","[('dominance_listener', -0.2139999999999999), ('interpretations', '1'), ('sentiment', 'negative'), ('emotional_reaction', '2')]","[('s_word_len', 58.0), ('dominance_speaker', -0.0191578947368421), ('valence_speaker', -0.1597678517163662), ('speaker_sentiment', 'negative')]"
-0.095090909090909,0.4194545454545455,2,neutral,1,1,1,8,22.0,38.0,-0.0699999999999999,0.0891428571428571,0,negative,-0.0222857142857142,0.1132727272727272,1.0,0.0,sub_12_conv_3,"Yeah, it's a bad situation. maybe I will need to move to another place or something. It's like I cannot do anything.","Yeah, that sounds... Well, I'm sorry for it, but have you ever talked to him in person? Or did you talk to the management company yourself? I think you should try to talk to them before deciding moving.",-0.0263920917895273,-0.1319972260659851,-0.0106589294434579,0.1951437895750347,0,1,0,-0.0359885233376932,0.2624370163388879,-0.0394744642526691,-0.0656552011033324,0,sub_12_conv_3,1,2,2,1,2,1,2,1,0,0,0,0,0,0,0,0,1,2,0,"[('l_word_len', 38.0), ('emotional_reaction', '1'), ('valence_speaker', 0.0891428571428571), ('sentiment', 'neutral')]","[('l_word_len', 38.0), ('emotional_reaction', '1'), ('sentiment', 'neutral'), ('intent', '8')]","[('valence_speaker', 0.0891428571428571), ('arousal_speaker', -0.0699999999999999), ('s_word_len', 22.0), ('dominance_speaker', -0.0222857142857142)]","[('l_word_len', 38.0), ('emotional_reaction', '1'), ('valence_speaker', -0.0656552011033324), ('sentiment', 'neutral')]","[('l_word_len', 38.0), ('emotional_reaction', '1'), ('sentiment', 'neutral'), ('intent', '8')]","[('valence_speaker', -0.0656552011033324), ('arousal_speaker', -0.0394744642526691), ('s_word_len', 22.0), ('dominance_speaker', -0.0222857142857142)]"
0.1573333333333333,-0.2573333333333333,2,neutral,2,1,1,6,109.0,16.0,-0.1014736842105263,0.2331052631578946,0,negative,-0.0067368421052631,-0.1616666666666666,0.0,2.0,sub_12_conv_4,"So I just got my new car, my first car a month ago. so I don't have much experience driving and last week I decided to go to try my car and go somewhere new. At the beginning it was fun. i continued driving until night but it started raining really hard and it was my first time driving in the rain and i got really scared i couldn't see anything the car felt weird like different than usual and i had to stop on the side of the road and I waited there for many hours until the rain stopped and then I could continue and go home.",that sounds scary night. Yeah it must be scary. Were you driving alone or with someone?,0.0404213234949926,-0.1573176921653459,0.1313541384760074,0.0833255555874519,0,0,0,0.1391478969332051,-0.0188721110887836,-0.002147178816663,-0.0401908055683737,0,sub_12_conv_4,1,2,2,1,2,1,2,1,1,1,1,1,0,0,0,0,1,2,1,"[('sentiment', 'neutral'), ('emotional_reaction', '2'), ('l_word_len', 16.0), ('valence_speaker', 0.2331052631578946)]","[('sentiment', 'neutral'), ('emotional_reaction', '2'), ('l_word_len', 16.0), ('intent', '6')]","[('valence_speaker', 0.2331052631578946), ('s_word_len', 109.0), ('dominance_speaker', -0.0067368421052631), ('speaker_sentiment', 'negative')]","[('emotional_reaction', '2'), ('sentiment', 'neutral'), ('l_word_len', 16.0), ('valence_speaker', -0.0401908055683737)]","[('emotional_reaction', '2'), ('sentiment', 'neutral'), ('l_word_len', 16.0), ('dominance_listener', -0.1616666666666666)]","[('valence_speaker', -0.0401908055683737), ('s_word_len', 109.0), ('dominance_speaker', -0.0067368421052631), ('arousal_speaker', -0.002147178816663)]"
-0.1507142857142856,0.2598571428571428,1,neutral,0,1,1,8,34.0,43.0,-0.104,0.1033333333333333,0,negative,-0.045,0.1295714285714285,1.0,2.0,sub_12_conv_4,It was just me. So I didn't have a connection so I couldn't call anyone or even just watch something to distract me. I was just there in the middle of nowhere by myself.,"Yeah, one thing I could recommend you do, didn't you check the weather forecast before you're going or, well, or you better check the destination. Like you said it was your first time, then maybe you could check the route more closely. Maybe.",0.011290065458403,-0.1660662851557583,0.1147476267817883,0.1215505750413943,1,1,0,0.0351090530329661,0.1630425453861188,-0.0232969541791179,-0.0852463996090308,1,sub_12_conv_4,1,2,2,1,2,1,2,1,1,1,1,1,0,0,0,0,1,2,1,"[('l_word_len', 43.0), ('s_word_len', 34.0), ('dominance_speaker', -0.045), ('dominance_listener', 0.1295714285714285)]","[('l_word_len', 43.0), ('dominance_listener', 0.1295714285714285), ('emotional_reaction', '0'), ('sentiment', 'neutral')]","[('s_word_len', 34.0), ('dominance_speaker', -0.045), ('valence_speaker', 0.1033333333333333), ('arousal_speaker', -0.104)]","[('l_word_len', 43.0), ('dominance_speaker', -0.045), ('valence_speaker', -0.0852463996090308), ('sentiment', 'neutral')]","[('l_word_len', 43.0), ('sentiment', 'neutral'), ('dominance_listener', 0.1295714285714285), ('emotional_reaction', '0')]","[('dominance_speaker', -0.045), ('valence_speaker', -0.0852463996090308), ('arousal_speaker', -0.0232969541791179), ('s_word_len', 34.0)]"
0.2325,0.068,1,positive,1,1,0,5,19.0,23.0,0.0219999999999999,0.32,0,positive,0.2785,0.1162499999999999,0.0,2.0,sub_12_conv_4,"Yes, I will definitely do that because I'm a beginner and after this experience, I'll definitely be more careful.","Yeah, please do so. We are worried if you get injured or get an accident. So I hope you enjoy the next time.",0.0437031954487085,-0.0732097132845077,0.0846336614728407,0.1614093418904776,0,1,0,0.1289935630309885,0.1333865393233343,0.0371922368140959,0.0447532007008446,0,sub_12_conv_4,1,2,2,1,2,1,2,1,1,2,2,1,2,1,2,1,1,2,1,"[('emotional_reaction', '1'), ('l_word_len', 23.0), ('sentiment', 'positive'), ('arousal_speaker', 0.0219999999999999)]","[('emotional_reaction', '1'), ('l_word_len', 23.0), ('sentiment', 'positive'), ('dominance_listener', 0.1162499999999999)]","[('arousal_speaker', 0.0219999999999999), ('s_word_len', 19.0), ('valence_speaker', 0.32), ('speaker_sentiment', 'positive')]","[('emotional_reaction', '1'), ('l_word_len', 23.0), ('sentiment', 'positive'), ('arousal_speaker', 0.0371922368140959)]","[('emotional_reaction', '1'), ('l_word_len', 23.0), ('sentiment', 'positive'), ('dominance_listener', 0.1162499999999999)]","[('arousal_speaker', 0.0371922368140959), ('s_word_len', 19.0), ('valence_speaker', 0.0447532007008446), ('speaker_sentiment', 'positive')]"
0.0256666666666666,0.121,2,negative,1,1,1,8,82.0,21.0,-0.2479999999999999,0.3401249999999999,0,negative,0.002375,0.0206666666666666,1.0,0.0,sub_12_conv_5,"I enjoy going to gym, I go often. Usually when I forget to bring my own water or some other drink, I just use the water fountain at gym. But the last time I was there about to drink and the person before me that was using the water fountain licked the water fountain like he was drinking directly from the water mountain it made me feel like like sick i think i won't be able to use the water fountain again",yeah that's disgusting but I think you were caring too much maybe? Or did you ask the staff at the gym?,0.0885798052676222,-0.1776199494494915,0.1184186140685285,0.0028417136298187,1,1,0,0.0905930298479699,0.038289199540873,-0.0123941363126644,-0.022296464614644,1,sub_12_conv_5,1,2,2,1,2,1,2,1,1,2,2,1,2,1,2,1,1,2,0,"[('l_word_len', 21.0), ('s_word_len', 82.0), ('dominance_listener', 0.0206666666666666), ('valence_speaker', 0.3401249999999999)]","[('l_word_len', 21.0), ('dominance_listener', 0.0206666666666666), ('intent', '8'), ('emotional_reaction', '1')]","[('s_word_len', 82.0), ('valence_speaker', 0.3401249999999999), ('dominance_speaker', 0.002375), ('arousal_speaker', -0.2479999999999999)]","[('l_word_len', 21.0), ('s_word_len', 82.0), ('dominance_listener', 0.0206666666666666), ('valence_speaker', -0.022296464614644)]","[('l_word_len', 21.0), ('dominance_listener', 0.0206666666666666), ('intent', '8'), ('emotional_reaction', '1')]","[('s_word_len', 82.0), ('valence_speaker', -0.022296464614644), ('dominance_speaker', 0.002375), ('arousal_speaker', -0.0123941363126644)]"
-0.2482222222222222,0.2031111111111111,2,neutral,0,0,0,9,22.0,27.0,-0.12025,0.1702499999999999,0,negative,0.0292499999999999,-0.0562222222222222,1.0,0.0,sub_12_conv_5,"Yeah, I guess for me I feel like I'm kissing a stranger or something. Next time I will complain with the staff.","Yes, that is the only thing I think I can tell you. And you know,. do not forget to bring your own drink. Maybe from next time.",0.3552617362249551,0.1330084236051024,0.1297919262137326,-0.0381281060008713,1,1,1,0.0163876816829461,0.0342436591327234,0.2126082153574685,0.1441808965235717,1,sub_12_conv_5,1,2,2,1,2,1,2,1,1,2,2,1,0,0,1,1,1,2,0,"[('dominance_listener', -0.0562222222222222), ('l_word_len', 27.0), ('dominance_speaker', 0.0292499999999999), ('sentiment', 'neutral')]","[('dominance_listener', -0.0562222222222222), ('l_word_len', 27.0), ('sentiment', 'neutral'), ('emotional_reaction', '0')]","[('dominance_speaker', 0.0292499999999999), ('valence_speaker', 0.1702499999999999), ('arousal_speaker', -0.12025), ('s_word_len', 22.0)]","[('l_word_len', 27.0), ('dominance_speaker', 0.0292499999999999), ('s_word_len', 22.0), ('emotional_reaction', '0')]","[('l_word_len', 27.0), ('emotional_reaction', '0'), ('arousal_listener', 0.0163876816829461), ('valence_listener', 0.0342436591327234)]","[('dominance_speaker', 0.0292499999999999), ('s_word_len', 22.0), ('valence_speaker', 0.1441808965235717), ('arousal_speaker', 0.2126082153574685)]"
-0.109,0.507,1,positive,1,0,0,4,45.0,29.0,0.0489999999999999,0.497,0,positive,0.1875555555555555,0.3368,1.0,0.0,sub_12_conv_6,"I have a big presentation next week at work. I've been studying and working and practicing on my presentation. I feel like, I feel great. I feel like I'm gonna do awesome on that presentation. Like they cannot ask me anything that I cannot answer.",yeah but you know practice more and I you know I hope you do well but you know just you know be ready and get more practice for that.,0.1739622767026977,-0.2071419645535774,0.1145576363788836,-0.0639138303640969,0,0,1,0.0474903454652185,0.1073603187451321,0.1364735936918883,0.0041006248124958,0,sub_12_conv_6,1,2,2,1,2,1,2,1,1,2,2,1,2,1,2,1,1,2,0,"[('l_word_len', 29.0), ('emotional_reaction', '1'), ('dominance_listener', 0.3368), ('arousal_listener', -0.109)]","[('l_word_len', 29.0), ('emotional_reaction', '1'), ('dominance_listener', 0.3368), ('arousal_listener', -0.109)]","[('s_word_len', 45.0), ('speaker_sentiment', 'positive'), ('valence_speaker', 0.497), ('arousal_speaker', 0.0489999999999999)]","[('l_word_len', 29.0), ('emotional_reaction', '1'), ('dominance_listener', 0.3368), ('arousal_listener', 0.0474903454652185)]","[('l_word_len', 29.0), ('emotional_reaction', '1'), ('dominance_listener', 0.3368), ('arousal_listener', 0.0474903454652185)]","[('s_word_len', 45.0), ('speaker_sentiment', 'positive'), ('valence_speaker', 0.0041006248124958), ('arousal_speaker', 0.1364735936918883)]"
-0.1894666666666667,0.4118666666666666,1,positive,1,1,0,4,34.0,51.0,-0.14225,0.286,0,positive,0.1112499999999999,0.1528,1.0,0.0,sub_12_conv_6,"Yes, you are right. I could be maybe overconfident and if I don't study enough, probably I can make mistakes. So yeah, I definitely will continue studying even though I already feel so confident.","Yes, remember last time you had the same situation and on that day you were so confident but then you forgot something to tell. So we don't want you to repeat that kind of thing. So just relax and try to your best and we hope it will be a success.",0.1211504535822901,-0.1089006981565043,0.152106360540347,0.0247562845331506,1,1,1,0.0496344523782428,0.1408893991732054,0.042130317507603,0.009569511290447,1,sub_12_conv_6,1,2,2,1,2,1,2,1,1,2,2,1,2,1,2,1,1,2,0,"[('dominance_listener', 0.1528), ('emotional_reaction', '1'), ('l_word_len', 51.0), ('arousal_listener', -0.1894666666666667)]","[('dominance_listener', 0.1528), ('emotional_reaction', '1'), ('l_word_len', 51.0), ('arousal_listener', -0.1894666666666667)]","[('valence_speaker', 0.286), ('dominance_speaker', 0.1112499999999999), ('speaker_sentiment', 'positive'), ('s_word_len', 34.0)]","[('dominance_listener', 0.1528), ('emotional_reaction', '1'), ('l_word_len', 51.0), ('arousal_listener', 0.0496344523782428)]","[('dominance_listener', 0.1528), ('emotional_reaction', '1'), ('l_word_len', 51.0), ('arousal_listener', 0.0496344523782428)]","[('valence_speaker', 0.009569511290447), ('dominance_speaker', 0.1112499999999999), ('speaker_sentiment', 'positive'), ('s_word_len', 34.0)]"
-0.1646,0.4144,2,positive,2,1,0,6,42.0,31.0,-0.0613333333333333,0.2478333333333333,0,negative,-0.075,0.0314,1.0,1.0,sub_12_conv_8,Today I feel like I cannot do anything. I just found out that my girlfriend has been talking bad behind my back. I overheard a conversation on the phone and she was talking really bad about me to one of her friends.,I'm sorry to hear but why don't you just you know go home and get some rest and so that you get recovered or you try not to think too much.,-0.0003969459527199,-0.2311834404890414,0.1110483373440132,-0.0167982282946871,0,0,0,0.0283538361408092,0.112561240193719,-0.0186778621669039,-0.0874784083423289,0,sub_12_conv_8,1,2,2,1,2,1,2,1,1,2,2,1,2,1,2,1,1,2,1,"[('l_word_len', 31.0), ('dominance_speaker', -0.075), ('emotional_reaction', '2'), ('dominance_listener', 0.0314)]","[('l_word_len', 31.0), ('emotional_reaction', '2'), ('dominance_listener', 0.0314), ('valence_listener', 0.4144)]","[('dominance_speaker', -0.075), ('valence_speaker', 0.2478333333333333), ('s_word_len', 42.0), ('arousal_speaker', -0.0613333333333333)]","[('l_word_len', 31.0), ('dominance_speaker', -0.075), ('emotional_reaction', '2'), ('dominance_listener', 0.0314)]","[('l_word_len', 31.0), ('emotional_reaction', '2'), ('dominance_listener', 0.0314), ('valence_listener', 0.112561240193719)]","[('dominance_speaker', -0.075), ('valence_speaker', -0.0874784083423289), ('s_word_len', 42.0), ('arousal_speaker', -0.0186778621669039)]"
-0.2884285714285714,0.312,2,neutral,1,0,0,5,22.0,39.0,-0.1153333333333333,0.2213333333333333,0,negative,-0.0096666666666666,0.054,1.0,0.0,sub_12_conv_8,I need to do something so at least I stop thinking about it because like yes I don't know what to do,or if you have a male friend maybe you know you can talk to him and you know maybe he will understand your situation but sorry I don't that's the only thing I can tell you from my side,0.0338941141017236,-0.0306198461793485,-0.001907310375541,0.225492553989777,0,1,0,-0.0878636886914501,0.2514447877928439,-0.0108741201287934,0.044966107674456,0,sub_12_conv_8,1,2,2,1,2,1,2,1,0,0,0,0,0,0,2,1,1,2,0,"[('l_word_len', 39.0), ('emotional_reaction', '1'), ('valence_speaker', 0.2213333333333333), ('sentiment', 'neutral')]","[('l_word_len', 39.0), ('emotional_reaction', '1'), ('sentiment', 'neutral'), ('intent', '5')]","[('valence_speaker', 0.2213333333333333), ('s_word_len', 22.0), ('dominance_speaker', -0.0096666666666666), ('arousal_speaker', -0.1153333333333333)]","[('l_word_len', 39.0), ('emotional_reaction', '1'), ('valence_speaker', 0.044966107674456), ('sentiment', 'neutral')]","[('l_word_len', 39.0), ('emotional_reaction', '1'), ('sentiment', 'neutral'), ('intent', '5')]","[('valence_speaker', 0.044966107674456), ('s_word_len', 22.0), ('dominance_speaker', -0.0096666666666666), ('arousal_speaker', -0.0108741201287934)]"
-0.1193599999999999,0.31552,2,positive,1,1,0,8,73.0,77.0,-0.1108695652173912,0.3255652173913043,0,negative,0.1613913043478261,0.20712,1.0,0.0,sub_13_conv_1,"As you know, we have the annual review of our performance. I had just mine last week and the feedback I received was bad. Not like my work was bad. Actually my boss told me I'm doing really good but he didn't tell me how to improve. I want just to be the best and without good feedback, I don't think I can do it. I don't know what to do to improve.","I think there are many bosses that don't want their workers to improve. and maybe your situation is not rare, probably very common. So in this case, maybe it's better that you do your own research or ask some friends for advices like me and then you can get recommendations about how you can improve. Because I also have had bosses that they don't help me at my work. So I think it's kind of common situation.",0.0537557151721632,-0.0256763349796855,0.2649209394748498,-0.223510828810402,0,0,1,0.1496366576323948,-0.0618015801672813,0.0043681310552968,0.0796961307316114,0,sub_13_conv_1,1,2,2,1,2,1,2,1,1,2,2,1,2,1,2,1,1,2,0,"[('dominance_listener', 0.20712), ('emotional_reaction', '1'), ('l_word_len', 77.0), ('valence_listener', 0.31552)]","[('dominance_listener', 0.20712), ('emotional_reaction', '1'), ('l_word_len', 77.0), ('valence_listener', 0.31552)]","[('speaker_sentiment', 'negative'), ('s_word_len', 73.0), ('valence_speaker', 0.3255652173913043), ('dominance_speaker', 0.1613913043478261)]","[('dominance_listener', 0.20712), ('emotional_reaction', '1'), ('l_word_len', 77.0), ('valence_listener', -0.0618015801672813)]","[('dominance_listener', 0.20712), ('emotional_reaction', '1'), ('l_word_len', 77.0), ('valence_listener', -0.0618015801672813)]","[('speaker_sentiment', 'negative'), ('s_word_len', 73.0), ('valence_speaker', 0.0796961307316114), ('dominance_speaker', 0.1613913043478261)]"
-0.223,0.669,0,neutral,0,0,0,9,58.0,9.0,-0.1047619047619047,0.4178095238095239,0,neutral,0.0806666666666666,0.257,1.0,0.0,sub_13_conv_1,"Oh, I see. Yeah, so it's very common. For me, it was unexpected. I thought I was gonna receive like good, valuable feedback, but make sense what you say if I cannot get good feedback from my boss then I should try to find it somewhere else like maybe another co-worker or something yes I will try that",yes and I don't have the any other recommendation,0.1608792527827637,-0.0759119670004613,0.1093551168202584,-0.1587956785919979,0,0,1,0.0096485817741808,0.0895430249856015,0.0811869055193631,0.0722044802425343,0,sub_13_conv_1,0,0,0,0,0,0,0,0,0,0,0,0,0,0,2,1,1,2,0,"[('l_word_len', 9.0), ('emotional_reaction', '0'), ('arousal_listener', -0.223), ('sentiment', 'neutral')]","[('l_word_len', 9.0), ('emotional_reaction', '0'), ('arousal_listener', -0.223), ('sentiment', 'neutral')]","[('dominance_speaker', 0.0806666666666666), ('arousal_speaker', -0.1047619047619047), ('s_word_len', 58.0), ('valence_speaker', 0.4178095238095239)]","[('l_word_len', 9.0), ('emotional_reaction', '0'), ('arousal_listener', 0.0096485817741808), ('sentiment', 'neutral')]","[('l_word_len', 9.0), ('emotional_reaction', '0'), ('arousal_listener', 0.0096485817741808), ('sentiment', 'neutral')]","[('dominance_speaker', 0.0806666666666666), ('arousal_speaker', 0.0811869055193631), ('s_word_len', 58.0), ('valence_speaker', 0.0722044802425343)]"
0.3226666666666666,0.508,1,neutral,0,0,1,1,71.0,7.0,-0.1449090909090909,0.1955454545454545,0,negative,-0.0184545454545454,0.2106666666666666,0.0,1.0,sub_13_conv_2,Last week I spent it by myself at the house because my girlfriend went to visit her parents and she told me you always have a mess here in the house maybe you can spend some of the time cleaning it and I really wanted to do it but I ended up just playing video games all the time and she comes back tomorrow like i don't know what to do,so do you live with your girlfriend,-0.0042249948681903,-0.1518151290800438,0.1827057253937399,-0.0835070839034852,1,1,0,0.2246940077756179,0.0939450412675604,-0.0464302236804604,-0.0476069539923942,1,sub_13_conv_2,1,2,2,1,0,0,0,0,0,0,0,0,0,0,2,1,0,0,1,"[('l_word_len', 7.0), ('emotional_reaction', '0'), ('arousal_listener', 0.3226666666666666), ('valence_speaker', 0.1955454545454545)]","[('l_word_len', 7.0), ('emotional_reaction', '0'), ('arousal_listener', 0.3226666666666666), ('valence_listener', 0.508)]","[('valence_speaker', 0.1955454545454545), ('dominance_speaker', -0.0184545454545454), ('s_word_len', 71.0), ('arousal_speaker', -0.1449090909090909)]","[('l_word_len', 7.0), ('emotional_reaction', '0'), ('arousal_listener', 0.2246940077756179), ('valence_speaker', -0.0476069539923942)]","[('l_word_len', 7.0), ('emotional_reaction', '0'), ('arousal_listener', 0.2246940077756179), ('valence_listener', 0.0939450412675604)]","[('valence_speaker', -0.0476069539923942), ('dominance_speaker', -0.0184545454545454), ('s_word_len', 71.0), ('arousal_speaker', -0.0464302236804604)]"
-0.31,0.282,1,negative,0,0,1,1,28.0,12.0,-0.2472,0.3958,0,negative,-0.0598,0.067,1.0,1.0,sub_13_conv_2,yeah we've been living together for around one year and it's going well but she just she doesn't like like my stuff is kind of kind of messy,So basically you cannot coordinate to make the cleaning of the house?,-0.0146911118989562,-0.2386937437147912,0.2130086032014246,-0.1349723236168891,0,1,0,0.0561060222409971,-0.0098806265318223,-0.0844437783292693,-0.0483456206003538,0,sub_13_conv_2,1,2,2,1,2,1,2,1,0,0,0,0,2,1,2,1,1,2,1,"[('sentiment', 'negative'), ('l_word_len', 12.0), ('emotional_reaction', '0'), ('arousal_speaker', -0.2472)]","[('sentiment', 'negative'), ('l_word_len', 12.0), ('emotional_reaction', '0'), ('arousal_listener', -0.31)]","[('arousal_speaker', -0.2472), ('s_word_len', 28.0), ('valence_speaker', 0.3958), ('dominance_speaker', -0.0598)]","[('l_word_len', 12.0), ('arousal_listener', 0.0561060222409971), ('dominance_speaker', -0.0598), ('arousal_speaker', -0.0844437783292693)]","[('l_word_len', 12.0), ('arousal_listener', 0.0561060222409971), ('valence_listener', -0.0098806265318223), ('emotional_reaction', '0')]","[('dominance_speaker', -0.0598), ('arousal_speaker', -0.0844437783292693), ('valence_speaker', -0.0483456206003538), ('s_word_len', 28.0)]"
-0.0577142857142857,0.3205142857142856,1,positive,1,1,0,4,82.0,99.0,-0.1319230769230769,0.3382307692307692,0,neutral,-0.0326153846153846,0.0573714285714285,1.0,1.0,sub_13_conv_2,"For here it's really important to have everything perfectly clean, but for me it's not like that. So I prefer spending time in other things like playing video games. but I guess I need to have like a balance not not only playing all the time at least that's what she wants and I'm also trying to to do it because it's good for me and for for us but I couldn't this time like last week I just play video games",I think when living with other person it can be difficult and talking it's very important for the relationship so if you cannot maybe understand each other probably in the future it can be harder in other things like having if you get more serious like having maybe child or getting marriage could be more complicated so but yeah but living with your girlfriend it's a good step just to kind of test in the relationship so I think you shouldn't worry about who cleans but if you are having a bad life maybe you need to resolve this.,-0.0629996685679371,-0.1672852154575461,0.0772218353369005,-0.255700613025827,0,1,1,0.0367409990215446,-0.0828361434037931,-0.083676691074479,-0.0156304200510514,0,sub_13_conv_2,1,2,2,1,2,1,2,1,1,2,2,1,2,1,2,1,0,0,1,"[('dominance_listener', 0.0573714285714285), ('l_word_len', 99.0), ('speaker_sentiment', 'neutral'), ('sentiment', 'positive')]","[('dominance_listener', 0.0573714285714285), ('l_word_len', 99.0), ('sentiment', 'positive'), ('intent', '4')]","[('speaker_sentiment', 'neutral'), ('arousal_speaker', -0.1319230769230769), ('s_word_len', 82.0), ('dominance_speaker', -0.0326153846153846)]","[('dominance_listener', 0.0573714285714285), ('l_word_len', 99.0), ('speaker_sentiment', 'neutral'), ('sentiment', 'positive')]","[('dominance_listener', 0.0573714285714285), ('l_word_len', 99.0), ('sentiment', 'positive'), ('intent', '4')]","[('speaker_sentiment', 'neutral'), ('arousal_speaker', -0.083676691074479), ('s_word_len', 82.0), ('dominance_speaker', -0.0326153846153846)]"
-0.3107777777777777,0.3668888888888888,2,positive,1,1,0,4,90.0,58.0,-0.1212307692307692,0.2945384615384616,0,negative,0.0275384615384615,0.0331111111111111,1.0,1.0,sub_13_conv_2,Okay so I think everything so far is going good and I don't want to screw this up. That's why even though for me I think the house is okay even though it's a bit messy I want to have a good relationship with her and in the future like even to think about something more serious with her so that's that's why I feel a bit disappointed about myself this week I couldn't spend the time to work in the house but at the same time in our relationship,"Yeah well everybody needs its own space. So I think for the common places in the house, maybe it should be better to share the responsibilities of some days who decides who cleans that area. for example if you have your own space I think it's totally fine if you have your things as you as you want",-0.1107977054394662,-0.0962237601338964,0.0610531718111785,-0.3081099476146797,0,0,0,-0.0504961130655084,-0.1056102966636091,-0.1139276245768571,0.021004906367811,0,sub_13_conv_2,1,2,2,1,2,1,2,1,1,2,2,1,2,1,2,1,1,2,1,"[('l_word_len', 58.0), ('dominance_listener', 0.0331111111111111), ('sentiment', 'positive'), ('emotional_reaction', '1')]","[('l_word_len', 58.0), ('dominance_listener', 0.0331111111111111), ('sentiment', 'positive'), ('emotional_reaction', '1')]","[('s_word_len', 90.0), ('speaker_sentiment', 'negative'), ('arousal_speaker', -0.1212307692307692), ('dominance_speaker', 0.0275384615384615)]","[('l_word_len', 58.0), ('dominance_listener', 0.0331111111111111), ('sentiment', 'positive'), ('emotional_reaction', '1')]","[('l_word_len', 58.0), ('dominance_listener', 0.0331111111111111), ('sentiment', 'positive'), ('emotional_reaction', '1')]","[('s_word_len', 90.0), ('speaker_sentiment', 'negative'), ('arousal_speaker', -0.1139276245768571), ('dominance_speaker', 0.0275384615384615)]"
-0.1482857142857143,0.5485714285714286,2,positive,1,1,0,4,67.0,22.0,-0.2424347826086956,0.3954782608695651,0,positive,0.107391304347826,0.2785714285714286,1.0,1.0,sub_13_conv_2,makes total sense I didn't think about that but if we share a space then in that case both of us should be able to feel comfortable being there but if it's a space just for me and I don't mind the clutter that should be fine and then at least I will try to clean the the spaces that we share before she comes back tomorrow,yeah I think it's always very important to talk so talk to her and and explain then maybe he can understand you.,0.0105514852468213,-0.1237902192945994,0.1551826140183001,-0.2120504037516159,0,0,1,0.0641421155270957,0.0161361459452974,-0.0653443951098337,0.0319903247546499,0,sub_13_conv_2,1,2,2,1,2,1,2,1,1,2,2,1,2,1,2,1,1,2,1,"[('dominance_listener', 0.2785714285714286), ('arousal_speaker', -0.2424347826086956), ('intent', '4'), ('emotional_reaction', '1')]","[('dominance_listener', 0.2785714285714286), ('intent', '4'), ('emotional_reaction', '1'), ('l_word_len', 22.0)]","[('arousal_speaker', -0.2424347826086956), ('s_word_len', 67.0), ('dominance_speaker', 0.107391304347826), ('speaker_sentiment', 'positive')]","[('dominance_listener', 0.2785714285714286), ('arousal_speaker', -0.0653443951098337), ('intent', '4'), ('emotional_reaction', '1')]","[('dominance_listener', 0.2785714285714286), ('intent', '4'), ('emotional_reaction', '1'), ('l_word_len', 22.0)]","[('arousal_speaker', -0.0653443951098337), ('s_word_len', 67.0), ('dominance_speaker', 0.107391304347826), ('speaker_sentiment', 'positive')]"
-0.1851818181818182,0.3900909090909091,2,neutral,1,1,0,5,69.0,70.0,-0.0321052631578947,0.4852631578947369,0,positive,0.2161052631578947,0.0591818181818181,1.0,2.0,sub_13_conv_3,"My daughter's birthday was last week. She turned 25 already. And while we were at the party I realized she's not a girl anymore. She's a woman. Also after thinking about this I thought she's not just any woman she's very smart, capable and independent. So I'm pretty sure that in the future soon she will leave the house to pursue her dreams do what she wants in life.","Well, I don't have any daughter now, so I don't know how you can feel, but I think maybe it's something like you are just get used to it, you have your daughter with you every day at home and at some point she will go and I mean it may be difficult but I haven't had a daughter so I don't know I don't know how can you feel",0.1244387543570276,-0.0703051671423566,0.1337628092496031,-0.2691714870076908,1,1,1,0.0380794210201766,-0.0713927681781107,0.0774755491025508,0.0963653303687715,1,sub_13_conv_3,1,2,2,1,2,1,2,1,1,2,2,1,2,1,1,1,1,2,1,"[('l_word_len', 70.0), ('sentiment', 'neutral'), ('valence_listener', 0.3900909090909091), ('valence_speaker', 0.4852631578947369)]","[('l_word_len', 70.0), ('sentiment', 'neutral'), ('valence_listener', 0.3900909090909091), ('emotional_reaction', '1')]","[('valence_speaker', 0.4852631578947369), ('s_word_len', 69.0), ('arousal_speaker', -0.0321052631578947), ('dominance_speaker', 0.2161052631578947)]","[('l_word_len', 70.0), ('sentiment', 'neutral'), ('valence_listener', -0.0713927681781107), ('valence_speaker', 0.0963653303687715)]","[('l_word_len', 70.0), ('sentiment', 'neutral'), ('valence_listener', -0.0713927681781107), ('emotional_reaction', '1')]","[('valence_speaker', 0.0963653303687715), ('s_word_len', 69.0), ('arousal_speaker', 0.0774755491025508), ('dominance_speaker', 0.2161052631578947)]"
-0.1756,0.4537333333333334,1,positive,1,1,0,8,55.0,54.0,-0.1158888888888888,0.28,0,neutral,0.0101111111111111,0.1842666666666666,1.0,2.0,sub_13_conv_3,so of course I feel happy because she she's a great woman now but at the same time a bit sad because she won't be around anymore I mean in the house we want to share like the same things as we have for the last 25 years so I guess I feel happy sad,"Well, on the other hand, maybe you can release some responsibility and you can have more space at your home maybe. So you have another room for maybe your friends and I think she will be maybe fine because she is already an adult so I think there is not anything to worry about.",0.0453039436769362,-0.1029576534020226,0.1041221090409944,-0.1443206801080217,1,1,1,0.020205476328696,0.0350955239243848,-0.0030539060928113,0.0119296426185842,1,sub_13_conv_3,1,2,2,1,2,1,2,1,1,2,2,1,2,1,2,1,1,2,1,"[('dominance_listener', 0.1842666666666666), ('emotional_reaction', '1'), ('arousal_listener', -0.1756), ('l_word_len', 54.0)]","[('dominance_listener', 0.1842666666666666), ('emotional_reaction', '1'), ('arousal_listener', -0.1756), ('l_word_len', 54.0)]","[('s_word_len', 55.0), ('speaker_sentiment', 'neutral'), ('valence_speaker', 0.28), ('dominance_speaker', 0.0101111111111111)]","[('dominance_listener', 0.1842666666666666), ('emotional_reaction', '1'), ('arousal_listener', 0.020205476328696), ('l_word_len', 54.0)]","[('dominance_listener', 0.1842666666666666), ('emotional_reaction', '1'), ('arousal_listener', 0.020205476328696), ('l_word_len', 54.0)]","[('s_word_len', 55.0), ('speaker_sentiment', 'neutral'), ('valence_speaker', 0.0119296426185842), ('dominance_speaker', 0.0101111111111111)]"
-0.3138000000000001,0.4194,2,positive,1,1,0,9,89.0,37.0,-0.14432,0.3384,0,positive,0.0426399999999999,-0.0019999999999999,1.0,2.0,sub_13_conv_3,"Yes, you are totally right. Maybe I'm more afraid about the change than anything else because even though things are gonna change it's not for the worse I think it's for the better because I want my daughter to have a good life and I am sure like for her it's better if she leaves the house and also I should see that for us my wife and I like it could be also something good in a way that we can spend more time together by our ourselves","Yeah also for her living alone or in another house with her boyfriend or someone else can be good for personal growing. So I think it's also a good thing, not only for you, but for her.",0.0125736827521273,-0.0257025915127055,-0.0131749957042827,-0.4648093894058793,0,0,1,-0.1033624969929979,-0.1995465725841154,-0.0344944220735109,0.0835281859411061,0,sub_13_conv_3,1,2,2,1,2,1,2,1,1,2,2,1,2,1,2,1,1,2,1,"[('l_word_len', 37.0), ('dominance_listener', -0.0019999999999999), ('arousal_speaker', -0.14432), ('valence_listener', 0.4194)]","[('l_word_len', 37.0), ('dominance_listener', -0.0019999999999999), ('valence_listener', 0.4194), ('emotional_reaction', '1')]","[('arousal_speaker', -0.14432), ('s_word_len', 89.0), ('valence_speaker', 0.3384), ('dominance_speaker', 0.0426399999999999)]","[('l_word_len', 37.0), ('dominance_listener', -0.0019999999999999), ('arousal_speaker', -0.0344944220735109), ('valence_listener', -0.1995465725841154)]","[('l_word_len', 37.0), ('dominance_listener', -0.0019999999999999), ('valence_listener', -0.1995465725841154), ('emotional_reaction', '1')]","[('arousal_speaker', -0.0344944220735109), ('s_word_len', 89.0), ('valence_speaker', 0.0835281859411061), ('dominance_speaker', 0.0426399999999999)]"
0.0492499999999999,0.50275,2,neutral,1,0,1,6,99.0,20.0,0.0261818181818181,0.3051515151515151,0,negative,0.0087878787878787,0.067,1.0,1.0,sub_13_conv_4,Two weeks ago they released a new game that I really wanted to play because it looked just great. But it has like the newest technology so to play that game on PC you need the best equipment. So I spent thousands of dollars to get a new PC. I even borrowed some money from a friend. I've been playing the game for just a few days and it's really boring. I'm disappointed. And now I have this debt of a few thousand dollars that I have to pay for this game that at the end I didn't enjoy.,"I'm sorry to hear that, but I haven't understand, did you buy also new equipment or only the new game?",0.1393204108478124,-0.0882172873150708,0.2535780901122736,-0.071328768620582,0,1,1,0.1922796630785915,0.1008948619655926,0.1053788330480141,0.029793353424905,0,sub_13_conv_4,1,2,2,1,2,1,2,1,1,1,1,1,0,0,0,0,1,2,1,"[('l_word_len', 20.0), ('sentiment', 'neutral'), ('intent', '6'), ('emotional_reaction', '1')]","[('l_word_len', 20.0), ('sentiment', 'neutral'), ('intent', '6'), ('emotional_reaction', '1')]","[('valence_speaker', 0.3051515151515151), ('arousal_speaker', 0.0261818181818181), ('dominance_speaker', 0.0087878787878787), ('s_word_len', 99.0)]","[('l_word_len', 20.0), ('emotional_reaction', '1'), ('intent', '6'), ('valence_speaker', 0.029793353424905)]","[('l_word_len', 20.0), ('emotional_reaction', '1'), ('intent', '6'), ('sentiment', 'neutral')]","[('valence_speaker', 0.029793353424905), ('s_word_len', 99.0), ('arousal_speaker', 0.1053788330480141), ('dominance_speaker', 0.0087878787878787)]"
-0.0142857142857142,0.4110476190476189,2,positive,1,1,0,4,48.0,57.0,0.0567058823529411,0.1888235294117647,0,negative,0.0378823529411764,0.1137142857142857,1.0,1.0,sub_13_conv_4,"I mean the game is not that expensive, I spent like 60 bucks on it but the most expensive parts were all the PC components I got to play the game even a new monitor and everything to have the best experience But the game is just bad.","I see. Well, at least you have a new PC and with new equipment, maybe you should think in a positive way that you can buy new games and for me for that specific requirement and some games sometimes are bad you don't know until you play it so I think probably you can try another one",0.1465862393018805,-0.0815871761897903,0.2704242301907992,-0.0272328618109179,0,1,1,0.1850112468478451,0.1042512824466431,0.1196221322171987,-0.0004639645093237,0,sub_13_conv_4,1,2,2,1,2,1,2,1,1,2,2,1,2,1,2,1,1,2,1,"[('dominance_listener', 0.1137142857142857), ('valence_listener', 0.4110476190476189), ('l_word_len', 57.0), ('s_word_len', 48.0)]","[('dominance_listener', 0.1137142857142857), ('valence_listener', 0.4110476190476189), ('l_word_len', 57.0), ('intent', '4')]","[('s_word_len', 48.0), ('dominance_speaker', 0.0378823529411764), ('speaker_sentiment', 'negative'), ('valence_speaker', 0.1888235294117647)]","[('dominance_listener', 0.1137142857142857), ('valence_listener', 0.1042512824466431), ('l_word_len', 57.0), ('s_word_len', 48.0)]","[('dominance_listener', 0.1137142857142857), ('valence_listener', 0.1042512824466431), ('l_word_len', 57.0), ('intent', '4')]","[('s_word_len', 48.0), ('dominance_speaker', 0.0378823529411764), ('speaker_sentiment', 'negative'), ('valence_speaker', -0.0004639645093237)]"
-0.0998260869565217,0.3286086956521739,2,positive,0,0,0,9,42.0,67.0,-0.098,0.3345714285714285,0,neutral,0.0514285714285714,0.1229565217391304,1.0,1.0,sub_13_conv_4,yeah I guess I will have to do that now that I have I spent all this money on this new PC at least to try to take advantage of it in other ways for example by playing different games on it,also if you are doing telework you can use it for making hard stuff programming so you can also take advantage of that equipment and also and get compensation back from your money so I think there is no any loss maybe see it like an investment because the PC will be PC you only have to update software you can have a good advantage of it,0.0487841233642778,-0.1092631631351566,0.2774223017164776,-0.047865566923512,0,0,1,0.1642477851145777,0.0650767118491938,0.0047488863549944,0.0238872143768189,0,sub_13_conv_4,1,2,2,1,2,1,1,1,1,2,0,0,1,1,2,1,1,2,1,"[('l_word_len', 67.0), ('arousal_speaker', -0.098), ('sentiment', 'positive'), ('arousal_listener', -0.0998260869565217)]","[('l_word_len', 67.0), ('sentiment', 'positive'), ('arousal_listener', -0.0998260869565217), ('dominance_listener', 0.1229565217391304)]","[('arousal_speaker', -0.098), ('valence_speaker', 0.3345714285714285), ('s_word_len', 42.0), ('speaker_sentiment', 'neutral')]","[('s_word_len', 42.0), ('dominance_listener', 0.1229565217391304), ('arousal_listener', 0.1642477851145777), ('sentiment', 'positive')]","[('dominance_listener', 0.1229565217391304), ('arousal_listener', 0.1642477851145777), ('sentiment', 'positive'), ('l_word_len', 67.0)]","[('s_word_len', 42.0), ('speaker_sentiment', 'neutral'), ('arousal_speaker', 0.0047488863549944), ('valence_speaker', 0.0238872143768189)]"
-0.095375,0.41875,1,positive,1,1,0,4,55.0,51.0,-0.0099999999999999,0.3876,0,positive,0.1742,0.11075,1.0,2.0,sub_13_conv_5,"So as you know, next week is my birthday and this one is special because I'm turning 50 years old. Some people might say that I'm just an old guy but for me it makes me feel happy because it means that I've been able to spend more time in this world just enjoying life.","Well, happy birthday. You are already in the middle of the average. Yeah, so, well, I don't know how I can feel at that age, but I think it's also maybe like a goal, because many people don't, unfortunately they don't get 50 years. I think you should be very happy.",-0.0411686894313075,-0.2687187646801569,0.0255564944279027,-0.2384100599001952,0,1,1,-0.0107229539004681,-0.0412620419301366,-0.0318180826019152,-0.0718231352761097,0,sub_13_conv_5,1,2,2,1,2,1,2,1,1,2,2,1,2,1,2,1,1,2,1,"[('l_word_len', 51.0), ('dominance_listener', 0.11075), ('emotional_reaction', '1'), ('valence_speaker', 0.3876)]","[('l_word_len', 51.0), ('dominance_listener', 0.11075), ('emotional_reaction', '1'), ('valence_listener', 0.41875)]","[('valence_speaker', 0.3876), ('dominance_speaker', 0.1742), ('s_word_len', 55.0), ('speaker_sentiment', 'positive')]","[('l_word_len', 51.0), ('dominance_listener', 0.11075), ('emotional_reaction', '1'), ('valence_speaker', -0.0718231352761097)]","[('l_word_len', 51.0), ('dominance_listener', 0.11075), ('emotional_reaction', '1'), ('valence_listener', -0.0412620419301366)]","[('valence_speaker', -0.0718231352761097), ('dominance_speaker', 0.1742), ('s_word_len', 55.0), ('speaker_sentiment', 'positive')]"
-0.0448888888888889,0.3223333333333333,2,positive,1,1,0,9,35.0,59.0,0.0098181818181818,0.332,0,positive,0.1034545454545454,0.0884444444444444,1.0,2.0,sub_13_conv_5,"Yeah, exactly. You have only two options. You either get older or you die young. So I just want to keep living and keep getting older. So for me, I feel happy I'm getting older.","Yeah, some people get sad when they get older. And some of them, they don't want to share their age. and I don't have any problem with that but I think it's very normal everybody is getting older so I think the important thing is enjoy it and if you have money spend it and do what you like",0.0615180607321825,-0.3030898282318256,0.0150771969842305,-0.3162813988136142,0,0,1,-0.0029126287777053,-0.1246969791695299,0.0460080970579822,-0.1125628797622779,0,sub_13_conv_5,1,2,2,1,2,1,2,1,1,2,2,1,2,1,2,1,1,2,1,"[('l_word_len', 59.0), ('s_word_len', 35.0), ('intent', '9'), ('emotional_reaction', '1')]","[('l_word_len', 59.0), ('intent', '9'), ('emotional_reaction', '1'), ('dominance_listener', 0.0884444444444444)]","[('s_word_len', 35.0), ('arousal_speaker', 0.0098181818181818), ('speaker_sentiment', 'positive'), ('dominance_speaker', 0.1034545454545454)]","[('l_word_len', 59.0), ('s_word_len', 35.0), ('intent', '9'), ('emotional_reaction', '1')]","[('l_word_len', 59.0), ('intent', '9'), ('emotional_reaction', '1'), ('dominance_listener', 0.0884444444444444)]","[('s_word_len', 35.0), ('arousal_speaker', 0.0460080970579822), ('speaker_sentiment', 'positive'), ('dominance_speaker', 0.1034545454545454)]"
-0.0926666666666666,0.244,1,positive,1,1,0,8,8.0,36.0,0.174,0.476,1,neutral,0.3273333333333333,-0.114,1.0,2.0,sub_13_conv_5,how will you spend money in your 50s,"Maybe bars, clubs, looking for young girls. That's the other thing. Your body is older and some things may not work as well as before. So yeah, maybe you go into the clubs and have fun.",0.3710294366836675,-0.0345890558143107,-0.0034106358078543,-0.0958784601783787,0,0,0,-0.030187445065498,0.0060850778751349,0.3119206056785673,0.1185876609299825,0,sub_13_conv_5,1,2,2,1,2,1,2,1,1,2,2,1,2,1,2,1,1,2,1,"[('l_word_len', 36.0), ('sentiment', 'positive'), ('s_word_len', 8.0), ('emotional_reaction', '1')]","[('l_word_len', 36.0), ('sentiment', 'positive'), ('emotional_reaction', '1'), ('dominance_listener', -0.114)]","[('s_word_len', 8.0), ('dominance_speaker', 0.3273333333333333), ('speaker_sentiment', 'neutral'), ('valence_speaker', 0.476)]","[('l_word_len', 36.0), ('sentiment', 'positive'), ('s_word_len', 8.0), ('emotional_reaction', '1')]","[('l_word_len', 36.0), ('sentiment', 'positive'), ('emotional_reaction', '1'), ('dominance_listener', -0.114)]","[('s_word_len', 8.0), ('dominance_speaker', 0.3273333333333333), ('speaker_sentiment', 'neutral'), ('valence_speaker', 0.1185876609299825)]"
-0.0423333333333333,0.639,2,positive,1,1,0,7,83.0,47.0,0.0215652173913043,0.4940869565217392,0,positive,0.0619130434782608,0.1575555555555555,1.0,1.0,sub_13_conv_6,My last birthday at least until last week was when I was 8 years old. It was a party that organized my parents. And last week was my 30th birthday. My girlfriend organized a surprise party for me. I just went to her place. She told me maybe we can watch a movie or something. I went there expecting just the usual but all my friends and family were there waiting for me for my party and I was it was so exciting,Oh really? such a nice gift from your girlfriend I think it's a very good gift if she took some time to gather up your family and friends. I think friends and family are maybe the best gift you can get especially if you live abroad. Yeah.,-0.0122480572490419,-0.3296473289912682,0.4513060409244586,-0.2295402348261831,0,0,0,0.303214228647121,0.0310218356216718,-0.002104074856938,-0.0825270433373659,0,sub_13_conv_6,1,2,2,1,2,1,2,1,1,2,2,1,2,1,2,1,1,2,1,"[('dominance_listener', 0.1575555555555555), ('valence_listener', 0.639), ('l_word_len', 47.0), ('s_word_len', 83.0)]","[('dominance_listener', 0.1575555555555555), ('valence_listener', 0.639), ('l_word_len', 47.0), ('emotional_reaction', '1')]","[('s_word_len', 83.0), ('speaker_sentiment', 'positive'), ('dominance_speaker', 0.0619130434782608), ('valence_speaker', 0.4940869565217392)]","[('dominance_listener', 0.1575555555555555), ('valence_listener', 0.0310218356216718), ('l_word_len', 47.0), ('s_word_len', 83.0)]","[('dominance_listener', 0.1575555555555555), ('valence_listener', 0.0310218356216718), ('l_word_len', 47.0), ('emotional_reaction', '1')]","[('s_word_len', 83.0), ('speaker_sentiment', 'positive'), ('dominance_speaker', 0.0619130434782608), ('valence_speaker', -0.0825270433373659)]"
0.0318,0.625,1,positive,1,1,0,7,61.0,34.0,-0.1162499999999999,0.49975,2,positive,0.230625,0.2658000000000001,1.0,1.0,sub_13_conv_6,"yes, she put so much effort into this party, organizing it. I just, I cannot believe how she was able to do it because even friends or family members that she doesn't know, they were there. So she really spent her time, and she knows me very well. Because, to be honest I think this has been my best gift ever.",I think you are really important for your girlfriend. and she tried to do something that made you happy and I think she was right. So I think it's a good gift for me.,0.0002960642095541,-0.2695722664963764,0.32518178224837,-0.2980610170426697,0,0,1,0.237167247573859,-0.0211427119298687,-0.0346677550533121,-0.0387755865474634,0,sub_13_conv_6,1,2,2,1,2,1,2,1,1,2,2,1,2,1,2,1,1,2,1,"[('dominance_listener', 0.2658000000000001), ('l_word_len', 34.0), ('emotional_reaction', '1'), ('valence_listener', 0.625)]","[('dominance_listener', 0.2658000000000001), ('l_word_len', 34.0), ('emotional_reaction', '1'), ('valence_listener', 0.625)]","[('s_word_len', 61.0), ('valence_speaker', 0.49975), ('arousal_speaker', -0.1162499999999999), ('dominance_speaker', 0.230625)]","[('dominance_listener', 0.2658000000000001), ('l_word_len', 34.0), ('emotional_reaction', '1'), ('valence_listener', -0.0211427119298687)]","[('dominance_listener', 0.2658000000000001), ('l_word_len', 34.0), ('emotional_reaction', '1'), ('valence_listener', -0.0211427119298687)]","[('s_word_len', 61.0), ('valence_speaker', -0.0387755865474634), ('arousal_speaker', -0.0346677550533121), ('dominance_speaker', 0.230625)]"
-0.1394117647058823,0.2212941176470588,1,negative,2,1,0,6,113.0,72.0,-0.0578333333333333,0.2475555555555555,0,negative,-0.0460555555555555,0.1038823529411764,1.0,2.0,sub_13_conv_8,"It might sound a bit extreme but I felt very sad when the last time I traveled I lost my phone. It sounds like something trivial but I went abroad. For the first time I went to India I was excited but the moment I was about to take the taxi to go to my hotel I realized that I lost my phone. On my phone I had everything there like my flight tickets, my reservations for the hotel everything. So it was it was just too complex to recover from that and I I didn't know how to navigate or to be in this foreign country without the help of my phone.","Yeah, losing your phone should be a very though situation. And you know, we have everything in our phone. and you probably can't do anything without it. You cannot communicate, and there are no public phones maybe anymore in India. So, and I haven't heard that India is a safe or unsafe country, but I don't think so. so maybe you should you should very you probably experience a very bad situation",0.143431004366528,-0.0409906697357675,0.15660547571955,-0.1974651469809415,0,0,1,0.0678003035919202,-0.0718373675925413,0.0830517030565695,0.0455731978516294,0,sub_13_conv_8,1,2,2,1,2,1,2,1,1,2,2,1,2,1,2,1,1,2,1,"[('l_word_len', 72.0), ('s_word_len', 113.0), ('emotional_reaction', '2'), ('sentiment', 'negative')]","[('l_word_len', 72.0), ('emotional_reaction', '2'), ('sentiment', 'negative'), ('dominance_listener', 0.1038823529411764)]","[('s_word_len', 113.0), ('valence_speaker', 0.2475555555555555), ('arousal_speaker', -0.0578333333333333), ('dominance_speaker', -0.0460555555555555)]","[('l_word_len', 72.0), ('s_word_len', 113.0), ('emotional_reaction', '2'), ('sentiment', 'negative')]","[('l_word_len', 72.0), ('emotional_reaction', '2'), ('sentiment', 'negative'), ('dominance_listener', 0.1038823529411764)]","[('s_word_len', 113.0), ('valence_speaker', 0.0455731978516294), ('arousal_speaker', 0.0830517030565695), ('dominance_speaker', -0.0460555555555555)]"
-0.1093333333333333,0.3013333333333333,2,neutral,0,0,0,8,75.0,49.0,-0.0772727272727272,0.3335454545454545,0,neutral,0.078090909090909,0.0733333333333333,1.0,2.0,sub_13_conv_8,we depend a lot on our phones. It's a really good tool especially for traveling and I will try to be more careful like if I go somewhere and then yeah I was to try to protect my phone and also yes I don't know maybe I what to do to keep my phone closer to me and so I don't lose it again I don't want to experience this ever again in my life,"In Japan they use something to hang in there, here. I think also that's a good idea, because sometimes you are free hands and that's why you forgot it. But if you have it here maybe, wherever you go you will bring it with yourself. But yeah, be careful.",0.1946882962718708,-0.1237755679525945,0.2356106826774896,-0.1797734500911671,0,0,1,0.1321274778742427,-0.0354414150638169,0.1130999892084913,0.0134207387968202,0,sub_13_conv_8,1,2,2,1,2,1,2,1,1,2,0,0,1,1,1,1,1,2,1,"[('l_word_len', 49.0), ('dominance_speaker', 0.078090909090909), ('sentiment', 'neutral'), ('s_word_len', 75.0)]","[('l_word_len', 49.0), ('sentiment', 'neutral'), ('dominance_listener', 0.0733333333333333), ('intent', '8')]","[('dominance_speaker', 0.078090909090909), ('s_word_len', 75.0), ('arousal_speaker', -0.0772727272727272), ('valence_speaker', 0.3335454545454545)]","[('l_word_len', 49.0), ('dominance_listener', 0.0733333333333333), ('s_word_len', 75.0), ('dominance_speaker', 0.078090909090909)]","[('l_word_len', 49.0), ('dominance_listener', 0.0733333333333333), ('emotional_reaction', '0'), ('sentiment', 'neutral')]","[('s_word_len', 75.0), ('dominance_speaker', 0.078090909090909), ('valence_speaker', 0.0134207387968202), ('arousal_speaker', 0.1130999892084913)]"
-0.1043333333333333,-0.1286666666666666,0,negative,1,1,1,8,63.0,19.0,-0.1514736842105263,0.1876842105263158,0,negative,-0.0171578947368421,-0.092,0.0,1.0,sub_14_conv_1,"On my way here, just like 5 minutes ago, I got robbed. Somebody pointed a gun at me and he asked me to give him everything I had on me. I gave him my phone, my wallet. I got very scared. Now I don't have a way to go back home. I have no money or even a card to call my family.","Oh, that's so unfortunate. Have you tried to go to the police box or something to discuss the situation?",-0.0036077453778395,-0.0877982488039192,0.3798042167609709,0.1636496691496666,0,0,0,0.2345629517326796,0.0759547684047666,-0.0479675270276455,-0.0051535110048486,0,sub_14_conv_1,1,2,2,1,2,1,2,1,1,2,2,1,2,1,2,1,1,2,1,"[('arousal_speaker', -0.1514736842105263), ('l_word_len', 19.0), ('s_word_len', 63.0), ('sentiment', 'negative')]","[('l_word_len', 19.0), ('sentiment', 'negative'), ('dominance_listener', -0.092), ('interpretations', '1')]","[('arousal_speaker', -0.1514736842105263), ('s_word_len', 63.0), ('dominance_speaker', -0.0171578947368421), ('valence_speaker', 0.1876842105263158)]","[('arousal_speaker', -0.0479675270276455), ('l_word_len', 19.0), ('s_word_len', 63.0), ('sentiment', 'negative')]","[('l_word_len', 19.0), ('sentiment', 'negative'), ('dominance_listener', -0.092), ('interpretations', '1')]","[('arousal_speaker', -0.0479675270276455), ('s_word_len', 63.0), ('dominance_speaker', -0.0171578947368421), ('valence_speaker', -0.0051535110048486)]"
-0.1358461538461538,0.2486153846153846,1,positive,1,0,0,4,34.0,38.0,-0.124,0.2244,0,negative,0.0494,-0.0689230769230769,1.0,1.0,sub_14_conv_1,"Ah, that's the next thing I want to do because I was shocked. So right now I don't understand how I can talk to you just a few moments ago. I couldn't even think.","Okay, you can talk more to me and if you need something you can tell me. Maybe we can, yeah. Maybe I can help you in case you need some help to talk with the police or something.",0.0002082525411734,-0.0730227769437379,0.3213533096756837,0.2421640498437081,0,1,0,0.1841934706191324,0.244099450275211,-0.0370542232211786,0.0162040561393834,0,sub_14_conv_1,1,2,2,1,2,1,2,1,1,2,2,1,2,1,2,1,1,2,1,"[('l_word_len', 38.0), ('interpretations', '0'), ('s_word_len', 34.0), ('emotional_reaction', '1')]","[('l_word_len', 38.0), ('interpretations', '0'), ('emotional_reaction', '1'), ('valence_listener', 0.2486153846153846)]","[('s_word_len', 34.0), ('speaker_sentiment', 'negative'), ('arousal_speaker', -0.124), ('valence_speaker', 0.2244)]","[('l_word_len', 38.0), ('interpretations', '0'), ('s_word_len', 34.0), ('emotional_reaction', '1')]","[('l_word_len', 38.0), ('interpretations', '0'), ('emotional_reaction', '1'), ('valence_listener', 0.244099450275211)]","[('s_word_len', 34.0), ('speaker_sentiment', 'negative'), ('arousal_speaker', -0.0370542232211786), ('valence_speaker', 0.0162040561393834)]"
-0.2732,0.0848,2,neutral,0,0,0,9,20.0,18.0,-0.0873333333333333,0.2669999999999999,1,neutral,0.0756666666666666,-0.2215999999999999,1.0,1.0,sub_14_conv_1,"If you could help me with that, just tell me where the police station is, that would be good enough.","Yeah, that's just over there. And if you need something, you can just come back to this place.",-0.0455662849657626,-0.0260747650952257,0.2637203297704689,0.1487063182421415,0,1,0,0.1026442308393282,0.129534422769499,-0.0580963994760338,0.061847664433342,0,sub_14_conv_1,1,2,2,1,2,1,2,1,1,2,2,1,1,1,1,1,1,2,1,"[('l_word_len', 18.0), ('dominance_speaker', 0.0756666666666666), ('valence_listener', 0.0848), ('arousal_speaker', -0.0873333333333333)]","[('l_word_len', 18.0), ('valence_listener', 0.0848), ('intent', '9'), ('emotional_reaction', '0')]","[('dominance_speaker', 0.0756666666666666), ('arousal_speaker', -0.0873333333333333), ('valence_speaker', 0.2669999999999999), ('s_word_len', 20.0)]","[('l_word_len', 18.0), ('sentiment', 'neutral'), ('dominance_speaker', 0.0756666666666666), ('emotional_reaction', '0')]","[('l_word_len', 18.0), ('sentiment', 'neutral'), ('emotional_reaction', '0'), ('valence_listener', 0.129534422769499)]","[('dominance_speaker', 0.0756666666666666), ('s_word_len', 20.0), ('arousal_speaker', -0.0580963994760338), ('valence_speaker', 0.061847664433342)]"
0.037,0.5459999999999999,1,positive,1,0,1,3,61.0,20.0,-0.0736666666666666,0.3634166666666666,0,positive,0.1205,0.2046666666666666,1.0,2.0,sub_14_conv_2,So as you know I just enjoy cycling and playing video games and this summer finally I'm gonna be able to go back to my hobbies because the last couple of years I've been too busy at work but I don't know like the planets align and this summer I will be like 100% just spending time on my hobbies again.,Oh that's so wonderful like I'm really glad to hear about that. Where are you going to go right now?,0.0289094161806284,-0.2560739083211518,0.1660694021273618,0.1579635461946615,0,1,0,0.1273485814891532,0.274374482336263,-0.0018634086735601,-0.0702267358248062,0,sub_14_conv_2,1,2,2,1,2,1,2,1,1,2,2,1,2,1,2,1,1,2,1,"[('l_word_len', 20.0), ('emotional_reaction', '1'), ('valence_listener', 0.5459999999999999), ('valence_speaker', 0.3634166666666666)]","[('l_word_len', 20.0), ('emotional_reaction', '1'), ('valence_listener', 0.5459999999999999), ('dominance_listener', 0.2046666666666666)]","[('valence_speaker', 0.3634166666666666), ('dominance_speaker', 0.1205), ('speaker_sentiment', 'positive'), ('arousal_speaker', -0.0736666666666666)]","[('l_word_len', 20.0), ('emotional_reaction', '1'), ('valence_listener', 0.274374482336263), ('valence_speaker', -0.0702267358248062)]","[('l_word_len', 20.0), ('emotional_reaction', '1'), ('valence_listener', 0.274374482336263), ('dominance_listener', 0.2046666666666666)]","[('valence_speaker', -0.0702267358248062), ('dominance_speaker', 0.1205), ('speaker_sentiment', 'positive'), ('arousal_speaker', -0.0018634086735601)]"
-0.1752857142857143,0.4457142857142857,1,positive,0,0,0,8,25.0,34.0,-0.2664444444444444,0.3651111111111111,0,positive,0.0373333333333333,-0.0178571428571428,1.0,2.0,sub_14_conv_2,the first ride is gonna be easy one I think because I'm out of shape so maybe I just I will go to like downtown.,Oh nice like I don't do cycling much but maybe we can meet in downtown like we can eat something and then you can cycle home and I just take the train back home.,-0.0649406260410774,-0.331367139307552,0.3467566305680667,0.3860617015385071,1,1,0,0.1901439271119324,0.4039574767912406,-0.1253917715620875,-0.122423664181953,1,sub_14_conv_2,1,2,2,1,2,1,2,1,1,2,2,1,2,1,2,1,1,2,1,"[('l_word_len', 34.0), ('valence_listener', 0.4457142857142857), ('dominance_listener', -0.0178571428571428), ('arousal_speaker', -0.2664444444444444)]","[('l_word_len', 34.0), ('valence_listener', 0.4457142857142857), ('dominance_listener', -0.0178571428571428), ('arousal_listener', -0.1752857142857143)]","[('arousal_speaker', -0.2664444444444444), ('dominance_speaker', 0.0373333333333333), ('valence_speaker', 0.3651111111111111), ('s_word_len', 25.0)]","[('l_word_len', 34.0), ('valence_listener', 0.4039574767912406), ('dominance_listener', -0.0178571428571428), ('arousal_speaker', -0.1253917715620875)]","[('l_word_len', 34.0), ('valence_listener', 0.4039574767912406), ('dominance_listener', -0.0178571428571428), ('arousal_listener', 0.1901439271119324)]","[('arousal_speaker', -0.1253917715620875), ('dominance_speaker', 0.0373333333333333), ('valence_speaker', -0.122423664181953), ('s_word_len', 25.0)]"
-0.1213333333333333,0.2963333333333333,0,positive,0,0,0,4,26.0,17.0,0.0197999999999999,0.4269999999999999,2,positive,0.1193999999999999,-0.0396666666666666,1.0,2.0,sub_14_conv_2,Oh that's an excellent plan like let's do that like I go by bicycle you go by train and then we meet there with something delicious,yes we can even have a race like which one is faster the train or the bike,0.1221951215407771,0.0437865076580252,0.1968965662916086,0.2157919317459339,1,0,1,0.1014275964041259,0.2399543522221537,0.0914765850785439,0.1587505553606176,1,sub_14_conv_2,1,2,2,1,2,1,2,1,1,2,1,1,1,1,0,0,1,2,1,"[('dominance_listener', -0.0396666666666666), ('valence_listener', 0.2963333333333333), ('l_word_len', 17.0), ('valence_speaker', 0.4269999999999999)]","[('dominance_listener', -0.0396666666666666), ('valence_listener', 0.2963333333333333), ('l_word_len', 17.0), ('sentiment', 'positive')]","[('valence_speaker', 0.4269999999999999), ('arousal_speaker', 0.0197999999999999), ('dominance_speaker', 0.1193999999999999), ('s_word_len', 26.0)]","[('l_word_len', 17.0), ('arousal_speaker', 0.0914765850785439), ('dominance_listener', -0.0396666666666666), ('valence_speaker', 0.1587505553606176)]","[('l_word_len', 17.0), ('dominance_listener', -0.0396666666666666), ('sentiment', 'positive'), ('valence_listener', 0.2399543522221537)]","[('arousal_speaker', 0.0914765850785439), ('valence_speaker', 0.1587505553606176), ('dominance_speaker', 0.1193999999999999), ('s_word_len', 26.0)]"
0.0073999999999999,0.0398,1,positive,2,1,1,5,67.0,41.0,-0.2273,0.2956,0,negative,-0.004,-0.0457999999999999,1.0,2.0,sub_14_conv_3,probably your friend already told you I am not sure but I just broke up with my girlfriend we spent together over five years and I'm devastated I didn't see it coming I thought everything was going just right just just good like and it It just happened out of the blue. I don't know what to do. I feel like I cannot continue on my own.,"Oh yeah, I heard that. She told me about this incident. I'm really sorry for that. Do you have plans with your friends? Maybe if you hang out or something, you can release the emotion and forget about it a bit?",-0.0787572250280337,-0.4739484487380599,0.1309404587314552,0.0150650004124624,0,0,0,0.0938783211120186,0.0224855002887236,-0.1233200575196236,-0.2430839141166419,0,sub_14_conv_3,1,2,2,1,2,1,2,1,1,2,2,1,2,1,0,0,1,2,1,"[('l_word_len', 41.0), ('arousal_speaker', -0.2273), ('intent', '5'), ('dominance_listener', -0.0457999999999999)]","[('l_word_len', 41.0), ('intent', '5'), ('dominance_listener', -0.0457999999999999), ('interpretations', '1')]","[('arousal_speaker', -0.2273), ('valence_speaker', 0.2956), ('s_word_len', 67.0), ('speaker_sentiment', 'negative')]","[('l_word_len', 41.0), ('arousal_speaker', -0.1233200575196236), ('intent', '5'), ('dominance_listener', -0.0457999999999999)]","[('l_word_len', 41.0), ('intent', '5'), ('dominance_listener', -0.0457999999999999), ('interpretations', '1')]","[('arousal_speaker', -0.1233200575196236), ('valence_speaker', -0.2430839141166419), ('s_word_len', 67.0), ('speaker_sentiment', 'negative')]"
-0.2465999999999999,0.3466,1,positive,1,1,0,8,36.0,34.0,-0.0236666666666666,0.3918333333333333,0,negative,0.1596666666666666,-0.0386,1.0,2.0,sub_14_conv_3,I want to do something like to keep me busy but at the same time I feel like I don't want to do anything at all I don't have energy I don't know what to do,I think maybe you just need to take it one step at a time and if there's something you can always talk to her as well you've been knowing her for quite some time,-0.0535626506642553,-0.3595677990432323,0.2373897158110172,-0.0286827810401961,0,1,0,0.092192801067712,0.0839020532718627,-0.0445938554649787,-0.1341474593302625,0,sub_14_conv_3,1,2,2,1,2,1,2,1,1,2,2,1,2,1,2,1,0,0,1,"[('dominance_listener', -0.0386), ('arousal_listener', -0.2465999999999999), ('l_word_len', 34.0), ('sentiment', 'positive')]","[('dominance_listener', -0.0386), ('arousal_listener', -0.2465999999999999), ('l_word_len', 34.0), ('sentiment', 'positive')]","[('dominance_speaker', 0.1596666666666666), ('arousal_speaker', -0.0236666666666666), ('s_word_len', 36.0), ('speaker_sentiment', 'negative')]","[('dominance_listener', -0.0386), ('arousal_listener', 0.092192801067712), ('l_word_len', 34.0), ('sentiment', 'positive')]","[('dominance_listener', -0.0386), ('arousal_listener', 0.092192801067712), ('l_word_len', 34.0), ('sentiment', 'positive')]","[('dominance_speaker', 0.1596666666666666), ('arousal_speaker', -0.0445938554649787), ('s_word_len', 36.0), ('speaker_sentiment', 'negative')]"
-0.18725,0.4085,1,positive,1,0,1,5,37.0,30.0,-0.1224615384615384,0.2456923076923077,0,negative,0.0923076923076923,0.086,1.0,2.0,sub_14_conv_3,yes i do my best because i don't want to be depressed like all the time i know I cannot avoid it but i will try to get better so yeah i think i'm gonna contact her,"yeah that's good and if there's anything i know i haven't known you for quite long but maybe if If you want to talk, I can help. Just tell me.",-0.0797717099358807,-0.3874836197613501,0.1769419803979212,0.0197398079305659,0,0,0,0.0676843862785448,0.1363678655513961,-0.092578658493578,-0.1975308415252527,0,sub_14_conv_3,1,2,2,1,2,1,2,1,1,2,2,1,1,1,1,1,1,2,1,"[('l_word_len', 30.0), ('interpretations', '0'), ('s_word_len', 37.0), ('sentiment', 'positive')]","[('l_word_len', 30.0), ('interpretations', '0'), ('sentiment', 'positive'), ('emotional_reaction', '1')]","[('s_word_len', 37.0), ('valence_speaker', 0.2456923076923077), ('arousal_speaker', -0.1224615384615384), ('speaker_sentiment', 'negative')]","[('l_word_len', 30.0), ('dominance_listener', 0.086), ('emotional_reaction', '1'), ('sentiment', 'positive')]","[('l_word_len', 30.0), ('dominance_listener', 0.086), ('emotional_reaction', '1'), ('sentiment', 'positive')]","[('dominance_speaker', 0.0923076923076923), ('s_word_len', 37.0), ('speaker_sentiment', 'negative'), ('valence_speaker', -0.1975308415252527)]"
-0.223076923076923,0.3358461538461538,2,negative,1,0,0,6,48.0,33.0,-0.2801538461538461,0.2146153846153846,2,negative,-0.1523076923076922,0.0563076923076923,1.0,2.0,sub_14_conv_5,"On my way here, I just saw a kid picking up a gum from the street and put it in his mouth and just started chewing it. And his mom saw everything. She didn't say anything to the kid. For her, it was just something normal people do.",I cannot believe that people do that. I mean this is in Japan where the cleanliness is like one of the important thing and a mom letting a son to do such thing.,0.1354230726132825,-0.056169188933366,0.2364239421295595,0.3382192631737001,1,1,0,0.0985736825676147,0.3375073303754362,0.0107499969831438,0.0250661831312592,1,sub_14_conv_5,1,2,2,1,2,1,2,1,1,2,2,1,2,1,2,1,1,2,1,"[('l_word_len', 33.0), ('dominance_listener', 0.0563076923076923), ('dominance_speaker', -0.1523076923076922), ('emotional_reaction', '1')]","[('l_word_len', 33.0), ('dominance_listener', 0.0563076923076923), ('emotional_reaction', '1'), ('intent', '6')]","[('dominance_speaker', -0.1523076923076922), ('speaker_sentiment', 'negative'), ('valence_speaker', 0.2146153846153846), ('arousal_speaker', -0.2801538461538461)]","[('l_word_len', 33.0), ('dominance_listener', 0.0563076923076923), ('dominance_speaker', -0.1523076923076922), ('emotional_reaction', '1')]","[('l_word_len', 33.0), ('dominance_listener', 0.0563076923076923), ('emotional_reaction', '1'), ('intent', '6')]","[('dominance_speaker', -0.1523076923076922), ('speaker_sentiment', 'negative'), ('valence_speaker', 0.0250661831312592), ('arousal_speaker', 0.0107499969831438)]"
0.046,0.1643333333333333,0,negative,1,0,0,6,44.0,25.0,-0.19525,0.271625,0,negative,-0.054875,0.0686666666666666,1.0,2.0,sub_14_conv_5,yeah imagine like all the i guess i don't know all the germs in that gum like all these bacteria i don't know and also i kind of understand how even the kid is in was he was like enjoying chewing this dirty gum,yeah i bet that it will not taste good at all isn't it? And it's I don't know how long it's been there. It's scary.,0.2896678501330343,0.0040728124419925,0.0920824904633055,0.2371336452407054,0,0,0,0.0782577433243138,0.2152935516684938,0.1441924950931239,0.0843384687093947,0,sub_14_conv_5,1,2,2,1,2,1,2,1,1,2,2,1,2,1,2,1,1,2,1,"[('dominance_listener', 0.0686666666666666), ('l_word_len', 25.0), ('emotional_reaction', '1'), ('arousal_listener', 0.046)]","[('dominance_listener', 0.0686666666666666), ('l_word_len', 25.0), ('emotional_reaction', '1'), ('arousal_listener', 0.046)]","[('s_word_len', 44.0), ('dominance_speaker', -0.054875), ('valence_speaker', 0.271625), ('speaker_sentiment', 'negative')]","[('dominance_listener', 0.0686666666666666), ('l_word_len', 25.0), ('emotional_reaction', '1'), ('arousal_listener', 0.0782577433243138)]","[('dominance_listener', 0.0686666666666666), ('l_word_len', 25.0), ('emotional_reaction', '1'), ('arousal_listener', 0.0782577433243138)]","[('s_word_len', 44.0), ('dominance_speaker', -0.054875), ('valence_speaker', 0.0843384687093947), ('speaker_sentiment', 'negative')]"
-0.0457142857142857,0.1914285714285714,2,negative,2,1,0,6,11.0,21.0,-0.1574999999999999,0.2174999999999999,2,neutral,-0.24,-0.0054285714285714,1.0,2.0,sub_14_conv_5,Or maybe he likes that flavor. It's like just the dirt.,Okay I hope it's okay but yeah I cannot help to but imagine the situation and I feel a bit disgusted.,0.3499120771202704,0.4651517772488239,0.2375648346382228,0.5815210549817689,0,0,1,0.1525810985324702,0.4644933099158096,0.1976884539841892,0.3908562440741767,0,sub_14_conv_5,1,2,2,1,2,1,2,1,1,2,2,1,2,1,2,1,1,2,1,"[('emotional_reaction', '2'), ('dominance_speaker', -0.24), ('l_word_len', 21.0), ('arousal_listener', -0.0457142857142857)]","[('emotional_reaction', '2'), ('l_word_len', 21.0), ('arousal_listener', -0.0457142857142857), ('valence_listener', 0.1914285714285714)]","[('dominance_speaker', -0.24), ('valence_speaker', 0.2174999999999999), ('arousal_speaker', -0.1574999999999999), ('speaker_sentiment', 'neutral')]","[('emotional_reaction', '2'), ('dominance_speaker', -0.24), ('l_word_len', 21.0), ('arousal_listener', 0.1525810985324702)]","[('emotional_reaction', '2'), ('l_word_len', 21.0), ('arousal_listener', 0.1525810985324702), ('valence_listener', 0.4644933099158096)]","[('dominance_speaker', -0.24), ('valence_speaker', 0.3908562440741767), ('arousal_speaker', 0.1976884539841892), ('speaker_sentiment', 'neutral')]"
-0.0377142857142857,0.503142857142857,1,positive,0,0,1,1,30.0,24.0,-0.1236363636363636,0.3916363636363637,0,positive,0.0492727272727272,0.2705714285714286,1.0,1.0,sub_14_conv_6,Like the flight is about to leave and I'm going on vacation. It's a three month vacation. I haven't had any vacation in a long time so I'm very excited.,"Oh yeah, I think we're going to a very nice destination in this flight. What is your plan when you arrive in the destination?",0.0393594255336567,-0.2590056691996086,0.3425578564924766,0.2450512546132622,0,0,0,0.2284762138304479,0.3224787353721406,-0.0095393112173494,-0.0638130593488168,0,sub_14_conv_6,1,2,2,1,2,1,2,1,1,2,2,1,2,1,2,1,1,2,1,"[('l_word_len', 24.0), ('arousal_speaker', -0.1236363636363636), ('dominance_speaker', 0.0492727272727272), ('emotional_reaction', '0')]","[('l_word_len', 24.0), ('emotional_reaction', '0'), ('sentiment', 'positive'), ('arousal_listener', -0.0377142857142857)]","[('arousal_speaker', -0.1236363636363636), ('dominance_speaker', 0.0492727272727272), ('s_word_len', 30.0), ('speaker_sentiment', 'positive')]","[('l_word_len', 24.0), ('arousal_speaker', -0.0095393112173494), ('dominance_speaker', 0.0492727272727272), ('emotional_reaction', '0')]","[('l_word_len', 24.0), ('emotional_reaction', '0'), ('sentiment', 'positive'), ('arousal_listener', 0.2284762138304479)]","[('arousal_speaker', -0.0095393112173494), ('dominance_speaker', 0.0492727272727272), ('s_word_len', 30.0), ('speaker_sentiment', 'positive')]"
-0.2015294117647058,0.6331764705882352,0,positive,0,0,0,9,12.0,39.0,-0.1794999999999999,0.364,0,positive,-0.219,0.2830588235294117,1.0,1.0,sub_14_conv_6,Drinking a lot of margaritas at the beach definitely and just resting.,Yeah and I think that's a very good plan and yeah I think the weather is nice and the food will be nice and everything I think it will be perfect holiday and hope the flight will be safe.,0.3479717910684391,0.1543712659007594,0.3417978384870354,0.1918830158782965,0,0,1,0.178799663411513,0.3242710522912782,0.1897302537479073,0.2172598861305316,0,sub_14_conv_6,1,2,2,1,2,1,2,1,1,2,0,0,2,1,2,1,1,2,1,"[('sentiment', 'positive'), ('emotional_reaction', '0'), ('l_word_len', 39.0), ('arousal_speaker', -0.1794999999999999)]","[('sentiment', 'positive'), ('emotional_reaction', '0'), ('l_word_len', 39.0), ('dominance_listener', 0.2830588235294117)]","[('arousal_speaker', -0.1794999999999999), ('s_word_len', 12.0), ('dominance_speaker', -0.219), ('speaker_sentiment', 'positive')]","[('sentiment', 'positive'), ('emotional_reaction', '0'), ('l_word_len', 39.0), ('arousal_speaker', 0.1897302537479073)]","[('sentiment', 'positive'), ('emotional_reaction', '0'), ('l_word_len', 39.0), ('dominance_listener', 0.2830588235294117)]","[('arousal_speaker', 0.1897302537479073), ('s_word_len', 12.0), ('dominance_speaker', -0.219), ('speaker_sentiment', 'positive')]"
-0.1422857142857143,0.4271428571428571,0,positive,1,0,0,9,7.0,20.0,0.0,0.0,1,neutral,0.0,0.0217142857142857,0.0,1.0,sub_14_conv_6,"For you too, where are you going?","Oh, actually, look at this, like we go to the same destination, so I'm expecting also a good vacation there.",-0.1340136116031755,-0.2695288464282727,0.2390528744856574,0.3801797404577584,1,0,0,0.1246512978542458,0.394268675463288,-0.0938095281222228,-0.1886701924997908,1,sub_14_conv_6,1,2,2,1,2,1,2,1,1,2,2,1,1,1,2,1,1,2,1,"[('emotional_reaction', '1'), ('l_word_len', 20.0), ('arousal_listener', -0.1422857142857143), ('dominance_listener', 0.0217142857142857)]","[('emotional_reaction', '1'), ('l_word_len', 20.0), ('arousal_listener', -0.1422857142857143), ('dominance_listener', 0.0217142857142857)]","[('valence_speaker', 0.0), ('speaker_sentiment', 'neutral'), ('arousal_speaker', 0.0), ('s_word_len', 7.0)]","[('l_word_len', 20.0), ('valence_listener', 0.394268675463288), ('valence_speaker', -0.1886701924997908), ('intent', '9')]","[('l_word_len', 20.0), ('valence_listener', 0.394268675463288), ('intent', '9'), ('dominance_listener', 0.0217142857142857)]","[('valence_speaker', -0.1886701924997908), ('s_word_len', 7.0), ('speaker_who', '1'), ('speaker_sentiment', 'neutral')]"
-0.00675,0.32175,1,neutral,1,0,1,1,55.0,31.0,-0.0821538461538461,0.292,0,positive,-0.0029230769230769,0.2665,1.0,2.0,sub_14_conv_7,"Last night I went out with my friends. We went to this expensive restaurant. And I was about to pay and they told me, oh you don't need to pay anything. Somebody from that table paid everything for you. I didn't expect any of that. I guess like being this handsome sometimes has its advantages.","Oh my god, what did you do? Did you try to find out about that guy that tried to pay for you? Or did you try to order more or something?",0.176656483420281,-0.108578277976777,0.1825278966682642,0.3041698591929169,0,0,0,0.1257445276677849,0.3094439014350418,0.0990133845480428,0.0115952054162561,0,sub_14_conv_7,1,2,2,1,2,1,2,1,1,1,1,1,1,1,2,1,1,2,1,"[('l_word_len', 31.0), ('sentiment', 'neutral'), ('emotional_reaction', '1'), ('valence_speaker', 0.292)]","[('l_word_len', 31.0), ('sentiment', 'neutral'), ('emotional_reaction', '1'), ('intent', '1')]","[('valence_speaker', 0.292), ('arousal_speaker', -0.0821538461538461), ('s_word_len', 55.0), ('dominance_speaker', -0.0029230769230769)]","[('l_word_len', 31.0), ('sentiment', 'neutral'), ('emotional_reaction', '1'), ('valence_speaker', 0.0115952054162561)]","[('l_word_len', 31.0), ('sentiment', 'neutral'), ('emotional_reaction', '1'), ('intent', '1')]","[('valence_speaker', 0.0115952054162561), ('arousal_speaker', 0.0990133845480428), ('s_word_len', 55.0), ('dominance_speaker', -0.0029230769230769)]"
-0.1412727272727273,0.5210909090909089,2,positive,1,0,0,7,34.0,36.0,-0.2186,0.3568,0,positive,0.0411999999999999,0.1616363636363636,1.0,2.0,sub_14_conv_7,I wish I could order more but no. But I met the person that paid for my meal. I saw it like a good gesture and yeah. we are having a date next week,oh so it's a female like oh my god maybe that will be your wife in the future and yeah i thought this kind of thing just happened in a movie like i could imagine that,0.1521313580248518,-0.0799133275204568,0.2239277428335941,0.3181163156907347,1,0,0,0.1143676018016976,0.3790086937107869,0.0409119506173962,0.0511006707356802,1,sub_14_conv_7,1,2,2,1,2,1,2,1,1,2,2,1,2,1,2,1,1,2,1,"[('l_word_len', 36.0), ('dominance_listener', 0.1616363636363636), ('valence_speaker', 0.3568), ('emotional_reaction', '1')]","[('l_word_len', 36.0), ('dominance_listener', 0.1616363636363636), ('emotional_reaction', '1'), ('valence_listener', 0.5210909090909089)]","[('valence_speaker', 0.3568), ('s_word_len', 34.0), ('dominance_speaker', 0.0411999999999999), ('arousal_speaker', -0.2186)]","[('l_word_len', 36.0), ('dominance_listener', 0.1616363636363636), ('valence_speaker', 0.0511006707356802), ('emotional_reaction', '1')]","[('l_word_len', 36.0), ('dominance_listener', 0.1616363636363636), ('emotional_reaction', '1'), ('valence_listener', 0.3790086937107869)]","[('valence_speaker', 0.0511006707356802), ('s_word_len', 34.0), ('dominance_speaker', 0.0411999999999999), ('arousal_speaker', 0.0409119506173962)]"
-0.1385454545454545,0.3241818181818182,2,neutral,1,1,0,5,33.0,29.0,-0.1692,0.441,0,neutral,0.1867999999999999,0.0247272727272727,1.0,2.0,sub_14_conv_7,"yeah right for me it feels the same like is this like a reality show or something but no it actually happened, yes you're right maybe like who knows maybe she's the one",oh i'm so glad to hear that but like in the date like just watch out maybe there's a secret camera that's indeed the way of the show right,0.3009423453041067,-0.0666181756288776,0.1705072609455956,0.1767408940419029,0,0,1,0.0777914462982805,0.2209731712838775,0.1598996417128746,0.0856672770597857,0,sub_14_conv_7,1,2,2,1,2,1,2,1,1,2,2,1,1,1,2,1,1,2,1,"[('arousal_speaker', -0.1692), ('l_word_len', 29.0), ('emotional_reaction', '1'), ('sentiment', 'neutral')]","[('l_word_len', 29.0), ('emotional_reaction', '1'), ('sentiment', 'neutral'), ('intent', '5')]","[('arousal_speaker', -0.1692), ('valence_speaker', 0.441), ('dominance_speaker', 0.1867999999999999), ('s_word_len', 33.0)]","[('dominance_listener', 0.0247272727272727), ('l_word_len', 29.0), ('s_word_len', 33.0), ('emotional_reaction', '1')]","[('dominance_listener', 0.0247272727272727), ('l_word_len', 29.0), ('emotional_reaction', '1'), ('arousal_listener', 0.0777914462982805)]","[('s_word_len', 33.0), ('arousal_speaker', 0.1598996417128746), ('dominance_speaker', 0.1867999999999999), ('speaker_sentiment', 'neutral')]"
-0.0171428571428571,0.1631428571428571,2,negative,2,1,1,6,63.0,22.0,-0.1182,0.0043999999999999,0,negative,-0.0849,-0.1325714285714285,0.0,2.0,sub_14_conv_8,"Did you know that I couldn't come to work yesterday because a dog bit me? I was just walking on the street the other day and somebody with an unleashed dog, dangerous dog was close to me and I got bitten. I had to go to the hospital and I'm taking a lot of medications because of the infection. It was really bad.","Oh, I'm sorry to hear that. Did you try to find out about the person that unleashed the dog that's so irresponsible?",0.0443309740837924,0.0062724799071754,0.3178326798689196,0.0185109180727883,0,0,1,0.2173400187653865,0.0619004997938089,-0.0044283181413453,0.0057107359350227,0,sub_14_conv_8,1,2,2,1,2,1,2,1,1,2,2,1,2,1,2,1,0,0,1,"[('s_word_len', 63.0), ('dominance_listener', -0.1325714285714285), ('emotional_reaction', '2'), ('dominance_speaker', -0.0849)]","[('dominance_listener', -0.1325714285714285), ('emotional_reaction', '2'), ('sentiment', 'negative'), ('interpretations', '1')]","[('s_word_len', 63.0), ('dominance_speaker', -0.0849), ('valence_speaker', 0.0043999999999999), ('speaker_sentiment', 'negative')]","[('s_word_len', 63.0), ('dominance_listener', -0.1325714285714285), ('emotional_reaction', '2'), ('dominance_speaker', -0.0849)]","[('dominance_listener', -0.1325714285714285), ('emotional_reaction', '2'), ('sentiment', 'negative'), ('interpretations', '1')]","[('s_word_len', 63.0), ('dominance_speaker', -0.0849), ('valence_speaker', 0.0057107359350227), ('speaker_sentiment', 'negative')]"
-0.0448421052631578,0.0842105263157894,2,negative,2,1,0,5,71.0,62.0,-0.0847826086956521,0.2274782608695651,0,negative,0.0478260869565217,0.0345263157894736,1.0,2.0,sub_14_conv_8,I reported it to the police and they will try to find the person responsible with the cameras and everything but so far like like we don't have any news of about this so I would have to pay for my treatment which is expensive and also I won't be able to walk well or like I mean I need to take care of my leg for the next few weeks,that's so unfortunate and yeah I hope the police will find it it's so irresponsible is creating a lot of I mean you cannot go to work and you cannot also like walk well and everything is such a huge burden also physically and mentally I guess you cannot imagine that someone just like bite you in the middle of the street,-0.0739808135292434,0.0836474595508287,0.2883279951683014,-0.0896551186996258,0,0,0,0.1883769650388636,-0.0374954251950012,-0.077221352079166,0.1267966999464496,0,sub_14_conv_8,1,2,2,1,2,1,2,1,1,2,2,1,2,1,2,1,1,2,1,"[('dominance_listener', 0.0345263157894736), ('l_word_len', 62.0), ('emotional_reaction', '2'), ('dominance_speaker', 0.0478260869565217)]","[('dominance_listener', 0.0345263157894736), ('l_word_len', 62.0), ('emotional_reaction', '2'), ('sentiment', 'negative')]","[('dominance_speaker', 0.0478260869565217), ('s_word_len', 71.0), ('valence_speaker', 0.2274782608695651), ('arousal_speaker', -0.0847826086956521)]","[('dominance_listener', 0.0345263157894736), ('l_word_len', 62.0), ('emotional_reaction', '2'), ('dominance_speaker', 0.0478260869565217)]","[('dominance_listener', 0.0345263157894736), ('l_word_len', 62.0), ('emotional_reaction', '2'), ('sentiment', 'negative')]","[('dominance_speaker', 0.0478260869565217), ('s_word_len', 71.0), ('valence_speaker', 0.1267966999464496), ('arousal_speaker', -0.077221352079166)]"
-0.146,0.3736666666666666,1,positive,1,1,0,5,16.0,29.0,-0.0663333333333333,0.0533333333333333,0,negative,-0.0163333333333333,0.0553333333333333,1.0,2.0,sub_14_conv_8,right yeah and I still need to come to work too so it's a bit difficult,is it possible to file like work from home? but yeah if you need to come to work like maybe just take it easy don't force yourself too much,0.0162429538349672,0.2237564998987063,0.1324971340249988,0.004969902953684,0,1,0,0.0489479938174991,0.1155789320675788,-0.0085299323155229,0.1726295499290944,0,sub_14_conv_8,1,2,2,1,2,1,2,1,1,2,2,1,1,1,2,1,1,1,1,"[('arousal_speaker', -0.0663333333333333), ('l_word_len', 29.0), ('s_word_len', 16.0), ('sentiment', 'positive')]","[('l_word_len', 29.0), ('sentiment', 'positive'), ('emotional_reaction', '1'), ('arousal_listener', -0.146)]","[('arousal_speaker', -0.0663333333333333), ('s_word_len', 16.0), ('valence_speaker', 0.0533333333333333), ('dominance_speaker', -0.0163333333333333)]","[('dominance_listener', 0.0553333333333333), ('l_word_len', 29.0), ('emotional_reaction', '1'), ('s_word_len', 16.0)]","[('dominance_listener', 0.0553333333333333), ('l_word_len', 29.0), ('emotional_reaction', '1'), ('sentiment', 'positive')]","[('s_word_len', 16.0), ('arousal_speaker', -0.0085299323155229), ('valence_speaker', 0.1726295499290944), ('dominance_speaker', -0.0163333333333333)]"
-0.0242499999999999,0.4792499999999999,2,positive,1,0,0,7,29.0,18.0,0.1398181818181818,0.3276363636363636,2,positive,0.2187272727272727,0.28275,1.0,1.0,sub_19_conv_1, I was watching the Olympic Alpine skiing on TV. It's really amazing. They must have trained so hard. I'm just really surprised that they're able to perform so long. ,"They train for a long time, right? It's fascinating. I love the dedication that they put into it. ",0.075601741628413,-0.0556357330222943,0.1020391453331551,-0.4345658093950918,0,0,1,0.0641524017332085,-0.1604210665765642,0.0948666736853436,0.0593458959753031,0,sub_19_conv_1,1,2,2,1,2,1,2,1,1,2,2,1,2,1,2,1,1,2,1,"[('valence_listener', 0.4792499999999999), ('emotional_reaction', '1'), ('intent', '7'), ('l_word_len', 18.0)]","[('valence_listener', 0.4792499999999999), ('emotional_reaction', '1'), ('intent', '7'), ('l_word_len', 18.0)]","[('s_word_len', 29.0), ('arousal_speaker', 0.1398181818181818), ('valence_speaker', 0.3276363636363636), ('speaker_sentiment', 'positive')]","[('valence_listener', -0.1604210665765642), ('emotional_reaction', '1'), ('intent', '7'), ('l_word_len', 18.0)]","[('valence_listener', -0.1604210665765642), ('emotional_reaction', '1'), ('intent', '7'), ('l_word_len', 18.0)]","[('s_word_len', 29.0), ('arousal_speaker', 0.0948666736853436), ('valence_speaker', 0.0593458959753031), ('speaker_sentiment', 'positive')]"
0.0383333333333333,0.2446666666666666,1,negative,1,0,1,1,12.0,17.0,0.04,0.53,2,positive,0.2219999999999999,0.2276666666666666,1.0,1.0,sub_19_conv_1,"Yeah, I'm so impressed. I'm not sure I could ever do that. ","Yeah, where do you find the time for all of that training? It's going to be hard.",-0.0781581023428564,-0.2180897962090041,0.0149393007662216,0.0998887433126713,1,1,0,0.0219575105363551,0.1433221203188699,-0.0427106716399994,0.0063371426536971,1,sub_19_conv_1,1,2,2,1,2,1,2,1,1,2,2,1,2,1,1,1,1,2,1,"[('valence_speaker', 0.53), ('valence_listener', 0.2446666666666666), ('emotional_reaction', '1'), ('dominance_speaker', 0.2219999999999999)]","[('valence_listener', 0.2446666666666666), ('emotional_reaction', '1'), ('l_word_len', 17.0), ('sentiment', 'negative')]","[('valence_speaker', 0.53), ('dominance_speaker', 0.2219999999999999), ('s_word_len', 12.0), ('speaker_sentiment', 'positive')]","[('valence_speaker', 0.0063371426536971), ('valence_listener', 0.1433221203188699), ('emotional_reaction', '1'), ('dominance_speaker', 0.2219999999999999)]","[('valence_listener', 0.1433221203188699), ('emotional_reaction', '1'), ('l_word_len', 17.0), ('sentiment', 'negative')]","[('valence_speaker', 0.0063371426536971), ('dominance_speaker', 0.2219999999999999), ('s_word_len', 12.0), ('speaker_sentiment', 'positive')]"
-0.2014999999999999,0.1525,2,neutral,0,0,1,1,24.0,18.0,-0.05725,0.12,0,negative,0.06675,-0.0665,1.0,2.0,sub_19_conv_2," Oh my god, I saw something move outside my window. I don't know what it was. It might be a ghost. I'm like speechless. ","What was it? What was it? Like, can you tell me what, like anything about what you saw? ",0.2208708350936629,0.0021416244355485,0.239899801226372,0.1661981286649027,0,0,1,0.1074798608584604,0.1620886900654319,0.137434584565564,0.0374991371048839,0,sub_19_conv_2,1,2,2,1,2,1,2,1,1,1,1,1,1,1,1,1,1,2,1,"[('emotional_reaction', '0'), ('l_word_len', 18.0), ('dominance_listener', -0.0665), ('sentiment', 'neutral')]","[('emotional_reaction', '0'), ('l_word_len', 18.0), ('dominance_listener', -0.0665), ('sentiment', 'neutral')]","[('valence_speaker', 0.12), ('s_word_len', 24.0), ('dominance_speaker', 0.06675), ('arousal_speaker', -0.05725)]","[('emotional_reaction', '0'), ('l_word_len', 18.0), ('dominance_listener', -0.0665), ('sentiment', 'neutral')]","[('emotional_reaction', '0'), ('l_word_len', 18.0), ('dominance_listener', -0.0665), ('sentiment', 'neutral')]","[('valence_speaker', 0.0374991371048839), ('s_word_len', 24.0), ('dominance_speaker', 0.06675), ('arousal_speaker', 0.137434584565564)]"
0.1446666666666666,0.1303333333333333,1,neutral,1,1,1,8,24.0,19.0,-0.0551111111111111,0.1586666666666666,0,negative,-0.0008888888888888,0.1903333333333333,0.0,2.0,sub_19_conv_2,"Like, the wind was making these noises. It was loud. It's like, there's these things moving outside. Like, I don't know what's going on. ","Do you think that you're in danger? Like, that maybe you should call the police or something like that?",0.0121818711692837,0.0443865339428567,0.5702772790063693,0.2282844698415342,0,0,1,0.4425940953044585,0.1988991288890739,-0.0080060235148347,0.0786705737599997,0,sub_19_conv_2,1,2,2,1,2,1,2,1,1,1,1,1,1,1,1,1,1,1,1,"[('valence_speaker', 0.1586666666666666), ('sentiment', 'neutral'), ('l_word_len', 19.0), ('intent', '8')]","[('sentiment', 'neutral'), ('l_word_len', 19.0), ('intent', '8'), ('emotional_reaction', '1')]","[('valence_speaker', 0.1586666666666666), ('arousal_speaker', -0.0551111111111111), ('s_word_len', 24.0), ('dominance_speaker', -0.0008888888888888)]","[('valence_speaker', 0.0786705737599997), ('sentiment', 'neutral'), ('l_word_len', 19.0), ('intent', '8')]","[('sentiment', 'neutral'), ('l_word_len', 19.0), ('intent', '8'), ('emotional_reaction', '1')]","[('valence_speaker', 0.0786705737599997), ('arousal_speaker', -0.0080060235148347), ('s_word_len', 24.0), ('dominance_speaker', -0.0008888888888888)]"
-0.3226666666666667,0.6013333333333334,2,neutral,0,0,0,9,30.0,9.0,-0.186,0.3878333333333333,0,positive,0.0118333333333333,0.1313333333333333,1.0,1.0,sub_19_conv_3, I was at the trip story the other day and I found this beautiful like brand new looking set of DVDs that I would have been looking for for months. ,DVDs? Like that's kind of old school isn’t it?,-0.0746707524188972,-0.3061449081025612,0.3767387568937445,0.1924853051636731,0,0,0,0.1669171298256211,0.3151397136145711,-0.108069526693228,-0.0979514356717927,0,sub_19_conv_3,1,2,2,1,0,0,0,0,0,0,0,0,0,0,2,1,1,2,1,"[('l_word_len', 9.0), ('valence_speaker', 0.3878333333333333), ('arousal_listener', -0.3226666666666667), ('sentiment', 'neutral')]","[('l_word_len', 9.0), ('arousal_listener', -0.3226666666666667), ('sentiment', 'neutral'), ('emotional_reaction', '0')]","[('valence_speaker', 0.3878333333333333), ('s_word_len', 30.0), ('dominance_speaker', 0.0118333333333333), ('arousal_speaker', -0.186)]","[('l_word_len', 9.0), ('valence_speaker', -0.0979514356717927), ('arousal_listener', 0.1669171298256211), ('sentiment', 'neutral')]","[('l_word_len', 9.0), ('arousal_listener', 0.1669171298256211), ('sentiment', 'neutral'), ('emotional_reaction', '0')]","[('valence_speaker', -0.0979514356717927), ('s_word_len', 30.0), ('dominance_speaker', 0.0118333333333333), ('arousal_speaker', -0.108069526693228)]"
-0.1868888888888889,0.5422222222222223,2,positive,1,1,0,2,47.0,26.0,-0.0635714285714285,0.3705714285714286,0,positive,0.1625714285714286,0.0782222222222222,1.0,1.0,sub_19_conv_3,"Yeah, I get that it's old school but they're everywhere here and they keep taking stuff off of the streaming services and I just really like the show so I'm really happy to be able to watch it forever as long as I have a DVD player. ","I get it, I get it. Like there's some charm to like watching stuff on DVD or VHS or something like that. It's kind of nice.",-0.0627648619373019,-0.3803826220486369,0.1568607893871925,-0.4046570173342846,1,0,1,0.053735885904368,-0.1205932454673325,-0.0630068319275399,-0.1550964068626172,1,sub_19_conv_3,1,2,2,1,2,1,2,1,1,2,2,1,2,1,2,1,1,2,1,"[('l_word_len', 26.0), ('dominance_listener', 0.0782222222222222), ('valence_listener', 0.5422222222222223), ('s_word_len', 47.0)]","[('l_word_len', 26.0), ('dominance_listener', 0.0782222222222222), ('valence_listener', 0.5422222222222223), ('sentiment', 'positive')]","[('s_word_len', 47.0), ('dominance_speaker', 0.1625714285714286), ('speaker_sentiment', 'positive'), ('valence_speaker', 0.3705714285714286)]","[('l_word_len', 26.0), ('dominance_listener', 0.0782222222222222), ('valence_listener', -0.1205932454673325), ('s_word_len', 47.0)]","[('l_word_len', 26.0), ('dominance_listener', 0.0782222222222222), ('valence_listener', -0.1205932454673325), ('sentiment', 'positive')]","[('s_word_len', 47.0), ('dominance_speaker', 0.1625714285714286), ('speaker_sentiment', 'positive'), ('valence_speaker', -0.1550964068626172)]"
-0.2455999999999999,0.4836,2,positive,1,0,1,5,32.0,15.0,-0.0564444444444444,0.6482222222222223,0,positive,0.0404444444444444,-0.0628,1.0,0.0,sub_19_conv_4,My friend is coming to visit and she said that she made me something good. I really excited. I would love if she made me a cake. She's such a good baker. , I hope she delivers on a cake for you. I would like to hear that. ,0.0163429401455923,-0.3158423131950332,0.3306248608066942,0.3216482009841034,1,1,0,0.1577574025646859,0.3702337406888724,-0.0054932752314187,-0.0266229525698565,1,sub_19_conv_4,1,2,2,1,2,1,2,1,1,2,2,1,2,1,2,1,1,2,0,"[('l_word_len', 15.0), ('sentiment', 'positive'), ('s_word_len', 32.0), ('dominance_listener', -0.0628)]","[('l_word_len', 15.0), ('sentiment', 'positive'), ('dominance_listener', -0.0628), ('valence_listener', 0.4836)]","[('s_word_len', 32.0), ('arousal_speaker', -0.0564444444444444), ('valence_speaker', 0.6482222222222223), ('speaker_sentiment', 'positive')]","[('l_word_len', 15.0), ('sentiment', 'positive'), ('s_word_len', 32.0), ('dominance_listener', -0.0628)]","[('l_word_len', 15.0), ('sentiment', 'positive'), ('dominance_listener', -0.0628), ('valence_listener', 0.3702337406888724)]","[('s_word_len', 32.0), ('arousal_speaker', -0.0054932752314187), ('valence_speaker', -0.0266229525698565), ('speaker_sentiment', 'positive')]"
-0.276,-0.188,2,negative,2,0,0,6,20.0,4.0,-0.2993333333333333,0.319,0,positive,-0.084,-0.576,0.0,0.0,sub_19_conv_4,"Yeah, I can't wait. I don't even have an oven. I haven't had a nice homemade cake in so long.", I'm sorry for that.,-0.1008536738333462,-0.2621531501298174,0.3405614331488963,0.4235116853608555,0,1,0,0.1555930032042274,0.2400581797525988,-0.1603975716833423,-0.0878072050908721,0,sub_19_conv_4,1,1,1,1,2,1,2,1,1,1,0,0,0,0,0,0,1,2,0,"[('l_word_len', 4.0), ('sentiment', 'negative'), ('arousal_speaker', -0.2993333333333333), ('dominance_speaker', -0.084)]","[('l_word_len', 4.0), ('sentiment', 'negative'), ('valence_listener', -0.188), ('dominance_listener', -0.576)]","[('arousal_speaker', -0.2993333333333333), ('dominance_speaker', -0.084), ('valence_speaker', 0.319), ('s_word_len', 20.0)]","[('emotional_reaction', '2'), ('valence_speaker', -0.0878072050908721), ('s_word_len', 20.0), ('dominance_speaker', -0.084)]","[('emotional_reaction', '2'), ('l_word_len', 4.0), ('valence_listener', 0.2400581797525988), ('dominance_listener', -0.576)]","[('valence_speaker', -0.0878072050908721), ('s_word_len', 20.0), ('dominance_speaker', -0.084), ('speaker_sentiment', 'positive')]"
-0.1771428571428571,0.2294285714285714,2,negative,1,0,1,5,46.0,21.0,0.0806666666666666,0.2808333333333333,0,negative,0.1783333333333333,-0.092,1.0,0.0,sub_19_conv_5," So there's this place that I really wanted to go with you, right? And you get on the train, we're on the train. Everything's fine, except now the train is stopped. And there's something about a fire, and I can't get where I want to go. ","Oh, that's a bummer. Like how far is it? Like can we go there, I don't know, like bicycle or something?",-0.1523591567652217,0.0282391018577551,0.2712930875907891,0.2753932829687746,0,1,0,0.1367623041706951,0.2616038695067136,-0.0824514097356551,0.1040173713004285,0,sub_19_conv_5,1,2,2,1,2,1,2,1,1,2,2,1,2,1,2,1,1,2,0,"[('arousal_listener', -0.1771428571428571), ('l_word_len', 21.0), ('arousal_speaker', 0.0806666666666666), ('dominance_listener', -0.092)]","[('arousal_listener', -0.1771428571428571), ('l_word_len', 21.0), ('dominance_listener', -0.092), ('valence_listener', 0.2294285714285714)]","[('arousal_speaker', 0.0806666666666666), ('s_word_len', 46.0), ('speaker_sentiment', 'negative'), ('dominance_speaker', 0.1783333333333333)]","[('arousal_listener', 0.1367623041706951), ('l_word_len', 21.0), ('arousal_speaker', -0.0824514097356551), ('dominance_listener', -0.092)]","[('arousal_listener', 0.1367623041706951), ('l_word_len', 21.0), ('dominance_listener', -0.092), ('valence_listener', 0.2616038695067136)]","[('arousal_speaker', -0.0824514097356551), ('s_word_len', 46.0), ('speaker_sentiment', 'negative'), ('dominance_speaker', 0.1783333333333333)]"
-0.3123999999999999,0.108,0,negative,1,0,0,5,46.0,14.0,-0.1956923076923077,0.2630769230769231,0,negative,-0.024,-0.2355999999999999,1.0,0.0,sub_19_conv_5," It's another hour of train. It's basically the middle of nowhere. And this is like the only way for me to get there. Like maybe there's a bus, but everyone else is also on this cancelled train. Like can I even get home at this point? ","Well, chill, like we'll have to delay it for another time or something. Sorry.",-0.002133611026945,-0.0587782408625267,0.3587448048900787,0.2913183593327312,1,0,0,0.157401363423055,0.2363228515329118,-0.0602012200265538,0.0377783083193082,1,sub_19_conv_5,1,2,2,1,2,1,2,1,1,1,1,1,0,0,2,1,1,2,0,"[('l_word_len', 14.0), ('emotional_reaction', '1'), ('dominance_listener', -0.2355999999999999), ('valence_listener', 0.108)]","[('l_word_len', 14.0), ('emotional_reaction', '1'), ('dominance_listener', -0.2355999999999999), ('valence_listener', 0.108)]","[('speaker_sentiment', 'negative'), ('valence_speaker', 0.2630769230769231), ('s_word_len', 46.0), ('arousal_speaker', -0.1956923076923077)]","[('s_word_len', 46.0), ('l_word_len', 14.0), ('emotional_reaction', '1'), ('arousal_listener', 0.157401363423055)]","[('l_word_len', 14.0), ('emotional_reaction', '1'), ('arousal_listener', 0.157401363423055), ('dominance_listener', -0.2355999999999999)]","[('s_word_len', 46.0), ('valence_speaker', 0.0377783083193082), ('arousal_speaker', -0.0602012200265538), ('dominance_speaker', -0.024)]"
-0.0942857142857142,0.5165714285714287,2,positive,0,0,0,9,43.0,21.0,0.0021999999999999,0.3196,0,positive,0.2145999999999999,0.0114285714285714,1.0,1.0,sub_19_conv_6, I was going through this rough time lately and it gets really hard on me but my brother just always been there and I know that he wants to help and I really appreciate it and he just seems to care so much., I haven’t met him yet but he sounds like a great guy so yeah take by him and listen to him.,0.0270096711904521,0.2831353495889009,0.2275595385274704,0.2730832346516821,1,1,1,0.1310059626835149,0.3461296928276061,0.0195667698333164,0.2940747447122306,1,sub_19_conv_6,1,2,2,1,2,1,2,1,1,2,2,1,0,0,2,1,1,2,1,"[('dominance_listener', 0.0114285714285714), ('valence_listener', 0.5165714285714287), ('arousal_speaker', 0.0021999999999999), ('emotional_reaction', '0')]","[('dominance_listener', 0.0114285714285714), ('valence_listener', 0.5165714285714287), ('emotional_reaction', '0'), ('l_word_len', 21.0)]","[('arousal_speaker', 0.0021999999999999), ('s_word_len', 43.0), ('valence_speaker', 0.3196), ('speaker_sentiment', 'positive')]","[('l_word_len', 21.0), ('emotional_reaction', '0'), ('valence_listener', 0.3461296928276061), ('arousal_listener', 0.1310059626835149)]","[('l_word_len', 21.0), ('emotional_reaction', '0'), ('valence_listener', 0.3461296928276061), ('arousal_listener', 0.1310059626835149)]","[('dominance_speaker', 0.2145999999999999), ('s_word_len', 43.0), ('speaker_sentiment', 'positive'), ('valence_speaker', 0.2940747447122306)]"
-0.1685,0.1855,2,positive,1,0,0,5,30.0,24.0,0.0129999999999999,0.32375,2,positive,0.2965,0.1777499999999999,1.0,1.0,sub_19_conv_6, He's been really hard to work through it and I just know that he has my best interest in mind and he just wants to make sure that I'm okay. ,"For sure, again, family goes first and even if he's wrong he'll have his best intentions in whatever he says so listen to him.",-0.0542378051259177,0.4435415266619547,0.0062840609473673,0.186876622183353,0,1,1,-0.0461511573368429,0.1864636355283471,-0.0340664635881423,0.4076040686633683,0,sub_19_conv_6,1,2,2,1,2,1,2,1,1,2,2,1,2,1,2,1,1,2,1,"[('l_word_len', 24.0), ('dominance_listener', 0.1777499999999999), ('emotional_reaction', '1'), ('valence_listener', 0.1855)]","[('l_word_len', 24.0), ('dominance_listener', 0.1777499999999999), ('emotional_reaction', '1'), ('valence_listener', 0.1855)]","[('s_word_len', 30.0), ('arousal_speaker', 0.0129999999999999), ('speaker_sentiment', 'positive'), ('dominance_speaker', 0.2965)]","[('l_word_len', 24.0), ('dominance_listener', 0.1777499999999999), ('emotional_reaction', '1'), ('valence_listener', 0.1864636355283471)]","[('l_word_len', 24.0), ('dominance_listener', 0.1777499999999999), ('emotional_reaction', '1'), ('valence_listener', 0.1864636355283471)]","[('s_word_len', 30.0), ('arousal_speaker', -0.0340664635881423), ('speaker_sentiment', 'positive'), ('dominance_speaker', 0.2965)]"
-0.305,-0.369,2,negative,2,1,0,6,52.0,5.0,-0.2592941176470588,0.352,0,negative,-0.1292941176470588,-0.639,0.0,0.0,sub_19_conv_7, So I've been working on planting this like really lovely garden and then like I wake up and it has all these beautiful flowers But there's a deer and the deer ate my flowers like what am I gonna do? It's the wrong season I can't have more flowers and they're gone ,"Oh that's sad, I'm sorry ",0.1726578492811496,-0.3263019279364833,0.2529977768806548,0.4693364290526266,1,0,0,0.0855984438164583,0.2178355003368385,0.043072259202687,-0.1228113495555383,1,sub_19_conv_7,1,2,2,1,2,1,2,1,0,0,0,0,0,0,0,0,1,2,0,"[('emotional_reaction', '2'), ('s_word_len', 52.0), ('dominance_speaker', -0.1292941176470588), ('dominance_listener', -0.639)]","[('emotional_reaction', '2'), ('dominance_listener', -0.639), ('sentiment', 'negative'), ('interpretations', '1')]","[('s_word_len', 52.0), ('dominance_speaker', -0.1292941176470588), ('valence_speaker', 0.352), ('speaker_sentiment', 'negative')]","[('emotional_reaction', '2'), ('s_word_len', 52.0), ('dominance_speaker', -0.1292941176470588), ('dominance_listener', -0.639)]","[('emotional_reaction', '2'), ('dominance_listener', -0.639), ('sentiment', 'negative'), ('interpretations', '1')]","[('s_word_len', 52.0), ('dominance_speaker', -0.1292941176470588), ('valence_speaker', -0.1228113495555383), ('speaker_sentiment', 'negative')]"
-0.024,0.4026666666666667,1,positive,1,1,0,4,28.0,27.0,-0.0091428571428571,0.4351428571428571,0,negative,0.0388571428571428,0.2051111111111111,1.0,0.0,sub_19_conv_7,"Yeah, they were so pretty and I was so excited and they actually did cost like a bit of money And it just went to the deer's breakfast ","Let's try to look at the bright side, it's another chance to try and I don't know learn about it Some more before you attempt it again",0.0965762216327723,-0.3016120186563525,0.3481967880047418,0.3742365056142011,0,0,0,0.2365377516033192,0.3827655539299407,0.0648604980000834,-0.0805855559165895,0,sub_19_conv_7,1,2,2,1,2,1,2,1,1,2,2,1,2,1,2,1,1,2,0,"[('dominance_listener', 0.2051111111111111), ('emotional_reaction', '1'), ('l_word_len', 27.0), ('valence_listener', 0.4026666666666667)]","[('dominance_listener', 0.2051111111111111), ('emotional_reaction', '1'), ('l_word_len', 27.0), ('valence_listener', 0.4026666666666667)]","[('dominance_speaker', 0.0388571428571428), ('arousal_speaker', -0.0091428571428571), ('s_word_len', 28.0), ('speaker_sentiment', 'negative')]","[('dominance_listener', 0.2051111111111111), ('emotional_reaction', '1'), ('l_word_len', 27.0), ('valence_listener', 0.3827655539299407)]","[('dominance_listener', 0.2051111111111111), ('emotional_reaction', '1'), ('l_word_len', 27.0), ('valence_listener', 0.3827655539299407)]","[('dominance_speaker', 0.0388571428571428), ('arousal_speaker', 0.0648604980000834), ('s_word_len', 28.0), ('speaker_sentiment', 'negative')]"
-0.0554285714285714,0.4468571428571429,0,negative,1,0,0,6,40.0,17.0,-0.208,0.3004444444444444,0,negative,0.116,-0.0411428571428571,1.0,0.0,sub_19_conv_8," I don't even know what to say. Like, I was at work and then I just, I had some alcohol. I don't, I can't believe that I made it to this point. Like, I don't even know what to do. ","Hey we really need you to get your stuff together. Okay, like, you cannot live like that.",-0.3492496771793855,-0.4382256687901832,0.4615480824644364,0.225425236435375,0,0,0,0.306455086296534,0.2918548083619053,-0.3068747740255698,-0.2166246348197948,0,sub_19_conv_8,1,2,2,1,2,1,2,1,1,2,2,1,2,1,2,1,1,2,0,"[('l_word_len', 17.0), ('valence_listener', 0.4468571428571429), ('emotional_reaction', '1'), ('s_word_len', 40.0)]","[('l_word_len', 17.0), ('valence_listener', 0.4468571428571429), ('emotional_reaction', '1'), ('sentiment', 'negative')]","[('s_word_len', 40.0), ('valence_speaker', 0.3004444444444444), ('arousal_speaker', -0.208), ('dominance_speaker', 0.116)]","[('l_word_len', 17.0), ('valence_listener', 0.2918548083619053), ('emotional_reaction', '1'), ('s_word_len', 40.0)]","[('l_word_len', 17.0), ('valence_listener', 0.2918548083619053), ('emotional_reaction', '1'), ('sentiment', 'negative')]","[('s_word_len', 40.0), ('valence_speaker', -0.2166246348197948), ('arousal_speaker', -0.3068747740255698), ('dominance_speaker', 0.116)]"
-0.28625,0.081,1,neutral,0,0,0,4,11.0,25.0,-0.2826666666666667,0.26,0,negative,-0.0919999999999999,-0.2764999999999999,1.0,0.0,sub_19_conv_8," Like, I'm sorry, I'm just trying my best. I don't know. ","Well, then try a little harder. Okay, because we really need to use like 100% of this. Like, you cannot do those type of things.",-0.2433816532060275,0.0817347245946319,0.1630849804424533,0.3099400566806954,0,1,0,0.0282844863097172,0.2412580396764868,-0.2551671572442192,0.1352143072162423,0,sub_19_conv_8,1,2,2,1,2,1,2,1,0,0,0,0,2,1,2,1,1,2,0,"[('l_word_len', 25.0), ('dominance_speaker', -0.0919999999999999), ('sentiment', 'neutral'), ('valence_speaker', 0.26)]","[('l_word_len', 25.0), ('sentiment', 'neutral'), ('valence_listener', 0.081), ('arousal_listener', -0.28625)]","[('dominance_speaker', -0.0919999999999999), ('valence_speaker', 0.26), ('arousal_speaker', -0.2826666666666667), ('s_word_len', 11.0)]","[('dominance_listener', -0.2764999999999999), ('l_word_len', 25.0), ('dominance_speaker', -0.0919999999999999), ('emotional_reaction', '0')]","[('dominance_listener', -0.2764999999999999), ('l_word_len', 25.0), ('emotional_reaction', '0'), ('valence_listener', 0.2412580396764868)]","[('dominance_speaker', -0.0919999999999999), ('s_word_len', 11.0), ('arousal_speaker', -0.2551671572442192), ('valence_speaker', 0.1352143072162423)]"
-0.0886,0.4896,1,positive,1,1,0,4,56.0,31.0,-0.0858947368421052,0.5236842105263158,0,positive,0.1865263157894736,0.119,1.0,1.0,sub_20_conv_1," So I have my partner right? And whenever I make a decision, they always listen to me really well and make sure that I feel like I'm being listened to and I find that really helps me feel good about a relationship and that we're working together and that they have my best interests at heart. ","Okay, I'm glad that you feel about that. About your relationship, I think that you guys trust each other a lot and enough. So you should keep with that relationship going. ",-0.4107431960992157,-0.2340847104147813,0.0307551003483972,0.1036260857563337,0,1,0,-0.0050514297561219,0.2194182600294336,-0.3132886583220826,-0.0067540341324521,0,sub_20_conv_1,1,2,2,1,2,1,2,1,1,2,2,1,2,1,2,1,1,2,1,"[('dominance_listener', 0.119), ('valence_listener', 0.4896), ('l_word_len', 31.0), ('emotional_reaction', '1')]","[('dominance_listener', 0.119), ('valence_listener', 0.4896), ('l_word_len', 31.0), ('emotional_reaction', '1')]","[('arousal_speaker', -0.0858947368421052), ('valence_speaker', 0.5236842105263158), ('speaker_sentiment', 'positive'), ('s_word_len', 56.0)]","[('dominance_listener', 0.119), ('valence_listener', 0.2194182600294336), ('l_word_len', 31.0), ('emotional_reaction', '1')]","[('dominance_listener', 0.119), ('valence_listener', 0.2194182600294336), ('l_word_len', 31.0), ('emotional_reaction', '1')]","[('arousal_speaker', -0.3132886583220826), ('valence_speaker', -0.0067540341324521), ('speaker_sentiment', 'positive'), ('s_word_len', 56.0)]"
-0.0123333333333333,0.5533333333333333,1,positive,1,1,1,5,11.0,16.0,-0.0975,0.652,0,positive,0.1525,0.115,1.0,1.0,sub_20_conv_1,"Yeah, it's really nice to feel heard and supported like that. ",I'm glad to hear that. Is there something that you feel that can break that trust?,-0.2504163517707458,0.009829397863183,0.3374979743433451,0.0944192297540119,0,0,0,0.2325485820403415,0.2320934608278083,-0.204541446239522,0.2024805785042281,0,sub_20_conv_1,1,2,2,1,2,1,2,1,1,2,2,1,2,1,0,0,1,2,1,"[('dominance_listener', 0.115), ('intent', '5'), ('l_word_len', 16.0), ('s_word_len', 11.0)]","[('dominance_listener', 0.115), ('intent', '5'), ('l_word_len', 16.0), ('emotional_reaction', '1')]","[('s_word_len', 11.0), ('arousal_speaker', -0.0975), ('dominance_speaker', 0.1525), ('speaker_sentiment', 'positive')]","[('dominance_listener', 0.115), ('intent', '5'), ('l_word_len', 16.0), ('s_word_len', 11.0)]","[('dominance_listener', 0.115), ('intent', '5'), ('l_word_len', 16.0), ('emotional_reaction', '1')]","[('s_word_len', 11.0), ('arousal_speaker', -0.204541446239522), ('dominance_speaker', 0.1525), ('speaker_sentiment', 'positive')]"
-0.1373333333333333,0.4288,0,negative,1,0,0,6,36.0,40.0,-0.0772857142857142,0.3714285714285714,0,positive,0.0181428571428571,0.0410666666666666,1.0,2.0,sub_20_conv_2, In a few days I'm going back to go see my family for Christmas and it's just really exciting to get to go see them again and hang out and do all sorts of fun stuff.," Yeah, I wish I could go to see my family for Christmas. I think that I'm gonna miss them a lot and I would be really happy if I could go back and see them for Christmas and these holidays. ",-0.4170471081690762,-0.2028004438650211,0.3150832622250413,0.1008126410245414,0,1,0,0.1793582835575288,0.199208848717179,-0.3151186900040676,-0.0305317392769433,0,sub_20_conv_2,1,2,2,1,2,1,2,1,1,1,1,1,2,1,2,1,1,2,1,"[('sentiment', 'negative'), ('l_word_len', 40.0), ('arousal_listener', -0.1373333333333333), ('emotional_reaction', '1')]","[('sentiment', 'negative'), ('l_word_len', 40.0), ('arousal_listener', -0.1373333333333333), ('emotional_reaction', '1')]","[('valence_speaker', 0.3714285714285714), ('dominance_speaker', 0.0181428571428571), ('speaker_sentiment', 'positive'), ('arousal_speaker', -0.0772857142857142)]","[('l_word_len', 40.0), ('dominance_listener', 0.0410666666666666), ('sentiment', 'negative'), ('emotional_reaction', '1')]","[('l_word_len', 40.0), ('dominance_listener', 0.0410666666666666), ('sentiment', 'negative'), ('emotional_reaction', '1')]","[('valence_speaker', -0.0305317392769433), ('dominance_speaker', 0.0181428571428571), ('s_word_len', 36.0), ('speaker_sentiment', 'positive')]"
0.069,0.2903333333333333,1,positive,2,1,0,7,24.0,26.0,-0.2891111111111111,0.4597777777777778,2,positive,0.1313333333333333,0.2496666666666667,1.0,2.0,sub_20_conv_2,"Yeah, and there's all sorts of good food and people haven't seen it all one time and I think it'll be really nice time. ","Yeah, I'm really sure it's gonna be a blast and you're gonna have a lot a lot of fun there and I'm very happy for you.",-0.4133843483724667,-0.1680287707233673,0.1818946285440903,-0.0018547808383766,0,0,0,0.1480262399808632,0.0858016534131363,-0.37610237719406,0.0203131938269762,0,sub_20_conv_2,1,2,2,1,2,1,2,1,1,2,2,1,2,1,2,1,1,2,1,"[('dominance_listener', 0.2496666666666667), ('emotional_reaction', '2'), ('arousal_speaker', -0.2891111111111111), ('l_word_len', 26.0)]","[('dominance_listener', 0.2496666666666667), ('emotional_reaction', '2'), ('l_word_len', 26.0), ('intent', '7')]","[('arousal_speaker', -0.2891111111111111), ('s_word_len', 24.0), ('dominance_speaker', 0.1313333333333333), ('speaker_sentiment', 'positive')]","[('dominance_listener', 0.2496666666666667), ('emotional_reaction', '2'), ('arousal_speaker', -0.37610237719406), ('l_word_len', 26.0)]","[('dominance_listener', 0.2496666666666667), ('emotional_reaction', '2'), ('l_word_len', 26.0), ('intent', '7')]","[('arousal_speaker', -0.37610237719406), ('s_word_len', 24.0), ('dominance_speaker', 0.1313333333333333), ('speaker_sentiment', 'positive')]"
0.0031111111111111,0.0788888888888888,1,negative,2,2,0,6,54.0,25.0,-0.0895294117647058,0.1711764705882352,0,negative,-0.0485882352941176,-0.0526666666666666,1.0,1.0,sub_20_conv_3, I was walking off from school the other day and I saw this squirrel on a side of the road and I think he got hit by a car so I tried to get it off the road and then it was like barely moving and then all of a sudden it just stopped. ,"I'm very sorry to hear that I bet it must be really rough for you to deal with that situation, especially if you like animals. ",-0.4144277208428458,-0.2720037092293462,0.2464232714141291,0.3389166584177037,0,1,0,0.1734296233232237,0.2609083275590592,-0.3169582281194038,-0.1390496552840717,0,sub_20_conv_3,1,2,2,1,2,1,2,1,1,2,2,1,2,1,2,1,1,2,1,"[('l_word_len', 25.0), ('dominance_listener', -0.0526666666666666), ('s_word_len', 54.0), ('valence_speaker', 0.1711764705882352)]","[('l_word_len', 25.0), ('dominance_listener', -0.0526666666666666), ('sentiment', 'negative'), ('emotional_reaction', '2')]","[('s_word_len', 54.0), ('valence_speaker', 0.1711764705882352), ('arousal_speaker', -0.0895294117647058), ('dominance_speaker', -0.0485882352941176)]","[('l_word_len', 25.0), ('dominance_listener', -0.0526666666666666), ('s_word_len', 54.0), ('valence_speaker', -0.1390496552840717)]","[('l_word_len', 25.0), ('dominance_listener', -0.0526666666666666), ('sentiment', 'negative'), ('emotional_reaction', '2')]","[('s_word_len', 54.0), ('valence_speaker', -0.1390496552840717), ('arousal_speaker', -0.3169582281194038), ('dominance_speaker', -0.0485882352941176)]"
-0.197,-0.084,1,positive,2,1,0,6,23.0,11.0,-0.116,0.0413333333333333,0,negative,-0.2833333333333333,-0.344,1.0,1.0,sub_20_conv_3,"Yeah, it was just lying there and you could just see that it wasn't okay and there's like almost nothing I could do."," Yeah, I'm really sorry that you had to go through that.",-0.2341220369780963,-0.134751429194675,0.2890713054652991,0.2955338334030812,0,1,0,0.1432499138257093,0.1816736833821568,-0.1986854258846674,-0.0819260004362724,0,sub_20_conv_3,1,2,2,1,2,1,2,1,0,0,0,0,0,0,2,1,1,2,1,"[('valence_listener', -0.084), ('valence_speaker', 0.0413333333333333), ('l_word_len', 11.0), ('emotional_reaction', '2')]","[('valence_listener', -0.084), ('l_word_len', 11.0), ('emotional_reaction', '2'), ('arousal_listener', -0.197)]","[('valence_speaker', 0.0413333333333333), ('dominance_speaker', -0.2833333333333333), ('arousal_speaker', -0.116), ('s_word_len', 23.0)]","[('valence_listener', 0.1816736833821568), ('valence_speaker', -0.0819260004362724), ('l_word_len', 11.0), ('emotional_reaction', '2')]","[('valence_listener', 0.1816736833821568), ('l_word_len', 11.0), ('emotional_reaction', '2'), ('arousal_listener', 0.1432499138257093)]","[('valence_speaker', -0.0819260004362724), ('dominance_speaker', -0.2833333333333333), ('arousal_speaker', -0.1986854258846674), ('s_word_len', 23.0)]"
0.0062499999999999,0.5607500000000001,1,positive,1,0,0,7,47.0,29.0,-0.1523076923076923,0.2938461538461538,0,positive,0.1578461538461538,0.4145,1.0,1.0,sub_20_conv_4," I had this job interview the other day it's for a job that I really like and it just went so well. Like every time I asked this question I had my answers exactly what I prepared for. It was, I just know I got that job.",Well I'm really glad for you. Really hope that you get the job based on what you're saying. I think that you will definitely get the job for sure. ,-0.3023409396404629,-0.0175921737568935,0.4400441472835177,0.1226733213858679,0,0,0,0.3099059030984624,0.2540963249701076,-0.2573309654406317,0.0758393245240207,0,sub_20_conv_4,1,2,2,1,2,1,2,1,1,2,2,1,2,1,2,1,1,2,1,"[('l_word_len', 29.0), ('s_word_len', 47.0), ('emotional_reaction', '1'), ('valence_listener', 0.5607500000000001)]","[('l_word_len', 29.0), ('emotional_reaction', '1'), ('valence_listener', 0.5607500000000001), ('intent', '7')]","[('s_word_len', 47.0), ('valence_speaker', 0.2938461538461538), ('dominance_speaker', 0.1578461538461538), ('arousal_speaker', -0.1523076923076923)]","[('l_word_len', 29.0), ('s_word_len', 47.0), ('emotional_reaction', '1'), ('valence_listener', 0.2540963249701076)]","[('l_word_len', 29.0), ('emotional_reaction', '1'), ('valence_listener', 0.2540963249701076), ('intent', '7')]","[('s_word_len', 47.0), ('valence_speaker', 0.0758393245240207), ('dominance_speaker', 0.1578461538461538), ('arousal_speaker', -0.2573309654406317)]"
-0.0032,0.41,1,positive,0,0,0,7,32.0,15.0,0.1364,0.6316,0,positive,0.3206,0.132,1.0,1.0,sub_20_conv_4,It's got a great location and everything I've heard about the company just sounds really nice and I'm really excited to start working there especially because my last job hasn't been great. ,Okay so you know what we should go out for dinner to celebrate. Let's go.,-0.1284133687376236,-0.0118754929075625,0.4728856056278954,0.164629520167907,0,0,0,0.3300599239395267,0.2382406641175349,-0.0489693581163365,0.1811671549647062,0,sub_20_conv_4,1,2,2,1,2,1,2,1,1,2,1,1,0,0,2,1,1,2,1,"[('l_word_len', 15.0), ('emotional_reaction', '0'), ('dominance_listener', 0.132), ('arousal_speaker', 0.1364)]","[('l_word_len', 15.0), ('emotional_reaction', '0'), ('dominance_listener', 0.132), ('sentiment', 'positive')]","[('arousal_speaker', 0.1364), ('valence_speaker', 0.6316), ('dominance_speaker', 0.3206), ('s_word_len', 32.0)]","[('l_word_len', 15.0), ('emotional_reaction', '0'), ('sentiment', 'positive'), ('valence_listener', 0.2382406641175349)]","[('l_word_len', 15.0), ('emotional_reaction', '0'), ('sentiment', 'positive'), ('valence_listener', 0.2382406641175349)]","[('arousal_speaker', -0.0489693581163365), ('valence_speaker', 0.1811671549647062), ('s_word_len', 32.0), ('dominance_speaker', 0.3206)]"
-0.2704615384615385,0.3593846153846153,1,positive,1,1,0,2,44.0,32.0,-0.1346666666666666,0.2978666666666667,0,negative,0.0201333333333333,0.0566153846153846,1.0,0.0,sub_20_conv_5," Got into a fight with my roomate right this morning like can they just not do the dishes like it's so easy You cook something you wash the pan. Got into this big fight, and I missed my bus and I'm late for work","Yeah, totally agree with you. They should definitely do the dishes like I think that household tasks should be equally separated so yeah, you have a reason to be mad at him ",-0.0522878407574025,0.0220350722988134,0.1848776215084839,0.1219734296834419,0,0,0,0.0482758735174772,0.1931967853937939,-0.0770014885301817,0.1047845506091694,0,sub_20_conv_5,1,2,2,1,2,1,2,1,1,2,2,1,0,0,2,1,1,2,0,"[('l_word_len', 32.0), ('dominance_listener', 0.0566153846153846), ('dominance_speaker', 0.0201333333333333), ('arousal_listener', -0.2704615384615385)]","[('l_word_len', 32.0), ('dominance_listener', 0.0566153846153846), ('arousal_listener', -0.2704615384615385), ('intent', '2')]","[('dominance_speaker', 0.0201333333333333), ('arousal_speaker', -0.1346666666666666), ('s_word_len', 44.0), ('valence_speaker', 0.2978666666666667)]","[('l_word_len', 32.0), ('s_word_len', 44.0), ('dominance_listener', 0.0566153846153846), ('valence_speaker', 0.1047845506091694)]","[('l_word_len', 32.0), ('dominance_listener', 0.0566153846153846), ('emotional_reaction', '1'), ('valence_listener', 0.1931967853937939)]","[('s_word_len', 44.0), ('valence_speaker', 0.1047845506091694), ('arousal_speaker', -0.0770014885301817), ('dominance_speaker', 0.0201333333333333)]"
-0.1982,0.5572,1,positive,1,1,1,8,26.0,37.0,-0.2864444444444445,0.08,2,negative,-0.1877777777777777,0.1643999999999999,1.0,0.0,sub_20_conv_5,We even have a dishwasher like you just put the dishes in the dishwasher all that's left is a pan like is it really that hard? ,"No, I agree with you. I think that you should have a real conversation with him or her and then if he doesn't listen to you then you should take other Solutions maybe talk with your advisor",-0.1399189783212994,-0.0200733067715068,0.0482902070407878,0.0376976339224303,0,0,0,-0.0256568550714485,0.1935483437457012,-0.1838766181582429,0.0099486852599452,0,sub_20_conv_5,1,2,2,1,2,1,2,1,1,2,2,1,2,1,2,1,0,0,0,"[('l_word_len', 37.0), ('speaker_sentiment', 'negative'), ('valence_listener', 0.5572), ('emotional_reaction', '1')]","[('l_word_len', 37.0), ('valence_listener', 0.5572), ('emotional_reaction', '1'), ('dominance_listener', 0.1643999999999999)]","[('speaker_sentiment', 'negative'), ('valence_speaker', 0.08), ('dominance_speaker', -0.1877777777777777), ('arousal_speaker', -0.2864444444444445)]","[('l_word_len', 37.0), ('speaker_sentiment', 'negative'), ('valence_listener', 0.1935483437457012), ('emotional_reaction', '1')]","[('l_word_len', 37.0), ('valence_listener', 0.1935483437457012), ('emotional_reaction', '1'), ('dominance_listener', 0.1643999999999999)]","[('speaker_sentiment', 'negative'), ('valence_speaker', 0.0099486852599452), ('dominance_speaker', -0.1877777777777777), ('arousal_speaker', -0.1838766181582429)]"
0.1835,0.5885,1,positive,2,1,0,7,51.0,15.0,-0.1114545454545454,0.5230909090909092,0,positive,-0.0176363636363636,0.2945,1.0,1.0,sub_20_conv_6, It was my birthday yesterday and my friend had showed up at the door and said that we had dinner reservations and I had all these friends who were going to be there and I wasn't expecting that because usually I don't do anything and it was just really nice surprise. ,"Wow, that's amazing. I'm glad that you have people that care about you that much. ",-0.3940518804354442,-0.1471704504024212,0.1923102022379632,0.3095158499471337,0,1,0,0.1896671415665742,0.3932110949629936,-0.3092726799411746,0.0539079574455779,0,sub_20_conv_6,1,2,2,1,2,1,2,1,1,2,2,1,2,1,2,1,1,2,1,"[('l_word_len', 15.0), ('dominance_listener', 0.2945), ('valence_listener', 0.5885), ('sentiment', 'positive')]","[('l_word_len', 15.0), ('dominance_listener', 0.2945), ('valence_listener', 0.5885), ('sentiment', 'positive')]","[('s_word_len', 51.0), ('speaker_sentiment', 'positive'), ('valence_speaker', 0.5230909090909092), ('arousal_speaker', -0.1114545454545454)]","[('l_word_len', 15.0), ('dominance_listener', 0.2945), ('valence_listener', 0.3932110949629936), ('sentiment', 'positive')]","[('l_word_len', 15.0), ('dominance_listener', 0.2945), ('valence_listener', 0.3932110949629936), ('sentiment', 'positive')]","[('s_word_len', 51.0), ('speaker_sentiment', 'positive'), ('valence_speaker', 0.0539079574455779), ('arousal_speaker', -0.3092726799411746)]"
0.1126666666666666,0.2016666666666666,1,positive,1,0,0,4,11.0,19.0,-0.108,0.491,0,positive,-0.048,0.2146666666666666,1.0,1.0,sub_20_conv_6,"Yeah, I actually wasn't expecting it. It was really really nice."," Well, I'm sure you've had a lot of fun and it was unexpected, so you know, that's a blast.",-0.2219744412190878,-0.2557701110950172,0.1550212011967165,0.1051273148095702,1,0,0,0.1423148408377015,0.1340891203666991,-0.1877821088533614,-0.031739077766512,1,sub_20_conv_6,1,2,2,1,2,1,2,1,1,2,2,1,2,1,1,1,1,2,1,"[('l_word_len', 19.0), ('dominance_speaker', -0.048), ('valence_listener', 0.2016666666666666), ('arousal_speaker', -0.108)]","[('l_word_len', 19.0), ('valence_listener', 0.2016666666666666), ('intent', '4'), ('arousal_listener', 0.1126666666666666)]","[('dominance_speaker', -0.048), ('arousal_speaker', -0.108), ('s_word_len', 11.0), ('speaker_sentiment', 'positive')]","[('l_word_len', 19.0), ('dominance_speaker', -0.048), ('valence_listener', 0.1340891203666991), ('arousal_speaker', -0.1877821088533614)]","[('l_word_len', 19.0), ('valence_listener', 0.1340891203666991), ('intent', '4'), ('arousal_listener', 0.1423148408377015)]","[('dominance_speaker', -0.048), ('arousal_speaker', -0.1877821088533614), ('s_word_len', 11.0), ('speaker_sentiment', 'positive')]"
0.124,0.1113333333333333,1,neutral,1,1,0,8,44.0,18.0,-0.1238666666666666,0.2233333333333333,0,negative,-0.0009333333333333,-0.0573333333333333,0.0,0.0,sub_20_conv_7," When I go home at night I have to walk down this really dark path, right? And I heard this rustling noise in the bushes. I have no idea what it could be. Maybe there's an animal in there. I almost started running home."," Yeah, if I were you, I'd probably start to run then home, because that sounds a bit scary. ",0.2922509020532511,0.003556366966046,-0.0166232022165747,0.0402915040518411,0,0,0,0.0255637584483977,0.0616040528362887,0.1674156314372757,0.0694894568762322,0,sub_20_conv_7,1,2,2,1,2,1,2,1,1,1,1,1,0,0,0,0,1,1,0,"[('l_word_len', 18.0), ('emotional_reaction', '1'), ('sentiment', 'neutral'), ('valence_speaker', 0.2233333333333333)]","[('l_word_len', 18.0), ('emotional_reaction', '1'), ('sentiment', 'neutral'), ('intent', '8')]","[('valence_speaker', 0.2233333333333333), ('dominance_speaker', -0.0009333333333333), ('arousal_speaker', -0.1238666666666666), ('s_word_len', 44.0)]","[('l_word_len', 18.0), ('emotional_reaction', '1'), ('valence_speaker', 0.0694894568762322), ('sentiment', 'neutral')]","[('l_word_len', 18.0), ('emotional_reaction', '1'), ('sentiment', 'neutral'), ('intent', '8')]","[('valence_speaker', 0.0694894568762322), ('s_word_len', 44.0), ('dominance_speaker', -0.0009333333333333), ('arousal_speaker', 0.1674156314372757)]"
0.1134999999999999,0.0715,1,neutral,0,0,0,9,22.0,25.0,0.2169999999999999,0.12225,0,negative,0.103,0.059,1.0,0.0,sub_20_conv_7,"Yeah, like, I don't want to run into a wild animal. Like, what if it attacks me? Like, it really spooked me."," I mean, as far as you're faster than the animal, I guess. It's okay. But yeah, if that happens, you should run away from that.",0.3575400983097679,-0.0119030178549298,0.2111870595774826,0.2426909309377515,0,1,1,0.1818809417042378,0.191333651656426,0.3153780688168375,0.0283428875015491,0,sub_20_conv_7,1,2,2,1,2,1,2,1,0,0,0,0,0,0,2,1,1,2,0,"[('l_word_len', 25.0), ('s_word_len', 22.0), ('dominance_listener', 0.059), ('emotional_reaction', '0')]","[('l_word_len', 25.0), ('dominance_listener', 0.059), ('emotional_reaction', '0'), ('sentiment', 'neutral')]","[('s_word_len', 22.0), ('dominance_speaker', 0.103), ('valence_speaker', 0.12225), ('arousal_speaker', 0.2169999999999999)]","[('l_word_len', 25.0), ('s_word_len', 22.0), ('dominance_listener', 0.059), ('emotional_reaction', '0')]","[('l_word_len', 25.0), ('dominance_listener', 0.059), ('emotional_reaction', '0'), ('sentiment', 'neutral')]","[('s_word_len', 22.0), ('dominance_speaker', 0.103), ('valence_speaker', 0.0283428875015491), ('arousal_speaker', 0.3153780688168375)]"
-0.095,0.249,1,positive,1,1,0,4,42.0,28.0,-0.0696666666666666,0.0573333333333333,0,negative,-0.0363333333333333,0.2303333333333333,1.0,0.0,sub_20_conv_8, I was taking this test online the other day and there's this one question and I got so stuck It's such an important exam and I looked at my phone and I looked up the answer. I feel so bad about it. ,Well I think it's something that you should not do but as far as you know that you did wrong I think you will not do it again. ,-0.059772516604725,0.0740835849116615,0.2313482125854204,0.0212482362323052,0,0,0,0.1334437488097943,0.0895737653626136,-0.0627407616233075,0.069058509438163,0,sub_20_conv_8,1,2,2,1,2,1,2,1,1,2,2,1,2,1,2,1,1,2,0,"[('dominance_listener', 0.2303333333333333), ('emotional_reaction', '1'), ('l_word_len', 28.0), ('valence_listener', 0.249)]","[('dominance_listener', 0.2303333333333333), ('emotional_reaction', '1'), ('l_word_len', 28.0), ('valence_listener', 0.249)]","[('dominance_speaker', -0.0363333333333333), ('arousal_speaker', -0.0696666666666666), ('valence_speaker', 0.0573333333333333), ('s_word_len', 42.0)]","[('dominance_listener', 0.2303333333333333), ('emotional_reaction', '1'), ('l_word_len', 28.0), ('valence_listener', 0.0895737653626136)]","[('dominance_listener', 0.2303333333333333), ('emotional_reaction', '1'), ('l_word_len', 28.0), ('valence_listener', 0.0895737653626136)]","[('dominance_speaker', -0.0363333333333333), ('arousal_speaker', -0.0627407616233075), ('valence_speaker', 0.069058509438163), ('s_word_len', 42.0)]"
-0.1477142857142857,0.3171428571428571,1,neutral,0,0,0,9,21.0,28.0,0.02,0.0716,0,negative,0.0164,0.2405714285714285,1.0,0.0,sub_20_conv_8,Yeah I mean it's not fair to me it's not fair to everyone else. I just wanted to pass so bad. ,Just don't do it again because I don't think it's right but I mean unless you want to tell the teacher there's nothing you can really do now.,0.0776925289813112,0.1726629634874643,0.3076080840610996,0.0386267656711182,0,0,1,0.1710113731284839,0.1221815931126399,0.0603847702869178,0.142344074441225,0,sub_20_conv_8,1,2,2,1,2,1,2,1,1,2,2,1,0,0,1,1,1,2,0,"[('dominance_speaker', 0.0164), ('valence_speaker', 0.0716), ('arousal_listener', -0.1477142857142857), ('l_word_len', 28.0)]","[('arousal_listener', -0.1477142857142857), ('l_word_len', 28.0), ('dominance_listener', 0.2405714285714285), ('sentiment', 'neutral')]","[('dominance_speaker', 0.0164), ('valence_speaker', 0.0716), ('s_word_len', 21.0), ('arousal_speaker', 0.02)]","[('l_word_len', 28.0), ('s_word_len', 21.0), ('dominance_speaker', 0.0164), ('emotional_reaction', '0')]","[('l_word_len', 28.0), ('emotional_reaction', '0'), ('arousal_listener', 0.1710113731284839), ('sentiment', 'neutral')]","[('s_word_len', 21.0), ('dominance_speaker', 0.0164), ('valence_speaker', 0.142344074441225), ('arousal_speaker', 0.0603847702869178)]"
0.574,-0.542,1,negative,0,0,1,1,43.0,5.0,-0.2628749999999999,0.1406249999999999,0,negative,-0.07025,0.216,0.0,0.0,sub_21_conv_1, So last time I'm trying to do my homework in my room and my brother just keeps coming in. He won't leave me alone. He always wants to and I’m  this this close to give him a nice little punch across the face. ,Why didn’t you punch him?,-0.3055701328994001,-0.1198393043584025,-0.1566452934786245,-0.2468460077313398,1,1,1,0.0625482945649628,-0.3353922054119378,-0.29276159302958,-0.0417000130508817,1,sub_21_conv_1,1,2,2,1,0,0,0,0,0,0,0,0,0,0,2,1,1,2,0,"[('emotional_reaction', '0'), ('l_word_len', 5.0), ('valence_speaker', 0.1406249999999999), ('arousal_speaker', -0.2628749999999999)]","[('emotional_reaction', '0'), ('l_word_len', 5.0), ('sentiment', 'negative'), ('arousal_listener', 0.574)]","[('valence_speaker', 0.1406249999999999), ('arousal_speaker', -0.2628749999999999), ('s_word_len', 43.0), ('dominance_speaker', -0.07025)]","[('emotional_reaction', '0'), ('l_word_len', 5.0), ('valence_speaker', -0.0417000130508817), ('arousal_speaker', -0.29276159302958)]","[('emotional_reaction', '0'), ('l_word_len', 5.0), ('sentiment', 'negative'), ('arousal_listener', 0.0625482945649628)]","[('valence_speaker', -0.0417000130508817), ('arousal_speaker', -0.29276159302958), ('s_word_len', 43.0), ('dominance_speaker', -0.07025)]"
-0.18,0.2789999999999999,1,neutral,0,0,0,9,16.0,11.0,-0.2696,0.0403999999999999,0,negative,-0.028,0.045,1.0,0.0,sub_21_conv_1," Yeah, I don't know. I really should have. This guy is just not leaving me alone. ",I think you should have. Then you would have been better.,-0.1161307742743527,-0.1891457397103184,-0.2163454724940311,-0.2277433438171217,1,0,1,-0.2054418307458217,-0.0757203406719851,-0.1621715419920469,-0.1202820177972228,1,sub_21_conv_1,0,0,0,0,2,1,2,1,0,0,0,0,0,0,1,1,1,2,0,"[('l_word_len', 11.0), ('dominance_speaker', -0.028), ('sentiment', 'neutral'), ('s_word_len', 16.0)]","[('l_word_len', 11.0), ('sentiment', 'neutral'), ('dominance_listener', 0.045), ('arousal_listener', -0.18)]","[('dominance_speaker', -0.028), ('s_word_len', 16.0), ('valence_speaker', 0.0403999999999999), ('arousal_speaker', -0.2696)]","[('l_word_len', 11.0), ('dominance_speaker', -0.028), ('sentiment', 'neutral'), ('s_word_len', 16.0)]","[('l_word_len', 11.0), ('sentiment', 'neutral'), ('dominance_listener', 0.045), ('arousal_listener', -0.2054418307458217)]","[('dominance_speaker', -0.028), ('s_word_len', 16.0), ('valence_speaker', -0.1202820177972228), ('arousal_speaker', -0.1621715419920469)]"
-0.276,-0.188,2,negative,2,0,0,6,34.0,7.0,-0.2934,-0.0276,0,negative,-0.2795999999999999,-0.576,1.0,0.0,sub_21_conv_2, I had this cat ever since I was a little kid and a few years ago he got really sick. I'm gonna take him to the vet and they had to put him down. ,"Oh wow, I'm very sorry about it.",-0.3801175138917837,-0.2531420360077493,-0.1662696344511174,-0.3304840411518946,0,0,1,-0.1991887441157822,-0.2877388288063262,-0.3541022597242486,-0.1854794252054245,0,sub_21_conv_2,1,2,2,1,2,1,2,1,1,2,2,1,2,1,1,1,1,2,0,"[('dominance_speaker', -0.2795999999999999), ('emotional_reaction', '2'), ('s_word_len', 34.0), ('valence_listener', -0.188)]","[('emotional_reaction', '2'), ('valence_listener', -0.188), ('l_word_len', 7.0), ('dominance_listener', -0.576)]","[('dominance_speaker', -0.2795999999999999), ('s_word_len', 34.0), ('valence_speaker', -0.0276), ('arousal_speaker', -0.2934)]","[('dominance_speaker', -0.2795999999999999), ('emotional_reaction', '2'), ('s_word_len', 34.0), ('valence_listener', -0.2877388288063262)]","[('emotional_reaction', '2'), ('valence_listener', -0.2877388288063262), ('l_word_len', 7.0), ('dominance_listener', -0.576)]","[('dominance_speaker', -0.2795999999999999), ('s_word_len', 34.0), ('valence_speaker', -0.1854794252054245), ('arousal_speaker', -0.3541022597242486)]"
-0.235,0.377,1,neutral,0,0,1,1,16.0,8.0,-0.216,-0.1073333333333333,0,negative,-0.2666666666666666,-0.0209999999999999,0.0,0.0,sub_21_conv_2,"Yeah, I miss him so much. I've got him for so long and it's so sad. ",Would you ever consider having a new cat?,-0.1454981030101091,-0.1257993831892733,-0.0790533416008862,-0.321062710462584,0,0,1,-0.1258373391206203,-0.1116438973238087,-0.1666486721070763,-0.1202595682324913,0,sub_21_conv_2,1,1,1,1,2,1,2,1,1,1,1,1,0,0,2,1,1,2,0,"[('l_word_len', 8.0), ('emotional_reaction', '0'), ('dominance_speaker', -0.2666666666666666), ('s_word_len', 16.0)]","[('l_word_len', 8.0), ('emotional_reaction', '0'), ('intent', '1'), ('valence_listener', 0.377)]","[('dominance_speaker', -0.2666666666666666), ('s_word_len', 16.0), ('arousal_speaker', -0.216), ('valence_speaker', -0.1073333333333333)]","[('l_word_len', 8.0), ('arousal_speaker', -0.1666486721070763), ('emotional_reaction', '0'), ('s_word_len', 16.0)]","[('l_word_len', 8.0), ('emotional_reaction', '0'), ('valence_listener', -0.1116438973238087), ('arousal_listener', -0.1258373391206203)]","[('arousal_speaker', -0.1666486721070763), ('s_word_len', 16.0), ('valence_speaker', -0.1202595682324913), ('dominance_speaker', -0.2666666666666666)]"
0.288,0.7230000000000001,1,positive,1,1,0,3,37.0,5.0,-0.1338461538461538,0.4092307692307693,0,positive,0.0333846153846154,0.208,1.0,0.0,sub_21_conv_3," I'm sitting in a cafe this afternoon, it has a nice window to the outside, which is really cool watching other people walk by doing their own things, living their own lives. It's really fun to watch. ",That sounds great for you.,-0.430915257583337,-0.0972653762539448,0.384099310674444,0.1113817490612789,0,1,0,0.3552695174721108,0.2948672243428953,-0.341794526462182,0.0546834673914694,0,sub_21_conv_3,1,2,2,1,2,1,2,1,1,2,2,1,0,0,2,1,1,2,0,"[('l_word_len', 5.0), ('valence_speaker', 0.4092307692307693), ('emotional_reaction', '1'), ('s_word_len', 37.0)]","[('l_word_len', 5.0), ('emotional_reaction', '1'), ('arousal_listener', 0.288), ('valence_listener', 0.7230000000000001)]","[('valence_speaker', 0.4092307692307693), ('s_word_len', 37.0), ('speaker_sentiment', 'positive'), ('arousal_speaker', -0.1338461538461538)]","[('s_word_len', 37.0), ('valence_speaker', 0.0546834673914694), ('dominance_speaker', 0.0333846153846154), ('l_word_len', 5.0)]","[('l_word_len', 5.0), ('valence_listener', 0.2948672243428953), ('emotional_reaction', '1'), ('dominance_listener', 0.208)]","[('s_word_len', 37.0), ('valence_speaker', 0.0546834673914694), ('dominance_speaker', 0.0333846153846154), ('speaker_sentiment', 'positive')]"
-0.394,0.274,2,neutral,0,1,0,3,25.0,5.0,-0.2524,0.5151999999999999,2,positive,0.1144,0.1289999999999999,1.0,0.0,sub_21_conv_3," Yeah, it's just really neat to think about everything that everyone's doing and how they all have so many things going on in their lives. ","Yeah, I'm sure it does.",-0.1477502320090589,-0.1980251868709879,0.3465286128243718,0.164089432553512,1,0,0,0.1243700289770602,0.1970626027874584,-0.1791451624063412,0.0159423691903084,1,sub_21_conv_3,1,2,2,1,0,0,0,0,0,0,0,0,0,0,2,1,1,2,0,"[('l_word_len', 5.0), ('valence_speaker', 0.5151999999999999), ('dominance_speaker', 0.1144), ('arousal_speaker', -0.2524)]","[('l_word_len', 5.0), ('emotional_reaction', '0'), ('arousal_listener', -0.394), ('valence_listener', 0.274)]","[('valence_speaker', 0.5151999999999999), ('dominance_speaker', 0.1144), ('arousal_speaker', -0.2524), ('s_word_len', 25.0)]","[('l_word_len', 5.0), ('valence_speaker', 0.0159423691903084), ('dominance_speaker', 0.1144), ('arousal_speaker', -0.1791451624063412)]","[('l_word_len', 5.0), ('emotional_reaction', '0'), ('arousal_listener', 0.1243700289770602), ('valence_listener', 0.1970626027874584)]","[('valence_speaker', 0.0159423691903084), ('dominance_speaker', 0.1144), ('arousal_speaker', -0.1791451624063412), ('s_word_len', 25.0)]"
-0.1154999999999999,0.5105,1,positive,1,0,1,1,26.0,18.0,-0.1272499999999999,0.3575,0,positive,0.1842499999999999,0.213,1.0,0.0,sub_21_conv_4," When you get married, you just really have to trust that person. I've dated a whole bunch of people, but with my partner everything just clicked. ","Wow, I’m very glad that you're having a really good time for how long have you been dating?",-0.3238563172378048,-0.7590107360551984,-0.183631592611225,-0.1563473234547118,1,1,1,-0.1631921148278575,0.0437068735817017,-0.2648744220664633,-0.4240575152386388,1,sub_21_conv_4,1,2,2,1,2,1,2,1,1,2,2,1,2,1,2,1,1,2,0,"[('l_word_len', 18.0), ('dominance_speaker', 0.1842499999999999), ('emotional_reaction', '1'), ('s_word_len', 26.0)]","[('l_word_len', 18.0), ('emotional_reaction', '1'), ('valence_listener', 0.5105), ('dominance_listener', 0.213)]","[('dominance_speaker', 0.1842499999999999), ('s_word_len', 26.0), ('valence_speaker', 0.3575), ('arousal_speaker', -0.1272499999999999)]","[('l_word_len', 18.0), ('dominance_speaker', 0.1842499999999999), ('emotional_reaction', '1'), ('s_word_len', 26.0)]","[('l_word_len', 18.0), ('emotional_reaction', '1'), ('valence_listener', 0.0437068735817017), ('dominance_listener', 0.213)]","[('dominance_speaker', 0.1842499999999999), ('s_word_len', 26.0), ('valence_speaker', -0.4240575152386388), ('arousal_speaker', -0.2648744220664633)]"
-0.0795999999999999,0.3255999999999999,1,neutral,0,0,0,8,31.0,12.0,-0.0802222222222222,0.5051111111111111,0,positive,0.094,0.176,1.0,0.0,sub_21_conv_4," We've been dating for a few years now, I just feel like they really have like my best interest at heart and they really care and I feel very very supported. ",I think it's time for you to get married then. Let's go.,-0.2100467466609452,-0.2461586602050043,0.0,0.0,1,0,0,-0.02388,0.09768,-0.1710993893293283,-0.0207777288101696,1,sub_21_conv_4,1,2,2,1,2,1,2,1,1,1,1,1,1,1,0,0,1,2,0,"[('emotional_reaction', '0'), ('sentiment', 'neutral'), ('valence_speaker', 0.5051111111111111), ('intent', '8')]","[('emotional_reaction', '0'), ('sentiment', 'neutral'), ('intent', '8'), ('l_word_len', 12.0)]","[('valence_speaker', 0.5051111111111111), ('arousal_speaker', -0.0802222222222222), ('dominance_speaker', 0.094), ('s_word_len', 31.0)]","[('emotional_reaction', '0'), ('sentiment', 'neutral'), ('valence_speaker', -0.0207777288101696), ('intent', '8')]","[('emotional_reaction', '0'), ('sentiment', 'neutral'), ('intent', '8'), ('l_word_len', 12.0)]","[('valence_speaker', -0.0207777288101696), ('arousal_speaker', -0.1710993893293283), ('dominance_speaker', 0.094), ('s_word_len', 31.0)]"
-0.3602857142857143,0.3302857142857143,2,positive,1,1,0,5,34.0,17.0,0.0278333333333333,0.0829999999999999,0,negative,0.086,0.1211428571428571,0.0,0.0,sub_21_conv_5," I have a confession to make. I didn't finish high school. With the pandemic, my mental health just got so bad and I just stopped. I stopped going to class. It was too hard. ","Well, that's completely fine. I'm sure there's a lot of people that actually drop out from school.",-0.2064503544064183,-0.0886612565068383,0.7180507878340202,0.1030193598670351,1,1,0,0.3945498371980998,0.1711992661926388,-0.1361652480844928,-0.0371628795547868,1,sub_21_conv_5,1,2,2,1,2,1,2,1,1,2,2,1,2,1,2,1,1,2,0,"[('arousal_listener', -0.3602857142857143), ('emotional_reaction', '1'), ('l_word_len', 17.0), ('dominance_listener', 0.1211428571428571)]","[('arousal_listener', -0.3602857142857143), ('emotional_reaction', '1'), ('l_word_len', 17.0), ('dominance_listener', 0.1211428571428571)]","[('s_word_len', 34.0), ('arousal_speaker', 0.0278333333333333), ('speaker_sentiment', 'negative'), ('dominance_speaker', 0.086)]","[('arousal_listener', 0.3945498371980998), ('emotional_reaction', '1'), ('l_word_len', 17.0), ('dominance_listener', 0.1211428571428571)]","[('arousal_listener', 0.3945498371980998), ('emotional_reaction', '1'), ('l_word_len', 17.0), ('dominance_listener', 0.1211428571428571)]","[('s_word_len', 34.0), ('arousal_speaker', -0.1361652480844928), ('speaker_sentiment', 'negative'), ('dominance_speaker', 0.086)]"
-0.046,-0.069,1,negative,1,1,1,1,24.0,10.0,-0.0943333333333333,0.226,0,negative,0.094,-0.096,0.0,0.0,sub_21_conv_5," I feel so bad about it though. Like I really should have just finished it. I know now I haven't. Yeah, I messed up. ","Well, if you're not, why are you feeling so bad?",-0.0954830148643847,-0.3141452285085576,0.4475111449084309,-0.1808335056889551,1,1,0,0.2994578014359016,-0.1472834539822685,-0.0951381104050692,-0.1521016599559903,1,sub_21_conv_5,1,2,2,1,2,1,2,1,1,2,2,1,2,1,2,1,1,2,0,"[('dominance_listener', -0.096), ('emotional_reaction', '1'), ('valence_speaker', 0.226), ('valence_listener', -0.069)]","[('dominance_listener', -0.096), ('emotional_reaction', '1'), ('valence_listener', -0.069), ('l_word_len', 10.0)]","[('valence_speaker', 0.226), ('s_word_len', 24.0), ('dominance_speaker', 0.094), ('arousal_speaker', -0.0943333333333333)]","[('dominance_listener', -0.096), ('emotional_reaction', '1'), ('valence_speaker', -0.1521016599559903), ('valence_listener', -0.1472834539822685)]","[('dominance_listener', -0.096), ('emotional_reaction', '1'), ('valence_listener', -0.1472834539822685), ('l_word_len', 10.0)]","[('valence_speaker', -0.1521016599559903), ('s_word_len', 24.0), ('dominance_speaker', 0.094), ('arousal_speaker', -0.0951381104050692)]"
-0.118,0.02,1,negative,1,0,1,1,51.0,10.0,-0.06,0.192,0,negative,-0.03525,-0.112,0.0,0.0,sub_21_conv_6," My friends and I got invited to this party, but it is at this frat And like, I've never been there, and I hear like, all of these really bad things. And there's like, they pressure you, and there's all sorts of like weird drugs, and it seems kind of sketchy. ",Then why are you considering going there? You shouldn’t go. ,-0.280832830894666,-0.0625043480352503,0.2788230956999101,0.2366860250869623,0,0,0,0.159776166989937,0.1716802175608736,-0.2145829816262661,0.0138469563753248,0,sub_21_conv_6,1,2,2,1,2,1,2,1,1,2,2,1,2,1,2,1,1,2,0,"[('l_word_len', 10.0), ('valence_listener', 0.02), ('sentiment', 'negative'), ('emotional_reaction', '1')]","[('l_word_len', 10.0), ('valence_listener', 0.02), ('sentiment', 'negative'), ('emotional_reaction', '1')]","[('arousal_speaker', -0.06), ('dominance_speaker', -0.03525), ('speaker_sentiment', 'negative'), ('valence_speaker', 0.192)]","[('l_word_len', 10.0), ('valence_listener', 0.1716802175608736), ('sentiment', 'negative'), ('emotional_reaction', '1')]","[('l_word_len', 10.0), ('valence_listener', 0.1716802175608736), ('sentiment', 'negative'), ('emotional_reaction', '1')]","[('arousal_speaker', -0.2145829816262661), ('dominance_speaker', -0.03525), ('speaker_sentiment', 'negative'), ('valence_speaker', 0.0138469563753248)]"
-0.119,0.041,1,neutral,0,0,1,8,37.0,14.0,0.0089230769230769,0.0409230769230769,0,negative,-0.1604615384615385,-0.097,0.0,0.0,sub_21_conv_6,"I'm worried about my friends. Like, what if they go and something happens, and there's no one to take care of them. Like, what if they get sick, what if someone hurts them? Like, I'm too worried. ",Then you should ask them not to go as well. Why are they going?,-0.2429970628472019,-0.074964697013055,0.1800131437965724,0.1763208754889778,0,0,0,0.0903092006576006,0.1357246128422844,-0.1674210209161182,-0.0401983648322154,0,sub_21_conv_6,1,2,2,1,2,1,2,1,1,1,1,1,2,1,2,1,1,2,0,"[('dominance_speaker', -0.1604615384615385), ('sentiment', 'neutral'), ('arousal_listener', -0.119), ('emotional_reaction', '0')]","[('sentiment', 'neutral'), ('arousal_listener', -0.119), ('emotional_reaction', '0'), ('l_word_len', 14.0)]","[('dominance_speaker', -0.1604615384615385), ('valence_speaker', 0.0409230769230769), ('arousal_speaker', 0.0089230769230769), ('s_word_len', 37.0)]","[('valence_listener', 0.1357246128422844), ('l_word_len', 14.0), ('valence_speaker', -0.0401983648322154), ('emotional_reaction', '0')]","[('valence_listener', 0.1357246128422844), ('l_word_len', 14.0), ('emotional_reaction', '0'), ('dominance_listener', -0.097)]","[('valence_speaker', -0.0401983648322154), ('arousal_speaker', -0.1674210209161182), ('s_word_len', 37.0), ('dominance_speaker', -0.1604615384615385)]"
0.6910000000000001,0.846,1,positive,1,0,1,1,41.0,9.0,-0.1263749999999999,0.355,0,positive,0.030125,0.4489999999999999,1.0,0.0,sub_21_conv_7," I've been planning this camping trip for months, right? Like I've thought of everything, I've got the accommodations, I've got the gear list, like finally I'm not going to forget something this time. Everything's going to go perfectly. I'm so excited.","I'm glad for you, why are you so excited?",-0.2988309686123353,-0.1801690667809279,0.2619526272043369,0.2291059849838752,0,0,0,0.3906668390430358,0.4141741894887126,-0.2470941780286347,-0.0196183467466495,0,sub_21_conv_7,1,2,2,1,2,1,2,1,1,2,2,1,1,1,2,1,1,2,0,"[('l_word_len', 9.0), ('dominance_listener', 0.4489999999999999), ('emotional_reaction', '1'), ('valence_speaker', 0.355)]","[('l_word_len', 9.0), ('dominance_listener', 0.4489999999999999), ('emotional_reaction', '1'), ('sentiment', 'positive')]","[('valence_speaker', 0.355), ('speaker_sentiment', 'positive'), ('dominance_speaker', 0.030125), ('arousal_speaker', -0.1263749999999999)]","[('valence_listener', 0.4141741894887126), ('l_word_len', 9.0), ('emotional_reaction', '1'), ('sentiment', 'positive')]","[('valence_listener', 0.4141741894887126), ('l_word_len', 9.0), ('emotional_reaction', '1'), ('sentiment', 'positive')]","[('valence_speaker', -0.0196183467466495), ('dominance_speaker', 0.030125), ('speaker_sentiment', 'positive'), ('s_word_len', 41.0)]"
-0.2115,0.169,1,negative,1,1,0,5,40.0,9.0,-0.1203333333333333,0.2008333333333333,0,positive,0.0753333333333333,0.0349999999999999,1.0,0.0,sub_21_conv_7,"I swear every time I go camping I get there and I forgot something. I go, I forgot the chocolate for the s'mores, or I forgot the fuel for the stove, but this time, this time I finally have everything.", I hope you do otherwise you'll be very disappointed.,-0.3442335242252143,-0.2523192683745173,0.4037164478853756,-0.3465488296554996,0,0,0,0.2191515135197628,-0.1918841807588497,-0.27706346695765,-0.116373487862162,0,sub_21_conv_7,1,2,2,1,2,1,2,1,1,2,2,1,2,1,2,1,1,1,0,"[('l_word_len', 9.0), ('sentiment', 'negative'), ('dominance_listener', 0.0349999999999999), ('emotional_reaction', '1')]","[('l_word_len', 9.0), ('sentiment', 'negative'), ('dominance_listener', 0.0349999999999999), ('emotional_reaction', '1')]","[('s_word_len', 40.0), ('arousal_speaker', -0.1203333333333333), ('speaker_sentiment', 'positive'), ('dominance_speaker', 0.0753333333333333)]","[('l_word_len', 9.0), ('sentiment', 'negative'), ('dominance_listener', 0.0349999999999999), ('emotional_reaction', '1')]","[('l_word_len', 9.0), ('sentiment', 'negative'), ('dominance_listener', 0.0349999999999999), ('emotional_reaction', '1')]","[('s_word_len', 40.0), ('arousal_speaker', -0.27706346695765), ('speaker_sentiment', 'positive'), ('dominance_speaker', 0.0753333333333333)]"
-0.0904,0.3868,0,positive,0,0,0,9,31.0,12.0,-0.3211428571428572,0.2588571428571429,0,neutral,0.0788571428571428,0.0528,1.0,0.0,sub_21_conv_8, The other day my dad came over and he said he just bought me a truck. I don't know why he bought me a truck but I have a truck now. ,Well that's a very very special gift. I would like a truck. ,-0.439248003233842,-0.0551456585724282,0.2490641280587257,0.5095747938487868,0,0,0,0.1472248896411079,0.4727423556941507,-0.4038164594065465,0.0390551818564431,0,sub_21_conv_8,1,2,2,1,2,1,2,1,1,2,0,0,1,1,2,1,1,2,0,"[('sentiment', 'positive'), ('l_word_len', 12.0), ('dominance_listener', 0.0528), ('dominance_speaker', 0.0788571428571428)]","[('sentiment', 'positive'), ('l_word_len', 12.0), ('dominance_listener', 0.0528), ('valence_listener', 0.3868)]","[('dominance_speaker', 0.0788571428571428), ('s_word_len', 31.0), ('arousal_speaker', -0.3211428571428572), ('valence_speaker', 0.2588571428571429)]","[('speaker_sentiment', 'neutral'), ('l_word_len', 12.0), ('emotional_reaction', '0'), ('dominance_listener', 0.0528)]","[('l_word_len', 12.0), ('emotional_reaction', '0'), ('dominance_listener', 0.0528), ('arousal_listener', 0.1472248896411079)]","[('speaker_sentiment', 'neutral'), ('valence_speaker', 0.0390551818564431), ('dominance_speaker', 0.0788571428571428), ('arousal_speaker', -0.4038164594065465)]"
-0.3733333333333333,0.333,2,positive,0,0,0,9,35.0,14.0,-0.0944615384615384,0.2883076923076922,0,positive,-0.0067692307692307,-0.039,1.0,0.0,sub_21_conv_8,Yeah it's gonna be so useful. I can go off on those like little rough forest roads to go camping and everything and I'm so happy I had no idea I was not expecting this. ,"Yeah actually I know a very good spot, I can tell you the place.",-0.4015759097866309,-0.1460022298497513,0.2472564306617984,0.3023421956510825,0,0,0,0.0610795014632588,0.3115395369557577,-0.3094415983891031,-0.0157092532025182,0,sub_21_conv_8,1,2,2,1,2,1,2,1,1,2,1,1,0,0,2,1,1,2,0,"[('l_word_len', 14.0), ('sentiment', 'positive'), ('s_word_len', 35.0), ('dominance_listener', -0.039)]","[('l_word_len', 14.0), ('sentiment', 'positive'), ('dominance_listener', -0.039), ('arousal_listener', -0.3733333333333333)]","[('s_word_len', 35.0), ('arousal_speaker', -0.0944615384615384), ('dominance_speaker', -0.0067692307692307), ('valence_speaker', 0.2883076923076922)]","[('sentiment', 'positive'), ('arousal_speaker', -0.3094415983891031), ('valence_listener', 0.3115395369557577), ('emotional_reaction', '0')]","[('sentiment', 'positive'), ('valence_listener', 0.3115395369557577), ('emotional_reaction', '0'), ('l_word_len', 14.0)]","[('arousal_speaker', -0.3094415983891031), ('dominance_speaker', -0.0067692307692307), ('s_word_len', 35.0), ('valence_speaker', -0.0157092532025182)]"
-0.0446666666666666,0.6463333333333333,2,positive,1,0,1,5,25.0,22.0,-0.0239999999999999,0.0677499999999999,0,positive,-0.075,0.151,1.0,1.0,sub_22_conv_1, I was really crappy car and I just can't justify getting anyone but finally it's broken down enough that I can get a new one. ,I don't really see how exactly it's happy but yeah I'm really happy for you.  What does your family think about it?,0.177903965523852,-0.0929197858187774,-0.0300523497666127,0.1642639822623153,1,0,0,-0.0344366448366288,0.3088847875836207,0.1173327758666963,-0.0447188500731441,1,sub_22_conv_1,1,2,2,1,2,1,2,1,1,2,2,1,2,1,2,1,1,2,1,"[('l_word_len', 22.0), ('dominance_listener', 0.151), ('sentiment', 'positive'), ('valence_speaker', 0.0677499999999999)]","[('l_word_len', 22.0), ('dominance_listener', 0.151), ('sentiment', 'positive'), ('emotional_reaction', '1')]","[('valence_speaker', 0.0677499999999999), ('s_word_len', 25.0), ('arousal_speaker', -0.0239999999999999), ('dominance_speaker', -0.075)]","[('l_word_len', 22.0), ('dominance_listener', 0.151), ('sentiment', 'positive'), ('valence_speaker', -0.0447188500731441)]","[('l_word_len', 22.0), ('dominance_listener', 0.151), ('sentiment', 'positive'), ('emotional_reaction', '1')]","[('valence_speaker', -0.0447188500731441), ('s_word_len', 25.0), ('arousal_speaker', 0.1173327758666963), ('dominance_speaker', -0.075)]"
-0.1092,0.4744,2,positive,1,1,0,7,34.0,13.0,-0.067076923076923,0.53,0,positive,0.3241538461538461,0.0592,1.0,1.0,sub_22_conv_1, I think I might be able to get some insurance money so I'll be able to like actually have enough money to get a new one too so it's just everything's all coming together.,"I see, I'm really happy for you that's good news in a way.",0.1269887386807502,0.0903174797471584,-0.0340657701896625,-0.0102934711204097,0,1,0,-0.0566060391327637,0.1351145702157132,0.0687690401534482,0.2222222358230109,0,sub_22_conv_1,1,2,2,1,2,1,2,1,1,2,2,1,2,1,2,1,1,2,1,"[('dominance_listener', 0.0592), ('l_word_len', 13.0), ('valence_listener', 0.4744), ('arousal_speaker', -0.067076923076923)]","[('dominance_listener', 0.0592), ('l_word_len', 13.0), ('valence_listener', 0.4744), ('emotional_reaction', '1')]","[('arousal_speaker', -0.067076923076923), ('valence_speaker', 0.53), ('s_word_len', 34.0), ('speaker_sentiment', 'positive')]","[('dominance_listener', 0.0592), ('l_word_len', 13.0), ('valence_listener', 0.1351145702157132), ('arousal_speaker', 0.0687690401534482)]","[('dominance_listener', 0.0592), ('l_word_len', 13.0), ('valence_listener', 0.1351145702157132), ('emotional_reaction', '1')]","[('arousal_speaker', 0.0687690401534482), ('valence_speaker', 0.2222222358230109), ('s_word_len', 34.0), ('speaker_sentiment', 'positive')]"
-0.0445,0.4885,1,neutral,1,1,1,1,27.0,8.0,-0.2277777777777778,-0.0208888888888888,0,positive,-0.0933333333333333,0.098,0.0,0.0,sub_22_conv_2, Everything's going so bad right now but I know it's about to end soon. I can see the light at the end of the tunnel almost there., Why do you think you feel like that?,-0.0491863476873441,0.0003433744301255,0.5801887158454497,-0.0211412698866679,0,0,0,0.3927821010918148,0.1317511110793325,-0.1027637767144742,-0.0060263045655788,0,sub_22_conv_2,1,2,2,1,2,1,2,1,1,1,1,1,1,1,1,1,1,1,0,"[('l_word_len', 8.0), ('valence_speaker', -0.0208888888888888), ('s_word_len', 27.0), ('dominance_speaker', -0.0933333333333333)]","[('l_word_len', 8.0), ('emotional_reaction', '1'), ('valence_listener', 0.4885), ('arousal_listener', -0.0445)]","[('valence_speaker', -0.0208888888888888), ('s_word_len', 27.0), ('dominance_speaker', -0.0933333333333333), ('arousal_speaker', -0.2277777777777778)]","[('l_word_len', 8.0), ('valence_speaker', -0.0060263045655788), ('s_word_len', 27.0), ('dominance_speaker', -0.0933333333333333)]","[('l_word_len', 8.0), ('emotional_reaction', '1'), ('valence_listener', 0.1317511110793325), ('arousal_listener', 0.3927821010918148)]","[('valence_speaker', -0.0060263045655788), ('s_word_len', 27.0), ('dominance_speaker', -0.0933333333333333), ('arousal_speaker', -0.1027637767144742)]"
-0.267,0.364,2,neutral,0,0,0,9,21.0,3.0,-0.2988,0.2002,0,positive,-0.131,0.235,1.0,0.0,sub_22_conv_2, I've got like two finals left and then finally I'll be free. I can have a break. I can sleep in.," Sure, I guess",0.3538682053964206,-0.0613488360425185,0.368855182737315,-0.0740115463638029,0,0,1,0.1780986279161204,0.0573919175453379,0.1580677437774943,0.017115814770237,0,sub_22_conv_2,0,0,0,0,0,0,0,0,0,0,0,0,0,0,2,1,0,0,0,"[('l_word_len', 3.0), ('dominance_speaker', -0.131), ('valence_listener', 0.364), ('arousal_listener', -0.267)]","[('l_word_len', 3.0), ('valence_listener', 0.364), ('arousal_listener', -0.267), ('emotional_reaction', '0')]","[('dominance_speaker', -0.131), ('valence_speaker', 0.2002), ('s_word_len', 21.0), ('arousal_speaker', -0.2988)]","[('l_word_len', 3.0), ('dominance_speaker', -0.131), ('valence_listener', 0.0573919175453379), ('arousal_listener', 0.1780986279161204)]","[('l_word_len', 3.0), ('valence_listener', 0.0573919175453379), ('arousal_listener', 0.1780986279161204), ('emotional_reaction', '0')]","[('dominance_speaker', -0.131), ('valence_speaker', 0.017115814770237), ('s_word_len', 21.0), ('arousal_speaker', 0.1580677437774943)]"
-0.11,0.209,1,negative,2,1,1,5,42.0,16.0,-0.134,0.3384285714285714,0,negative,0.019,0.003,1.0,0.0,sub_22_conv_3,"There's this movie that I really want to see and all my friends are going to get to go, but I'm just so busy that I don't have time to go see the movie. I've been looking forward to this for years. ","Oh, that must suck. Do you have anyone to talk? To talk about it to someone? ",0.0673363945684002,0.2968639117238555,0.1663169522607662,0.0079260383183622,1,1,0,0.0834218665825363,0.0682482268228535,0.0069354761978801,0.3093333096352703,1,sub_22_conv_3,1,2,2,1,2,1,2,1,1,2,2,1,2,1,2,1,1,2,0,"[('l_word_len', 16.0), ('dominance_listener', 0.003), ('dominance_speaker', 0.019), ('arousal_listener', -0.11)]","[('l_word_len', 16.0), ('dominance_listener', 0.003), ('arousal_listener', -0.11), ('interpretations', '1')]","[('dominance_speaker', 0.019), ('valence_speaker', 0.3384285714285714), ('arousal_speaker', -0.134), ('s_word_len', 42.0)]","[('l_word_len', 16.0), ('dominance_listener', 0.003), ('dominance_speaker', 0.019), ('arousal_listener', 0.0834218665825363)]","[('l_word_len', 16.0), ('dominance_listener', 0.003), ('arousal_listener', 0.0834218665825363), ('interpretations', '1')]","[('dominance_speaker', 0.019), ('valence_speaker', 0.3093333096352703), ('arousal_speaker', 0.0069354761978801), ('s_word_len', 42.0)]"
-0.1788,0.482,2,positive,1,0,0,5,26.0,13.0,-0.0635555555555555,0.1128888888888888,0,negative,-0.134,0.1852,1.0,0.0,sub_22_conv_3,"The thing is though, I don't want any spoilers and I can't go see it and I feel like it’s all going to get ruined ."," I don't know what to say. Hope you feel better soon, I guess",0.1759449586153964,0.076800573412674,0.1772489049426998,0.1052465508309999,0,0,1,0.0704342334598898,0.2182725855816999,0.1040948043641108,0.0876270680555384,0,sub_22_conv_3,1,2,2,1,2,1,2,1,1,2,2,1,0,0,2,1,0,0,0,"[('dominance_speaker', -0.134), ('emotional_reaction', '1'), ('l_word_len', 13.0), ('dominance_listener', 0.1852)]","[('emotional_reaction', '1'), ('l_word_len', 13.0), ('dominance_listener', 0.1852), ('valence_listener', 0.482)]","[('dominance_speaker', -0.134), ('speaker_sentiment', 'negative'), ('arousal_speaker', -0.0635555555555555), ('s_word_len', 26.0)]","[('valence_listener', 0.2182725855816999), ('l_word_len', 13.0), ('arousal_listener', 0.0704342334598898), ('dominance_listener', 0.1852)]","[('valence_listener', 0.2182725855816999), ('l_word_len', 13.0), ('arousal_listener', 0.0704342334598898), ('dominance_listener', 0.1852)]","[('arousal_speaker', 0.1040948043641108), ('dominance_speaker', -0.134), ('s_word_len', 26.0), ('speaker_sentiment', 'negative')]"
-0.107,0.3496666666666666,1,positive,1,0,1,1,50.0,18.0,-0.036,0.3711249999999999,0,positive,0.08575,0.0896666666666666,1.0,0.0,sub_22_conv_4, So I really wanted to go to Japan for so long and the other day I was checking the flight prices and they were these really really cheap tickets and they're exactly when I can get my vacation. It's so surprising to finally be able to like fulfill this wish,Oh that's nice. Do you have any plans like any place that you particularly want to go to? ,0.1887202641656891,-0.1107910452935207,0.1622905414836024,0.0829807428152003,0,0,1,0.0815033790385216,0.1629865199706402,0.1213041849159823,0.0337837682945355,0,sub_22_conv_4,1,2,2,1,2,1,2,1,1,2,2,1,2,1,2,1,1,2,0,"[('l_word_len', 18.0), ('valence_listener', 0.3496666666666666), ('intent', '1'), ('dominance_listener', 0.0896666666666666)]","[('l_word_len', 18.0), ('valence_listener', 0.3496666666666666), ('intent', '1'), ('dominance_listener', 0.0896666666666666)]","[('s_word_len', 50.0), ('arousal_speaker', -0.036), ('speaker_sentiment', 'positive'), ('dominance_speaker', 0.08575)]","[('l_word_len', 18.0), ('valence_listener', 0.1629865199706402), ('intent', '1'), ('dominance_listener', 0.0896666666666666)]","[('l_word_len', 18.0), ('valence_listener', 0.1629865199706402), ('intent', '1'), ('dominance_listener', 0.0896666666666666)]","[('s_word_len', 50.0), ('arousal_speaker', 0.1213041849159823), ('speaker_sentiment', 'positive'), ('dominance_speaker', 0.08575)]"
0.33,0.916,2,positive,0,0,0,3,31.0,3.0,-0.1692727272727273,0.2865454545454545,0,positive,-0.0154545454545454,0.62,1.0,0.0,sub_22_conv_4,I've always wanted to see Mt Fuji and it's such a nice like way for this to work out that I can finally go and I can finally afford the tickets., Hmm that's great.,0.2152174069059255,-0.36992564657251,0.2523421788146868,0.1138748338687095,0,1,0,0.2756395251702808,0.3545123837080967,0.0998703666523296,-0.1729843162371206,0,sub_22_conv_4,1,2,2,1,2,1,2,1,1,2,2,1,0,0,2,1,1,2,0,"[('emotional_reaction', '0'), ('l_word_len', 3.0), ('s_word_len', 31.0), ('valence_speaker', 0.2865454545454545)]","[('emotional_reaction', '0'), ('l_word_len', 3.0), ('arousal_listener', 0.33), ('dominance_listener', 0.62)]","[('s_word_len', 31.0), ('valence_speaker', 0.2865454545454545), ('dominance_speaker', -0.0154545454545454), ('arousal_speaker', -0.1692727272727273)]","[('emotional_reaction', '0'), ('s_word_len', 31.0), ('l_word_len', 3.0), ('valence_speaker', -0.1729843162371206)]","[('emotional_reaction', '0'), ('l_word_len', 3.0), ('sentiment', 'positive'), ('intent', '3')]","[('s_word_len', 31.0), ('valence_speaker', -0.1729843162371206), ('dominance_speaker', -0.0154545454545454), ('arousal_speaker', 0.0998703666523296)]"
0.066,-0.365,2,negative,1,0,1,1,39.0,8.0,-0.2748,0.1828,0,negative,-0.0024,-0.183,0.0,0.0,sub_22_conv_5," So, money's been tightly at the end, I thought at work, you know, who's gonna miss a pen? So I just grabbed a pen. I was gonna put it in my bag, but then my supervisor caught me. Yeah. "," Ooh, that's too bad. How did it go? ",-0.032958965036802,-0.1452092775731334,0.427148661310319,-0.0189151763511578,0,0,0,0.3188040629172232,-0.1227406234458104,-0.1055112755257614,-0.0468064943011933,0,sub_22_conv_5,1,2,2,1,2,1,2,1,1,2,2,1,2,1,2,1,1,2,0,"[('l_word_len', 8.0), ('dominance_speaker', -0.0024), ('s_word_len', 39.0), ('dominance_listener', -0.183)]","[('l_word_len', 8.0), ('dominance_listener', -0.183), ('emotional_reaction', '1'), ('valence_listener', -0.365)]","[('dominance_speaker', -0.0024), ('s_word_len', 39.0), ('arousal_speaker', -0.2748), ('valence_speaker', 0.1828)]","[('l_word_len', 8.0), ('dominance_speaker', -0.0024), ('s_word_len', 39.0), ('dominance_listener', -0.183)]","[('l_word_len', 8.0), ('dominance_listener', -0.183), ('emotional_reaction', '1'), ('valence_listener', -0.1227406234458104)]","[('dominance_speaker', -0.0024), ('s_word_len', 39.0), ('arousal_speaker', -0.1055112755257614), ('valence_speaker', -0.0468064943011933)]"
-0.0513333333333333,0.5826666666666666,1,positive,1,1,0,3,18.0,7.0,0.0531999999999999,-0.0996,0,negative,-0.1172,0.3566666666666667,0.0,0.0,sub_22_conv_5,I feel so bad about it. I shouldn't be taking things from work. I’m so ashamed of myself,I think it's justifiable what you feel,-0.0521895638055928,0.0191298343232381,0.5702869672694895,0.0,0,1,0,0.3838008770886426,0.1747999999999999,-0.0205726946639149,-0.0164891159737333,0,sub_22_conv_5,1,2,2,1,2,1,2,1,0,0,0,0,0,0,2,1,0,0,0,"[('s_word_len', 18.0), ('l_word_len', 7.0), ('emotional_reaction', '1'), ('dominance_listener', 0.3566666666666667)]","[('l_word_len', 7.0), ('emotional_reaction', '1'), ('dominance_listener', 0.3566666666666667), ('arousal_listener', -0.0513333333333333)]","[('s_word_len', 18.0), ('valence_speaker', -0.0996), ('arousal_speaker', 0.0531999999999999), ('dominance_speaker', -0.1172)]","[('s_word_len', 18.0), ('l_word_len', 7.0), ('emotional_reaction', '1'), ('dominance_listener', 0.3566666666666667)]","[('l_word_len', 7.0), ('emotional_reaction', '1'), ('dominance_listener', 0.3566666666666667), ('arousal_listener', 0.3838008770886426)]","[('s_word_len', 18.0), ('valence_speaker', -0.0164891159737333), ('arousal_speaker', -0.0205726946639149), ('dominance_speaker', -0.1172)]"
-0.118,0.438,1,neutral,0,0,1,1,43.0,7.0,-0.2061,0.2486,0,negative,0.0112,0.054,1.0,0.0,sub_22_conv_6, I just got my car back from the shop and so they just fixed the whole paint job. I go into the grocery store for literally five minutes. I come out and someone's put a massive ding right on like the passenger door., Why are you telling me all this?,-0.0933020010550876,-0.0166000937914785,0.1989937277746656,-0.0459997004960225,1,0,0,0.1038956094422659,0.0992002096527842,-0.1271414007385613,0.062959934345965,1,sub_22_conv_6,0,0,0,0,0,0,0,0,0,0,0,0,0,0,2,1,0,0,0,"[('l_word_len', 7.0), ('emotional_reaction', '0'), ('arousal_speaker', -0.2061), ('dominance_speaker', 0.0112)]","[('l_word_len', 7.0), ('emotional_reaction', '0'), ('valence_listener', 0.438), ('dominance_listener', 0.054)]","[('arousal_speaker', -0.2061), ('dominance_speaker', 0.0112), ('valence_speaker', 0.2486), ('s_word_len', 43.0)]","[('l_word_len', 7.0), ('emotional_reaction', '0'), ('arousal_speaker', -0.1271414007385613), ('dominance_speaker', 0.0112)]","[('l_word_len', 7.0), ('emotional_reaction', '0'), ('valence_listener', 0.0992002096527842), ('dominance_listener', 0.054)]","[('arousal_speaker', -0.1271414007385613), ('dominance_speaker', 0.0112), ('valence_speaker', 0.062959934345965), ('s_word_len', 43.0)]"
-0.21,0.2755,0,negative,0,0,0,6,35.0,16.0,-0.3083333333333333,0.1393333333333333,0,negative,-0.1663333333333333,-0.0795,1.0,0.0,sub_22_conv_6," I'm just so upset. They didn't even leave a note. Did you see anything? In the parking lot? Did you see someone go by the car? Like, come on. I just got it fixed too. ",I'm not standing here looking at your car. I'm sorry. I don't know anything about it.,-0.0278768233907477,-0.0045170889453352,0.2673954062651409,0.0647427932786829,0,1,0,0.1241767843855986,0.127969955295078,-0.1120137763735234,0.0386380377382653,0,sub_22_conv_6,1,2,2,1,2,1,2,1,1,2,2,1,2,1,2,1,0,0,0,"[('dominance_listener', -0.0795), ('emotional_reaction', '0'), ('l_word_len', 16.0), ('s_word_len', 35.0)]","[('dominance_listener', -0.0795), ('emotional_reaction', '0'), ('l_word_len', 16.0), ('valence_listener', 0.2755)]","[('s_word_len', 35.0), ('arousal_speaker', -0.3083333333333333), ('dominance_speaker', -0.1663333333333333), ('valence_speaker', 0.1393333333333333)]","[('dominance_listener', -0.0795), ('emotional_reaction', '0'), ('l_word_len', 16.0), ('s_word_len', 35.0)]","[('dominance_listener', -0.0795), ('emotional_reaction', '0'), ('l_word_len', 16.0), ('valence_listener', 0.127969955295078)]","[('s_word_len', 35.0), ('arousal_speaker', -0.1120137763735234), ('dominance_speaker', -0.1663333333333333), ('valence_speaker', 0.0386380377382653)]"
0.4,0.958,1,positive,2,1,0,7,45.0,5.0,-0.1632307692307692,0.4470769230769231,0,positive,0.1246153846153846,0.5820000000000001,1.0,0.0,sub_22_conv_7, I always try to do what's best for my family and I like to think that they do the same for me and that we just trust each other and that we know we can make good decisions even when the other people aren't there. ,That's great. Happy for you.,-0.0313637116305033,-0.1670212202385535,0.3724346211038377,0.238080300579921,0,1,0,0.3807042347726863,0.4540562104059447,-0.070923828910583,0.0172082227560895,0,sub_22_conv_7,1,2,2,1,2,1,2,1,1,1,1,1,1,1,1,1,1,2,0,"[('l_word_len', 5.0), ('emotional_reaction', '2'), ('valence_listener', 0.958), ('valence_speaker', 0.4470769230769231)]","[('l_word_len', 5.0), ('emotional_reaction', '2'), ('valence_listener', 0.958), ('dominance_listener', 0.5820000000000001)]","[('valence_speaker', 0.4470769230769231), ('s_word_len', 45.0), ('speaker_sentiment', 'positive'), ('dominance_speaker', 0.1246153846153846)]","[('l_word_len', 5.0), ('emotional_reaction', '2'), ('valence_listener', 0.4540562104059447), ('valence_speaker', 0.0172082227560895)]","[('l_word_len', 5.0), ('emotional_reaction', '2'), ('valence_listener', 0.4540562104059447), ('dominance_listener', 0.5820000000000001)]","[('valence_speaker', 0.0172082227560895), ('s_word_len', 45.0), ('speaker_sentiment', 'positive'), ('dominance_speaker', 0.1246153846153846)]"
-0.1207999999999999,0.6176000000000001,1,positive,1,1,0,3,21.0,11.0,-0.188,0.523142857142857,0,positive,0.1837142857142857,0.1668,1.0,0.0,sub_22_conv_7," Yeah, it's nice to know that they always hug my back and that I can trust them to do what's right."," Yeah, I guess you're really lucky to have family like that.",0.1084982509227002,0.0411505035385287,0.2029050378291593,-0.0524001867492299,0,1,1,0.1057935264804115,0.1485998692755391,0.0195487756458901,0.1857482096198272,0,sub_22_conv_7,1,2,2,1,2,1,2,1,1,2,2,1,2,1,2,1,1,2,0,"[('speaker_sentiment', 'positive'), ('arousal_speaker', -0.188), ('emotional_reaction', '1'), ('valence_listener', 0.6176000000000001)]","[('emotional_reaction', '1'), ('valence_listener', 0.6176000000000001), ('l_word_len', 11.0), ('dominance_listener', 0.1668)]","[('speaker_sentiment', 'positive'), ('arousal_speaker', -0.188), ('dominance_speaker', 0.1837142857142857), ('s_word_len', 21.0)]","[('speaker_sentiment', 'positive'), ('arousal_speaker', 0.0195487756458901), ('emotional_reaction', '1'), ('valence_listener', 0.1485998692755391)]","[('emotional_reaction', '1'), ('valence_listener', 0.1485998692755391), ('l_word_len', 11.0), ('dominance_listener', 0.1668)]","[('speaker_sentiment', 'positive'), ('arousal_speaker', 0.0195487756458901), ('dominance_speaker', 0.1837142857142857), ('s_word_len', 21.0)]"
-0.1854285714285714,0.3388571428571428,1,positive,1,1,0,5,48.0,22.0,-0.0112222222222222,0.1524444444444445,0,negative,0.0146666666666666,0.0448571428571428,1.0,1.0,sub_22_conv_8, My car broke down and I had to pay a whole bunch of money to get it fixed. I lost my job and now I'm not sure I'm gonna make rent like what am I gonna do? I don't need like what's gonna happen now. I'm so worried.,Don't worry. It's gonna be fine. You just feel like that of course everything happened to people. So it will be fine. ,0.1591223792894424,-0.4475714857575561,0.1751618868754988,0.0442741266758631,0,1,0,0.0669847493842777,0.132649031530247,0.108018998835943,-0.2675667066969559,0,sub_22_conv_8,1,2,2,1,2,1,2,1,1,2,2,1,2,1,2,1,1,2,1,"[('l_word_len', 22.0), ('dominance_speaker', 0.0146666666666666), ('dominance_listener', 0.0448571428571428), ('emotional_reaction', '1')]","[('l_word_len', 22.0), ('dominance_listener', 0.0448571428571428), ('emotional_reaction', '1'), ('intent', '5')]","[('dominance_speaker', 0.0146666666666666), ('arousal_speaker', -0.0112222222222222), ('s_word_len', 48.0), ('speaker_sentiment', 'negative')]","[('l_word_len', 22.0), ('dominance_speaker', 0.0146666666666666), ('dominance_listener', 0.0448571428571428), ('emotional_reaction', '1')]","[('l_word_len', 22.0), ('dominance_listener', 0.0448571428571428), ('emotional_reaction', '1'), ('intent', '5')]","[('dominance_speaker', 0.0146666666666666), ('arousal_speaker', 0.108018998835943), ('s_word_len', 48.0), ('speaker_sentiment', 'negative')]"
-0.3445,0.29625,1,positive,1,0,0,4,44.0,20.0,-0.2085,0.269,0,negative,-0.0211666666666666,0.0304999999999999,1.0,1.0,sub_22_conv_8,"It's just like, I don't even have any savings left. Like what am I gonna do? Am I gonna lose my apartment? Like where am I gonna live? How am I gonna get another job if I don't even have a place to sleep?",  Don't think about all of that now. Just like one step at a time. Let's focus on one total now.,0.2787420195777483,-0.0362002423204594,0.4783437262958907,0.1485868888665048,0,1,1,0.2314906084071235,0.1928858222065533,0.1325694137044237,0.0553598303756784,0,sub_22_conv_8,1,2,2,1,2,1,2,1,1,1,1,1,1,1,2,1,1,2,1,"[('speaker_sentiment', 'negative'), ('arousal_speaker', -0.2085), ('arousal_listener', -0.3445), ('intent', '4')]","[('arousal_listener', -0.3445), ('intent', '4'), ('sentiment', 'positive'), ('emotional_reaction', '1')]","[('speaker_sentiment', 'negative'), ('arousal_speaker', -0.2085), ('s_word_len', 44.0), ('valence_speaker', 0.269)]","[('speaker_sentiment', 'negative'), ('arousal_speaker', 0.1325694137044237), ('arousal_listener', 0.2314906084071235), ('intent', '4')]","[('arousal_listener', 0.2314906084071235), ('intent', '4'), ('sentiment', 'positive'), ('emotional_reaction', '1')]","[('speaker_sentiment', 'negative'), ('arousal_speaker', 0.1325694137044237), ('s_word_len', 44.0), ('valence_speaker', 0.0553598303756784)]"
0.127,0.1624999999999999,1,neutral,0,0,1,1,46.0,13.0,-0.2276923076923077,0.1466153846153846,0,positive,0.0164615384615384,0.213,0.0,0.0,sub_23_conv_1, I've been studying day and night for my psychology exam and I just wrote it and I feel like I knew all of the answers to every single question and I think it did really well and I can't wait for the grade to come up,"Hmm, interesting. It was very difficult, the whole process for you or not. ",0.1097957224108285,-0.0920122847130267,0.1792004382420227,0.058778572001404,0,0,1,0.1635403067694159,0.0898950004009828,0.0085493133798876,-0.0204239839145032,0,sub_23_conv_1,1,2,2,1,2,1,2,1,0,0,0,0,1,1,1,1,1,2,0,"[('l_word_len', 13.0), ('emotional_reaction', '0'), ('arousal_listener', 0.127), ('s_word_len', 46.0)]","[('l_word_len', 13.0), ('emotional_reaction', '0'), ('arousal_listener', 0.127), ('valence_listener', 0.1624999999999999)]","[('s_word_len', 46.0), ('valence_speaker', 0.1466153846153846), ('dominance_speaker', 0.0164615384615384), ('arousal_speaker', -0.2276923076923077)]","[('l_word_len', 13.0), ('arousal_listener', 0.1635403067694159), ('valence_speaker', -0.0204239839145032), ('emotional_reaction', '0')]","[('l_word_len', 13.0), ('arousal_listener', 0.1635403067694159), ('emotional_reaction', '0'), ('dominance_listener', 0.213)]","[('valence_speaker', -0.0204239839145032), ('arousal_speaker', 0.0085493133798876), ('s_word_len', 46.0), ('dominance_speaker', 0.0164615384615384)]"
-0.0674999999999999,0.2145,2,neutral,0,0,0,1,37.0,14.0,-0.0788333333333333,0.3218333333333333,0,positive,0.1385,0.1385,1.0,0.0,sub_23_conv_1,"Yeah,like I didn't do so great on the midterm but I feel like I've really brought it back. Now I put in the time, I put in the effort and I think I'll get rewarded for it. ","Yeah, hopefully. Look, where is the test? Where is exactly the day of evaluation?",-0.0887954977345835,-0.2480411556993117,0.0784794793277057,0.132528159897355,0,1,0,0.0346856355293939,0.1571197119281485,-0.0858068484142084,-0.0770788089895181,0,sub_23_conv_1,1,2,2,1,2,1,2,1,1,1,1,1,1,1,0,0,1,2,0,"[('l_word_len', 14.0), ('emotional_reaction', '0'), ('valence_listener', 0.2145), ('arousal_listener', -0.0674999999999999)]","[('l_word_len', 14.0), ('emotional_reaction', '0'), ('valence_listener', 0.2145), ('arousal_listener', -0.0674999999999999)]","[('valence_speaker', 0.3218333333333333), ('arousal_speaker', -0.0788333333333333), ('s_word_len', 37.0), ('dominance_speaker', 0.1385)]","[('l_word_len', 14.0), ('emotional_reaction', '0'), ('valence_listener', 0.1571197119281485), ('arousal_listener', 0.0346856355293939)]","[('l_word_len', 14.0), ('emotional_reaction', '0'), ('valence_listener', 0.1571197119281485), ('arousal_listener', 0.0346856355293939)]","[('valence_speaker', -0.0770788089895181), ('arousal_speaker', -0.0858068484142084), ('s_word_len', 37.0), ('dominance_speaker', 0.1385)]"
0.216,0.688,2,neutral,0,0,1,1,30.0,7.0,-0.0553333333333333,0.1535,0,positive,-0.2133333333333333,0.654,1.0,0.0,sub_23_conv_2, So my car is a bit of a mess and I was cleaning it out this weekend and behind like underneath the passenger seat I found like $80. It's crazy. ,Really? And the... Who belongs the money?,0.3793912262716654,0.2605824788835313,0.4165581381504138,0.2247139379105101,0,0,1,0.3563906967052896,0.3636997565373571,0.2489738583901657,0.2284577352184719,0,sub_23_conv_2,1,1,1,1,2,1,1,1,0,0,0,0,0,0,2,1,1,2,0,"[('l_word_len', 7.0), ('emotional_reaction', '0'), ('sentiment', 'neutral'), ('s_word_len', 30.0)]","[('l_word_len', 7.0), ('emotional_reaction', '0'), ('sentiment', 'neutral'), ('valence_listener', 0.688)]","[('s_word_len', 30.0), ('valence_speaker', 0.1535), ('arousal_speaker', -0.0553333333333333), ('dominance_speaker', -0.2133333333333333)]","[('l_word_len', 7.0), ('emotional_reaction', '0'), ('sentiment', 'neutral'), ('s_word_len', 30.0)]","[('l_word_len', 7.0), ('emotional_reaction', '0'), ('sentiment', 'neutral'), ('valence_listener', 0.3636997565373571)]","[('s_word_len', 30.0), ('valence_speaker', 0.2284577352184719), ('arousal_speaker', 0.2489738583901657), ('dominance_speaker', -0.2133333333333333)]"
0.1845,0.571,1,positive,0,0,1,1,25.0,9.0,-0.0975555555555555,0.3271111111111111,0,neutral,0.0644444444444444,0.3545,1.0,0.0,sub_23_conv_2," I have no idea. I probably just fell out of my wallet or something. You know, just went missing and... I was like free money. ",That's great. What do you do with the money?,0.085831569439881,0.067351120698771,0.358740793470012,0.1078233775260845,0,1,1,0.3064685554290083,0.2467763642682591,0.03081543194125,0.145279117822473,0,sub_23_conv_2,1,2,2,1,2,1,2,1,1,1,1,1,0,0,2,1,1,2,0,"[('l_word_len', 9.0), ('s_word_len', 25.0), ('dominance_listener', 0.3545), ('dominance_speaker', 0.0644444444444444)]","[('l_word_len', 9.0), ('dominance_listener', 0.3545), ('emotional_reaction', '0'), ('arousal_listener', 0.1845)]","[('s_word_len', 25.0), ('dominance_speaker', 0.0644444444444444), ('arousal_speaker', -0.0975555555555555), ('speaker_sentiment', 'neutral')]","[('l_word_len', 9.0), ('sentiment', 'positive'), ('arousal_listener', 0.3064685554290083), ('emotional_reaction', '0')]","[('l_word_len', 9.0), ('sentiment', 'positive'), ('arousal_listener', 0.3064685554290083), ('emotional_reaction', '0')]","[('arousal_speaker', 0.03081543194125), ('s_word_len', 25.0), ('dominance_speaker', 0.0644444444444444), ('valence_speaker', 0.145279117822473)]"
-0.1676666666666666,0.4183333333333334,1,positive,2,1,0,6,47.0,21.0,-0.1277333333333333,0.4502666666666666,0,positive,0.1361333333333333,0.1636666666666666,1.0,1.0,sub_23_conv_3," I feel like I have so many really good friends, so I can just tell them what I'm thinking and how I'm feeling and I know that they'll try and help me work through whatever I'm doing and they won't just go telling my business to everyone. ","Yes, I understand though. I could have some friends of, you know, I feel it the same way as you describe.",-0.0222983115340612,-0.3815092763659583,-0.3825280828745049,-0.5328251342471526,0,1,1,-0.3180696580121534,-0.2474775939730067,-0.0539288180738428,-0.1319764934561708,0,sub_23_conv_3,1,2,2,1,2,1,2,1,1,2,2,1,2,1,2,1,1,2,1,"[('arousal_listener', -0.1676666666666666), ('l_word_len', 21.0), ('dominance_listener', 0.1636666666666666), ('valence_listener', 0.4183333333333334)]","[('arousal_listener', -0.1676666666666666), ('l_word_len', 21.0), ('dominance_listener', 0.1636666666666666), ('valence_listener', 0.4183333333333334)]","[('s_word_len', 47.0), ('dominance_speaker', 0.1361333333333333), ('arousal_speaker', -0.1277333333333333), ('valence_speaker', 0.4502666666666666)]","[('arousal_listener', -0.3180696580121534), ('l_word_len', 21.0), ('dominance_listener', 0.1636666666666666), ('valence_listener', -0.2474775939730067)]","[('arousal_listener', -0.3180696580121534), ('l_word_len', 21.0), ('dominance_listener', 0.1636666666666666), ('valence_listener', -0.2474775939730067)]","[('s_word_len', 47.0), ('dominance_speaker', 0.1361333333333333), ('arousal_speaker', -0.0539288180738428), ('valence_speaker', -0.1319764934561708)]"
-0.1093333333333333,0.3633333333333333,0,positive,1,1,0,2,19.0,15.0,-0.2528,0.6092,0,positive,0.1304,0.1176666666666666,1.0,1.0,sub_23_conv_3," Yeah, I like thank you guys so much. It's just so nice knowing that you're always there for me. ","Yeah, that's great. I think that I feel the same way. I would say, yeah.",-0.0165866901600902,-0.3076505643386271,0.1175090320374507,-0.3536661703750677,1,0,1,0.0494563224262154,-0.1385663192625473,-0.0874506831120631,-0.0325953950370389,1,sub_23_conv_3,1,2,2,1,2,1,2,1,1,2,2,1,2,1,2,1,1,2,1,"[('speaker_sentiment', 'positive'), ('arousal_listener', -0.1093333333333333), ('emotional_reaction', '1'), ('valence_listener', 0.3633333333333333)]","[('arousal_listener', -0.1093333333333333), ('emotional_reaction', '1'), ('valence_listener', 0.3633333333333333), ('l_word_len', 15.0)]","[('speaker_sentiment', 'positive'), ('valence_speaker', 0.6092), ('s_word_len', 19.0), ('dominance_speaker', 0.1304)]","[('speaker_sentiment', 'positive'), ('arousal_listener', 0.0494563224262154), ('emotional_reaction', '1'), ('valence_listener', -0.1385663192625473)]","[('arousal_listener', 0.0494563224262154), ('emotional_reaction', '1'), ('valence_listener', -0.1385663192625473), ('l_word_len', 15.0)]","[('speaker_sentiment', 'positive'), ('valence_speaker', -0.0325953950370389), ('s_word_len', 19.0), ('dominance_speaker', 0.1304)]"
-0.179,0.245,2,negative,0,0,0,9,33.0,20.0,-0.0734545454545454,0.3632727272727272,0,negative,0.256,-0.003,1.0,0.0,sub_23_conv_4, So I'm working on this project with another co-worker at work and we're supposed to make this document together and I get to work this morning and he's deleted everything that I wrote. ,"Hmm, I understand but maybe it's your fault, maybe you did something by yourself and you don't say the truth.",0.2224299395235086,0.2203881100038601,0.0038308593274968,0.031297186524869,1,0,1,-0.0510183984707522,0.0954080305674083,0.1336645940300923,0.2632534951845202,1,sub_23_conv_4,1,2,2,1,2,1,2,1,1,2,2,1,2,1,2,1,1,2,0,"[('l_word_len', 20.0), ('dominance_speaker', 0.256), ('arousal_listener', -0.179), ('dominance_listener', -0.003)]","[('l_word_len', 20.0), ('arousal_listener', -0.179), ('dominance_listener', -0.003), ('emotional_reaction', '0')]","[('dominance_speaker', 0.256), ('s_word_len', 33.0), ('valence_speaker', 0.3632727272727272), ('arousal_speaker', -0.0734545454545454)]","[('l_word_len', 20.0), ('dominance_speaker', 0.256), ('arousal_listener', -0.0510183984707522), ('dominance_listener', -0.003)]","[('l_word_len', 20.0), ('arousal_listener', -0.0510183984707522), ('dominance_listener', -0.003), ('emotional_reaction', '0')]","[('dominance_speaker', 0.256), ('s_word_len', 33.0), ('valence_speaker', 0.2632534951845202), ('arousal_speaker', 0.1336645940300923)]"
0.01,0.5640000000000001,0,neutral,0,0,1,1,38.0,8.0,-0.23675,-0.08075,0,negative,-0.19075,0.241,0.0,0.0,sub_23_conv_4, I spent hours writing this yesterday and he doesn't even tell me and it's all gone. We could have at least had a meeting and maybe discussed what went wrong but he just deleted it all by himself., And what are we planning to do now?,0.1074233172089002,0.0763169513979539,0.6521279326893489,0.3678027471516056,0,0,1,0.4594895528825441,0.4266619230061239,0.0041713220462301,0.0291968659785677,0,sub_23_conv_4,1,2,2,1,2,1,2,1,0,0,0,0,0,0,2,1,0,0,0,"[('l_word_len', 8.0), ('emotional_reaction', '0'), ('arousal_speaker', -0.23675), ('s_word_len', 38.0)]","[('l_word_len', 8.0), ('emotional_reaction', '0'), ('dominance_listener', 0.241), ('intent', '1')]","[('arousal_speaker', -0.23675), ('s_word_len', 38.0), ('dominance_speaker', -0.19075), ('valence_speaker', -0.08075)]","[('l_word_len', 8.0), ('emotional_reaction', '0'), ('arousal_speaker', 0.0041713220462301), ('s_word_len', 38.0)]","[('l_word_len', 8.0), ('emotional_reaction', '0'), ('dominance_listener', 0.241), ('intent', '1')]","[('arousal_speaker', 0.0041713220462301), ('s_word_len', 38.0), ('dominance_speaker', -0.19075), ('valence_speaker', 0.0291968659785677)]"
0.0625,0.695,1,positive,1,1,1,3,26.0,11.0,0.0659999999999999,0.2941999999999999,2,positive,-0.0049999999999999,0.5055,1.0,1.0,sub_23_conv_5, My little brother is in a baseball league and he had this tournament this weekend and they won every single game. They won the entire tournament. ,"That's great! I think you are very proud of him, right?",0.0264421063159815,-0.2313843942047488,0.36590832983754,0.0019085696853756,0,0,0,0.274885830886278,0.2098359987797629,0.038309474421187,-0.0737090759433241,0,sub_23_conv_5,1,2,2,1,2,1,2,1,1,2,2,1,2,1,2,1,1,2,1,"[('l_word_len', 11.0), ('dominance_listener', 0.5055), ('emotional_reaction', '1'), ('speaker_sentiment', 'positive')]","[('l_word_len', 11.0), ('dominance_listener', 0.5055), ('emotional_reaction', '1'), ('sentiment', 'positive')]","[('speaker_sentiment', 'positive'), ('valence_speaker', 0.2941999999999999), ('dominance_speaker', -0.0049999999999999), ('s_word_len', 26.0)]","[('l_word_len', 11.0), ('dominance_listener', 0.5055), ('emotional_reaction', '1'), ('speaker_sentiment', 'positive')]","[('l_word_len', 11.0), ('dominance_listener', 0.5055), ('emotional_reaction', '1'), ('sentiment', 'positive')]","[('speaker_sentiment', 'positive'), ('valence_speaker', -0.0737090759433241), ('dominance_speaker', -0.0049999999999999), ('s_word_len', 26.0)]"
-0.0766666666666666,0.4066666666666667,2,neutral,0,0,1,1,27.0,13.0,0.3364999999999999,0.8445,2,positive,0.4619999999999999,0.3866666666666666,1.0,1.0,sub_23_conv_5," Yeah, I am really proud of him. He was really exciting and he was so happy when he found out too and he just played so well. ",Your parents were at the same time with you there in the tournament?,0.0075244150576327,-0.1505915356018408,0.1804586838100438,0.3422809132828056,0,0,0,0.1033210786670306,0.3615966392979639,0.1062170905403428,0.1479359250787114,0,sub_23_conv_5,1,2,2,1,2,1,2,1,0,0,0,0,1,1,2,1,1,2,1,"[('l_word_len', 13.0), ('emotional_reaction', '0'), ('valence_speaker', 0.8445), ('s_word_len', 27.0)]","[('l_word_len', 13.0), ('emotional_reaction', '0'), ('arousal_listener', -0.0766666666666666), ('sentiment', 'neutral')]","[('valence_speaker', 0.8445), ('s_word_len', 27.0), ('dominance_speaker', 0.4619999999999999), ('arousal_speaker', 0.3364999999999999)]","[('l_word_len', 13.0), ('sentiment', 'neutral'), ('arousal_speaker', 0.1062170905403428), ('emotional_reaction', '0')]","[('l_word_len', 13.0), ('sentiment', 'neutral'), ('emotional_reaction', '0'), ('arousal_listener', 0.1033210786670306)]","[('arousal_speaker', 0.1062170905403428), ('dominance_speaker', 0.4619999999999999), ('s_word_len', 27.0), ('valence_speaker', 0.1479359250787114)]"
-0.0895999999999999,0.3956,2,neutral,0,0,0,9,41.0,13.0,-0.068,0.2062,0,negative,0.0633999999999999,0.318,1.0,0.0,sub_23_conv_6, I had a job interview last week and it's for like this job that I really really wanted and I thought it went so well But I just got the results back and I didn't get it and I'm really disappointed," Well, welcome to the real world. This is what's happening all the time ",-0.195063649919105,-0.1552764266289424,0.4734943464751471,0.0202692430115186,1,1,0,0.3045660425326029,0.132868470108063,-0.1569445549433734,-0.0468334986402596,1,sub_23_conv_6,1,2,2,1,2,1,2,1,0,0,0,0,1,1,2,1,1,2,0,"[('sentiment', 'neutral'), ('l_word_len', 13.0), ('dominance_speaker', 0.0633999999999999), ('arousal_listener', -0.0895999999999999)]","[('sentiment', 'neutral'), ('l_word_len', 13.0), ('arousal_listener', -0.0895999999999999), ('emotional_reaction', '0')]","[('dominance_speaker', 0.0633999999999999), ('s_word_len', 41.0), ('valence_speaker', 0.2062), ('arousal_speaker', -0.068)]","[('l_word_len', 13.0), ('valence_speaker', -0.0468334986402596), ('s_word_len', 41.0), ('sentiment', 'neutral')]","[('l_word_len', 13.0), ('sentiment', 'neutral'), ('intent', '9'), ('dominance_listener', 0.318)]","[('valence_speaker', -0.0468334986402596), ('s_word_len', 41.0), ('dominance_speaker', 0.0633999999999999), ('arousal_speaker', -0.1569445549433734)]"
-0.0774285714285714,0.4942857142857143,2,positive,1,1,0,4,38.0,18.0,-0.1011111111111111,0.2777777777777778,0,negative,0.0379999999999999,0.1625714285714286,1.0,0.0,sub_23_conv_6,"Yeah, I just don't like my job and I tried to get out and then I couldn't even get another job And I have like built all this stuff up in my head and it's all gone now"," Okay, I think it's a very good experience for you. I think you need to go forward now",-0.122288144976359,0.0804884807890414,0.3436360258694002,0.2300586095714813,0,0,0,0.2173166466800086,0.3093267409857512,-0.1159350348167846,0.1396752698856623,0,sub_23_conv_6,1,2,2,1,2,1,2,1,1,2,2,1,2,1,2,1,1,2,0,"[('dominance_speaker', 0.0379999999999999), ('speaker_sentiment', 'negative'), ('intent', '4'), ('emotional_reaction', '1')]","[('intent', '4'), ('emotional_reaction', '1'), ('dominance_listener', 0.1625714285714286), ('sentiment', 'positive')]","[('dominance_speaker', 0.0379999999999999), ('speaker_sentiment', 'negative'), ('s_word_len', 38.0), ('valence_speaker', 0.2777777777777778)]","[('dominance_speaker', 0.0379999999999999), ('speaker_sentiment', 'negative'), ('intent', '4'), ('emotional_reaction', '1')]","[('intent', '4'), ('emotional_reaction', '1'), ('dominance_listener', 0.1625714285714286), ('sentiment', 'positive')]","[('dominance_speaker', 0.0379999999999999), ('speaker_sentiment', 'negative'), ('s_word_len', 38.0), ('valence_speaker', 0.1396752698856623)]"
-0.1231428571428571,0.2654285714285714,1,neutral,1,1,0,5,55.0,21.0,-0.0134,0.1423,0,negative,-0.0608999999999999,0.2888571428571428,1.0,0.0,sub_23_conv_7," I have this big math exam tomorrow and I've been doing so bad in the course and I need to do, I need to get like 80% on this exam to pass the course but I'm so worried like I'm not good at math, I don't know, I really really need to pass this course. ",Well if you didn't study well I think you will have a problem but it's a part of the experience right? ,-0.0559737737613709,-0.3027847841394611,0.4654589133347738,0.0993530951101664,0,0,0,0.2888783821914845,0.1491757380056879,-0.0432016416329596,-0.1692593488976227,0,sub_23_conv_7,1,2,2,1,2,1,2,1,1,2,2,1,2,1,2,1,1,2,0,"[('l_word_len', 21.0), ('emotional_reaction', '1'), ('sentiment', 'neutral'), ('valence_speaker', 0.1423)]","[('l_word_len', 21.0), ('emotional_reaction', '1'), ('sentiment', 'neutral'), ('intent', '5')]","[('valence_speaker', 0.1423), ('arousal_speaker', -0.0134), ('s_word_len', 55.0), ('dominance_speaker', -0.0608999999999999)]","[('l_word_len', 21.0), ('emotional_reaction', '1'), ('sentiment', 'neutral'), ('valence_speaker', -0.1692593488976227)]","[('l_word_len', 21.0), ('emotional_reaction', '1'), ('sentiment', 'neutral'), ('intent', '5')]","[('valence_speaker', -0.1692593488976227), ('arousal_speaker', -0.0432016416329596), ('s_word_len', 55.0), ('dominance_speaker', -0.0608999999999999)]"
-0.124,0.4152,1,positive,0,0,1,8,55.0,14.0,-0.1097777777777777,0.0933333333333333,0,negative,-0.0674444444444444,0.3743999999999999,1.0,0.0,sub_23_conv_7,"I mean I've been studying but every single time I write the exam I'm at something completely stupid like one plus one, I can't even do that and I'm so worried I need this so I can take other courses and if I don't get this like how am I going to finish my degree?",Have you ever considered to have private lessons with a professor or a teacher?,0.1415892223754042,0.0289258712294251,0.65941315790936,-0.1082474101418831,0,0,1,0.4243892105365519,0.0487868129006818,0.0661791223294495,0.0482481098605975,0,sub_23_conv_7,1,2,2,1,2,1,1,1,1,2,2,1,1,1,2,1,1,2,0,"[('l_word_len', 14.0), ('emotional_reaction', '0'), ('s_word_len', 55.0), ('dominance_listener', 0.3743999999999999)]","[('l_word_len', 14.0), ('emotional_reaction', '0'), ('dominance_listener', 0.3743999999999999), ('sentiment', 'positive')]","[('s_word_len', 55.0), ('dominance_speaker', -0.0674444444444444), ('valence_speaker', 0.0933333333333333), ('arousal_speaker', -0.1097777777777777)]","[('emotional_reaction', '0'), ('s_word_len', 55.0), ('l_word_len', 14.0), ('valence_speaker', 0.0482481098605975)]","[('emotional_reaction', '0'), ('l_word_len', 14.0), ('sentiment', 'positive'), ('mimicry', 0)]","[('s_word_len', 55.0), ('valence_speaker', 0.0482481098605975), ('dominance_speaker', -0.0674444444444444), ('arousal_speaker', 0.0661791223294495)]"
-0.278,0.646,1,neutral,0,0,1,1,47.0,5.0,-0.1588888888888888,0.3819999999999999,0,negative,0.0049999999999999,0.092,1.0,0.0,sub_23_conv_8, I was picking my brother up from summer camp and his like counsellor like put me aside and apparently he's been bullying all the other kids and I can't believe he would do this like I feel so bad like I thought he was a nice kid., How old is your brother?,0.0111179462798742,0.0782008404061695,0.1613536559592833,0.062629437044654,0,0,0,0.0295475591714982,0.2376406059312578,-0.0398841042707547,0.1693405882843186,0,sub_23_conv_8,0,0,0,0,0,0,0,0,0,0,0,0,0,0,2,1,1,1,0,"[('arousal_speaker', -0.1588888888888888), ('l_word_len', 5.0), ('valence_speaker', 0.3819999999999999), ('emotional_reaction', '0')]","[('l_word_len', 5.0), ('emotional_reaction', '0'), ('arousal_listener', -0.278), ('dominance_listener', 0.092)]","[('arousal_speaker', -0.1588888888888888), ('valence_speaker', 0.3819999999999999), ('s_word_len', 47.0), ('dominance_speaker', 0.0049999999999999)]","[('arousal_speaker', -0.0398841042707547), ('l_word_len', 5.0), ('valence_speaker', 0.1693405882843186), ('emotional_reaction', '0')]","[('l_word_len', 5.0), ('emotional_reaction', '0'), ('arousal_listener', 0.0295475591714982), ('dominance_listener', 0.092)]","[('arousal_speaker', -0.0398841042707547), ('valence_speaker', 0.1693405882843186), ('s_word_len', 47.0), ('dominance_speaker', 0.0049999999999999)]"
-0.0549999999999999,0.281,1,neutral,0,0,0,8,28.0,12.0,-0.251,0.412,2,negative,-0.036,-0.035,1.0,0.0,sub_23_conv_8, He's 13 like he's older than the other kids he's like there's a few of them but he's the worst by far I thought he would know better. ,I think you should discuss with him about these kind of issues.,0.117322778436519,0.0579160089455332,0.1908173254895936,0.0153742812951649,0,1,1,0.1170721278427155,0.0950619969066154,0.0068259449055632,0.1641412062618732,0,sub_23_conv_8,1,2,2,1,2,1,2,1,1,1,1,1,1,1,2,1,0,0,0,"[('valence_speaker', 0.412), ('s_word_len', 28.0), ('emotional_reaction', '0'), ('arousal_speaker', -0.251)]","[('emotional_reaction', '0'), ('intent', '8'), ('sentiment', 'neutral'), ('l_word_len', 12.0)]","[('valence_speaker', 0.412), ('s_word_len', 28.0), ('arousal_speaker', -0.251), ('dominance_speaker', -0.036)]","[('valence_speaker', 0.1641412062618732), ('s_word_len', 28.0), ('emotional_reaction', '0'), ('arousal_speaker', 0.0068259449055632)]","[('emotional_reaction', '0'), ('intent', '8'), ('sentiment', 'neutral'), ('l_word_len', 12.0)]","[('valence_speaker', 0.1641412062618732), ('s_word_len', 28.0), ('arousal_speaker', 0.0068259449055632), ('dominance_speaker', -0.036)]"
0.114,-0.0404999999999999,0,negative,1,1,0,6,25.0,9.0,0.0365,0.4,0,negative,0.3374999999999999,0.0855,0.0,0.0,sub_24_conv_1,I’ve been working very hard on this project at work and my boss suddenly just took that project away from me for no good reason!,That sounds bad. I’ve also had bosses like that.,-0.0705917263321032,0.3507325946526964,0.1325316168597513,-0.0196931297020125,1,1,0,0.1269721318018259,-0.0259351907914087,-0.0384642084324722,0.3655128162568875,1,sub_24_conv_1,1,2,2,1,2,1,2,1,1,2,2,1,2,1,2,1,1,2,0,"[('l_word_len', 9.0), ('emotional_reaction', '1'), ('arousal_listener', 0.114), ('valence_listener', -0.0404999999999999)]","[('l_word_len', 9.0), ('emotional_reaction', '1'), ('arousal_listener', 0.114), ('valence_listener', -0.0404999999999999)]","[('s_word_len', 25.0), ('arousal_speaker', 0.0365), ('valence_speaker', 0.4), ('dominance_speaker', 0.3374999999999999)]","[('l_word_len', 9.0), ('emotional_reaction', '1'), ('arousal_listener', 0.1269721318018259), ('valence_listener', -0.0259351907914087)]","[('l_word_len', 9.0), ('emotional_reaction', '1'), ('arousal_listener', 0.1269721318018259), ('valence_listener', -0.0259351907914087)]","[('s_word_len', 25.0), ('arousal_speaker', -0.0384642084324722), ('valence_speaker', 0.3655128162568875), ('dominance_speaker', 0.3374999999999999)]"
0.5549999999999999,-0.595,2,negative,2,1,0,6,17.0,5.0,-0.0949999999999999,0.2619999999999999,0,negative,0.2806666666666667,-0.019,0.0,0.0,sub_24_conv_1,No this guy is always changing his mind. I’ve never even been able to finish a project ,"Oh, that’s terrible. That sucks.",-0.1587322567750866,0.0359942171502168,0.3990607924416577,0.1226115409347465,0,0,0,0.4458425547091603,-0.0926719213456774,-0.1396125797425606,0.1037959520051517,0,sub_24_conv_1,1,2,2,1,2,1,2,1,1,1,1,1,1,1,2,1,1,2,0,"[('s_word_len', 17.0), ('l_word_len', 5.0), ('valence_listener', -0.595), ('dominance_listener', -0.019)]","[('l_word_len', 5.0), ('valence_listener', -0.595), ('dominance_listener', -0.019), ('emotional_reaction', '2')]","[('s_word_len', 17.0), ('dominance_speaker', 0.2806666666666667), ('speaker_sentiment', 'negative'), ('arousal_speaker', -0.0949999999999999)]","[('s_word_len', 17.0), ('l_word_len', 5.0), ('valence_listener', -0.0926719213456774), ('dominance_listener', -0.019)]","[('l_word_len', 5.0), ('valence_listener', -0.0926719213456774), ('dominance_listener', -0.019), ('emotional_reaction', '2')]","[('s_word_len', 17.0), ('dominance_speaker', 0.2806666666666667), ('speaker_sentiment', 'negative'), ('arousal_speaker', -0.1396125797425606)]"
0.288,-0.876,2,negative,1,1,0,6,20.0,5.0,0.2075555555555555,-0.068,0,negative,0.0337777777777777,-0.17,1.0,0.0,sub_24_conv_2,I have to go to court for a speeding ticket and I am worried and nervous about the whole ordeal,Oh wow That’s a problem,0.0418829838276358,0.231479392216469,0.0855075014992766,0.1528080195042065,0,1,1,0.1462552510494936,-0.1558343863470555,0.0915847553460117,0.1416355745515282,0,sub_24_conv_2,1,2,0,0,2,1,2,1,0,0,0,0,1,1,2,1,0,0,0,"[('l_word_len', 5.0), ('valence_listener', -0.876), ('s_word_len', 20.0), ('arousal_listener', 0.288)]","[('l_word_len', 5.0), ('valence_listener', -0.876), ('arousal_listener', 0.288), ('emotional_reaction', '1')]","[('s_word_len', 20.0), ('dominance_speaker', 0.0337777777777777), ('valence_speaker', -0.068), ('arousal_speaker', 0.2075555555555555)]","[('l_word_len', 5.0), ('dominance_listener', -0.17), ('emotional_reaction', '1'), ('valence_speaker', 0.1416355745515282)]","[('l_word_len', 5.0), ('dominance_listener', -0.17), ('emotional_reaction', '1'), ('arousal_listener', 0.1462552510494936)]","[('valence_speaker', 0.1416355745515282), ('dominance_speaker', 0.0337777777777777), ('s_word_len', 20.0), ('arousal_speaker', 0.0915847553460117)]"
0.171,-0.255,2,neutral,0,0,1,1,13.0,4.0,-0.1512,0.0416,0,neutral,0.0692,0.123,0.0,0.0,sub_24_conv_2,"Well, uh, basically. I have to go the office and pay the bill.",is the process difficult?,-0.0772020583828872,-0.1801783732045902,0.3506523663821838,0.1009499518439873,0,1,0,0.2967566564675286,-0.0058350337092089,-0.099401440868021,-0.1136448612432131,0,sub_24_conv_2,1,2,2,1,2,1,2,1,1,1,1,1,1,1,2,1,0,0,0,"[('l_word_len', 4.0), ('emotional_reaction', '0'), ('dominance_speaker', 0.0692), ('arousal_speaker', -0.1512)]","[('l_word_len', 4.0), ('emotional_reaction', '0'), ('sentiment', 'neutral'), ('arousal_listener', 0.171)]","[('dominance_speaker', 0.0692), ('arousal_speaker', -0.1512), ('s_word_len', 13.0), ('valence_speaker', 0.0416)]","[('l_word_len', 4.0), ('emotional_reaction', '0'), ('dominance_speaker', 0.0692), ('arousal_speaker', -0.099401440868021)]","[('l_word_len', 4.0), ('emotional_reaction', '0'), ('sentiment', 'neutral'), ('arousal_listener', 0.2967566564675286)]","[('dominance_speaker', 0.0692), ('arousal_speaker', -0.099401440868021), ('s_word_len', 13.0), ('valence_speaker', -0.1136448612432131)]"
-0.0414,0.4463999999999999,1,positive,2,2,0,6,17.0,29.0,-0.1616,0.4196,0,negative,0.2476,0.1356,1.0,2.0,sub_24_conv_3,My best friend just moved to another state. I don’t know what I will do without her,I can understand how you feel since she’s your best friend. You won’t be able to meet as before. Just calling or even video call is not the same. ,0.1086501185191822,0.4903581238203608,-0.0356199077662569,0.0042945724691443,1,1,0,-0.0373539354363798,0.136926200728401,0.0275750829634275,0.4691306866742526,1,sub_24_conv_3,1,2,2,1,2,1,2,1,1,2,2,1,2,1,2,1,1,2,1,"[('l_word_len', 29.0), ('dominance_listener', 0.1356), ('emotional_reaction', '2'), ('valence_listener', 0.4463999999999999)]","[('l_word_len', 29.0), ('dominance_listener', 0.1356), ('emotional_reaction', '2'), ('valence_listener', 0.4463999999999999)]","[('speaker_sentiment', 'negative'), ('arousal_speaker', -0.1616), ('dominance_speaker', 0.2476), ('valence_speaker', 0.4196)]","[('l_word_len', 29.0), ('dominance_listener', 0.1356), ('emotional_reaction', '2'), ('valence_listener', 0.136926200728401)]","[('l_word_len', 29.0), ('dominance_listener', 0.1356), ('emotional_reaction', '2'), ('valence_listener', 0.136926200728401)]","[('speaker_sentiment', 'negative'), ('arousal_speaker', 0.0275750829634275), ('dominance_speaker', 0.2476), ('valence_speaker', 0.4691306866742526)]"
-0.2509999999999999,0.206,2,neutral,1,1,0,8,16.0,28.0,-0.138,0.0086666666666666,0,negative,-0.1979999999999999,-0.0243999999999999,1.0,2.0,sub_24_conv_3,"yes, it is gonna be rough since we are not gonna see each other the same.",Maybe you can see a few times a year? She could come to visit and then you can also go to visit her. Still it’s gonna be tough. ,-0.0277954715808268,-0.1835074382488337,-0.0765088561670455,-0.0068356560936497,1,1,0,-0.1288561993169318,0.0570150407344452,-0.0608568301065787,-0.1258552067741836,1,sub_24_conv_3,1,2,2,1,2,1,2,1,0,0,0,0,0,0,2,1,1,1,1,"[('l_word_len', 28.0), ('emotional_reaction', '1'), ('valence_speaker', 0.0086666666666666), ('intent', '8')]","[('l_word_len', 28.0), ('emotional_reaction', '1'), ('intent', '8'), ('sentiment', 'neutral')]","[('valence_speaker', 0.0086666666666666), ('arousal_speaker', -0.138), ('dominance_speaker', -0.1979999999999999), ('s_word_len', 16.0)]","[('l_word_len', 28.0), ('emotional_reaction', '1'), ('valence_speaker', -0.1258552067741836), ('intent', '8')]","[('l_word_len', 28.0), ('emotional_reaction', '1'), ('intent', '8'), ('sentiment', 'neutral')]","[('valence_speaker', -0.1258552067741836), ('arousal_speaker', -0.0608568301065787), ('dominance_speaker', -0.1979999999999999), ('s_word_len', 16.0)]"
-0.352,0.53,1,positive,0,0,0,3,14.0,3.0,-0.037,0.0637499999999999,0,positive,0.1317499999999999,0.446,1.0,0.0,sub_24_conv_4,I studied so hard for my math exam. I don’t think I can fail,You’re so confident.,-0.0434523124588205,0.5371032731489703,0.2785480304789592,-0.034355198293906,0,1,0,0.0893836213352714,0.1349513611942658,-0.0415166187211743,0.3950972912042792,0,sub_24_conv_4,1,2,2,1,2,1,2,1,1,1,1,1,0,0,2,1,1,1,0,"[('l_word_len', 3.0), ('emotional_reaction', '0'), ('s_word_len', 14.0), ('valence_speaker', 0.0637499999999999)]","[('l_word_len', 3.0), ('emotional_reaction', '0'), ('arousal_listener', -0.352), ('who', '1')]","[('s_word_len', 14.0), ('valence_speaker', 0.0637499999999999), ('arousal_speaker', -0.037), ('dominance_speaker', 0.1317499999999999)]","[('l_word_len', 3.0), ('emotional_reaction', '0'), ('valence_speaker', 0.3950972912042792), ('s_word_len', 14.0)]","[('l_word_len', 3.0), ('emotional_reaction', '0'), ('sentiment', 'positive'), ('valence_listener', 0.1349513611942658)]","[('valence_speaker', 0.3950972912042792), ('s_word_len', 14.0), ('speaker_sentiment', 'positive'), ('dominance_speaker', 0.1317499999999999)]"
-0.087,0.546,1,neutral,0,0,1,1,18.0,9.0,-0.168,0.4546666666666666,0,positive,0.235,-0.083,1.0,0.0,sub_24_conv_4,"Yeah, because I’m really good at math. I usually do great in that subject. That makes me confident.",Do you like anything else? Do you have hobbies?,-0.0594235868659382,-0.0783523119254606,0.3556858168214155,0.160017368274502,0,1,0,0.2228800717749908,0.2758121577921514,-0.0919965108061567,0.0815533816521775,0,sub_24_conv_4,1,2,2,1,1,1,2,1,1,1,1,1,1,1,2,1,1,2,0,"[('l_word_len', 9.0), ('valence_speaker', 0.4546666666666666), ('arousal_speaker', -0.168), ('dominance_speaker', 0.235)]","[('l_word_len', 9.0), ('emotional_reaction', '0'), ('sentiment', 'neutral'), ('valence_listener', 0.546)]","[('valence_speaker', 0.4546666666666666), ('arousal_speaker', -0.168), ('dominance_speaker', 0.235), ('s_word_len', 18.0)]","[('l_word_len', 9.0), ('valence_speaker', 0.0815533816521775), ('arousal_speaker', -0.0919965108061567), ('dominance_speaker', 0.235)]","[('l_word_len', 9.0), ('emotional_reaction', '0'), ('sentiment', 'neutral'), ('valence_listener', 0.2758121577921514)]","[('valence_speaker', 0.0815533816521775), ('arousal_speaker', -0.0919965108061567), ('dominance_speaker', 0.235), ('s_word_len', 18.0)]"
0.0319999999999999,0.378,0,positive,1,0,0,3,23.0,14.0,0.0584,0.2477999999999999,0,positive,0.1934,0.2264,1.0,1.0,sub_24_conv_5,I participated in my high school runners marathon and came in second place. I felt very proud because I trained hard for it,wow! That’s impressive. I’m not able to do such a thing. I cannot imagine.,0.1396447964468203,0.4988679331677607,0.3262147001002293,0.1740149066885316,0,0,1,0.2379502900701605,0.2352104346819721,0.1152713575127742,0.4235475532174325,0,sub_24_conv_5,1,2,2,1,2,1,2,1,1,2,2,1,2,1,2,1,1,2,1,"[('l_word_len', 14.0), ('emotional_reaction', '1'), ('dominance_listener', 0.2264), ('who', '0')]","[('l_word_len', 14.0), ('emotional_reaction', '1'), ('dominance_listener', 0.2264), ('who', '0')]","[('speaker_sentiment', 'positive'), ('s_word_len', 23.0), ('arousal_speaker', 0.0584), ('valence_speaker', 0.2477999999999999)]","[('l_word_len', 14.0), ('emotional_reaction', '1'), ('dominance_listener', 0.2264), ('who', '0')]","[('l_word_len', 14.0), ('emotional_reaction', '1'), ('dominance_listener', 0.2264), ('who', '0')]","[('speaker_sentiment', 'positive'), ('s_word_len', 23.0), ('arousal_speaker', 0.1152713575127742), ('valence_speaker', 0.4235475532174325)]"
-0.3373333333333333,0.124,1,neutral,0,0,1,1,17.0,16.0,-0.0349999999999999,0.252,0,positive,0.07175,0.13,0.0,1.0,sub_24_conv_5,"yeah, I practiced a lot. It was quite hard but it feels great to get second place.",For how long have you been practicing? Have you been doing this for a long time?,-0.025410279466591,0.0905884991235033,0.2063926725649233,0.2895134349292941,0,1,1,0.0432748707954462,0.2398594044505058,-0.0282871956266136,0.1390119493864523,0,sub_24_conv_5,1,2,2,1,2,1,2,1,1,1,2,1,0,0,2,1,1,2,1,"[('dominance_speaker', 0.07175), ('l_word_len', 16.0), ('emotional_reaction', '0'), ('dominance_listener', 0.13)]","[('l_word_len', 16.0), ('emotional_reaction', '0'), ('dominance_listener', 0.13), ('valence_listener', 0.124)]","[('dominance_speaker', 0.07175), ('arousal_speaker', -0.0349999999999999), ('s_word_len', 17.0), ('valence_speaker', 0.252)]","[('l_word_len', 16.0), ('dominance_speaker', 0.07175), ('s_word_len', 17.0), ('sentiment', 'neutral')]","[('l_word_len', 16.0), ('sentiment', 'neutral'), ('emotional_reaction', '0'), ('dominance_listener', 0.13)]","[('dominance_speaker', 0.07175), ('s_word_len', 17.0), ('valence_speaker', 0.1390119493864523), ('arousal_speaker', -0.0282871956266136)]"
-0.3693333333333333,0.4826666666666666,1,positive,1,0,0,5,7.0,6.0,-0.0206666666666666,0.3693333333333333,0,neutral,-0.086,0.0033333333333333,1.0,0.0,sub_24_conv_6,I loaned my new neighbor our lawnmower,hope you can see it again.,0.1254281438968216,-0.0441953717167647,-0.3080978198981001,-0.1746453876252256,0,0,0,-0.32646847392867,0.0225482286623421,0.0815997007277751,0.0798632397982647,0,sub_24_conv_6,0,0,0,0,2,1,2,1,0,0,0,0,1,1,2,1,1,1,0,"[('l_word_len', 6.0), ('emotional_reaction', '1'), ('valence_listener', 0.4826666666666666), ('arousal_speaker', -0.0206666666666666)]","[('l_word_len', 6.0), ('emotional_reaction', '1'), ('valence_listener', 0.4826666666666666), ('dominance_listener', 0.0033333333333333)]","[('arousal_speaker', -0.0206666666666666), ('dominance_speaker', -0.086), ('s_word_len', 7.0), ('speaker_sentiment', 'neutral')]","[('l_word_len', 6.0), ('s_word_len', 7.0), ('valence_listener', 0.0225482286623421), ('dominance_speaker', -0.086)]","[('l_word_len', 6.0), ('valence_listener', 0.0225482286623421), ('intent', '5'), ('emotional_reaction', '1')]","[('s_word_len', 7.0), ('dominance_speaker', -0.086), ('arousal_speaker', 0.0815997007277751), ('valence_speaker', 0.0798632397982647)]"
0.001,0.534,0,negative,0,0,0,1,14.0,6.0,-0.2545,0.419,2,positive,-0.073,0.443,1.0,0.0,sub_24_conv_6,They just need it for a few days. I think it’s gonna be fine.,I don’t trust anyone that much.,-0.0593265397809129,-0.1838256859664295,-0.5570208279427931,-0.235022596079416,0,0,1,-0.3896145795599551,-0.0043158172555911,-0.117878577846639,-0.0029779801765006,0,sub_24_conv_6,0,0,0,0,0,0,0,0,0,0,0,0,0,0,2,1,1,2,0,"[('l_word_len', 6.0), ('s_word_len', 14.0), ('dominance_speaker', -0.073), ('arousal_speaker', -0.2545)]","[('l_word_len', 6.0), ('sentiment', 'negative'), ('emotional_reaction', '0'), ('dominance_listener', 0.443)]","[('s_word_len', 14.0), ('dominance_speaker', -0.073), ('arousal_speaker', -0.2545), ('valence_speaker', 0.419)]","[('l_word_len', 6.0), ('s_word_len', 14.0), ('dominance_speaker', -0.073), ('arousal_speaker', -0.117878577846639)]","[('l_word_len', 6.0), ('sentiment', 'negative'), ('emotional_reaction', '0'), ('dominance_listener', 0.443)]","[('s_word_len', 14.0), ('dominance_speaker', -0.073), ('arousal_speaker', -0.117878577846639), ('valence_speaker', -0.0029779801765006)]"
-0.0304,0.1972,1,negative,2,2,0,6,19.0,13.0,0.1713333333333333,0.6983333333333333,0,positive,0.0863333333333333,-0.0992,1.0,2.0,sub_24_conv_7,"It was my birthday last weekend. Instead of dinner as planned, they gave me a weekend trip to NYC",I can imagine that you are frustrated because you wanted a different gift.,-0.1123574768422072,0.1663028670482005,0.0887099683088651,-0.1394578040819432,0,1,0,0.0529769778162055,-0.0384604628573602,-0.027250233789545,0.3259120069337403,0,sub_24_conv_7,1,2,2,1,2,1,2,1,1,2,2,1,2,1,2,1,1,2,1,"[('dominance_listener', -0.0992), ('l_word_len', 13.0), ('speaker_sentiment', 'positive'), ('emotional_reaction', '2')]","[('dominance_listener', -0.0992), ('l_word_len', 13.0), ('emotional_reaction', '2'), ('sentiment', 'negative')]","[('speaker_sentiment', 'positive'), ('dominance_speaker', 0.0863333333333333), ('valence_speaker', 0.6983333333333333), ('s_word_len', 19.0)]","[('dominance_listener', -0.0992), ('l_word_len', 13.0), ('speaker_sentiment', 'positive'), ('emotional_reaction', '2')]","[('dominance_listener', -0.0992), ('l_word_len', 13.0), ('emotional_reaction', '2'), ('sentiment', 'negative')]","[('speaker_sentiment', 'positive'), ('dominance_speaker', 0.0863333333333333), ('valence_speaker', 0.3259120069337403), ('s_word_len', 19.0)]"
0.079,0.5615,0,positive,1,1,0,7,16.0,23.0,0.345,0.8155,0,positive,0.249,0.12325,1.0,2.0,sub_24_conv_7,"oh no, actually the trip to NYC is a great gift. It gonna be very fun.",oh I see. So at the end the surprise gift was perfect for you. I’m happy you got something you like. Enjoy it.,-0.0892599525271372,-0.0976325322708351,0.262709457239171,0.0473777251237364,1,0,0,0.2075966200674197,0.2016144075866155,0.0410180332310039,0.1763072274104155,1,sub_24_conv_7,1,2,2,1,2,1,2,1,1,2,2,1,2,1,1,1,1,2,1,"[('dominance_listener', 0.12325), ('l_word_len', 23.0), ('emotional_reaction', '1'), ('valence_listener', 0.5615)]","[('dominance_listener', 0.12325), ('l_word_len', 23.0), ('emotional_reaction', '1'), ('valence_listener', 0.5615)]","[('valence_speaker', 0.8155), ('s_word_len', 16.0), ('speaker_sentiment', 'positive'), ('dominance_speaker', 0.249)]","[('dominance_listener', 0.12325), ('l_word_len', 23.0), ('emotional_reaction', '1'), ('valence_listener', 0.2016144075866155)]","[('dominance_listener', 0.12325), ('l_word_len', 23.0), ('emotional_reaction', '1'), ('valence_listener', 0.2016144075866155)]","[('valence_speaker', 0.1763072274104155), ('s_word_len', 16.0), ('speaker_sentiment', 'positive'), ('dominance_speaker', 0.249)]"
-0.55,-0.038,1,neutral,0,0,1,1,13.0,7.0,0.2286666666666666,-0.0659999999999999,0,negative,-0.1319999999999999,-0.172,0.0,0.0,sub_24_conv_8,I was ashamed when my dog started barking loudly when I was away, Did you leave it in your house?,0.1537634905337743,0.0073821506098498,0.3928052194445988,-0.2552446972845457,1,0,1,0.109963653611219,-0.1900712880991819,0.176234443373642,-0.0146324945731051,1,sub_24_conv_8,1,1,1,1,0,0,0,0,0,0,0,0,0,0,2,1,1,1,0,"[('l_word_len', 7.0), ('dominance_speaker', -0.1319999999999999), ('valence_speaker', -0.0659999999999999), ('s_word_len', 13.0)]","[('l_word_len', 7.0), ('emotional_reaction', '0'), ('dominance_listener', -0.172), ('arousal_listener', -0.55)]","[('dominance_speaker', -0.1319999999999999), ('valence_speaker', -0.0659999999999999), ('s_word_len', 13.0), ('arousal_speaker', 0.2286666666666666)]","[('l_word_len', 7.0), ('dominance_speaker', -0.1319999999999999), ('valence_speaker', -0.0146324945731051), ('s_word_len', 13.0)]","[('l_word_len', 7.0), ('emotional_reaction', '0'), ('dominance_listener', -0.172), ('arousal_listener', 0.109963653611219)]","[('dominance_speaker', -0.1319999999999999), ('valence_speaker', -0.0146324945731051), ('s_word_len', 13.0), ('arousal_speaker', 0.176234443373642)]"
0.0344999999999999,0.1039999999999999,2,neutral,0,0,0,9,18.0,13.0,0.071,0.2046666666666666,0,negative,-0.0186666666666666,-0.0854999999999999,1.0,0.0,sub_24_conv_8,"yes, but I have a couple of neighbors that are very annoying. They don’t like my dog barking.","yeah but I mean, a dog is a dog, it’s going to bark.",-0.2306631270472002,-0.1217360691038157,-0.2760835308256175,-0.0079318382845949,1,1,1,-0.1829084715779322,0.0256477132007835,-0.1401641889330401,-0.0238152483726709,1,sub_24_conv_8,1,2,2,1,2,1,2,1,0,0,0,0,0,0,2,1,1,2,0,"[('l_word_len', 13.0), ('arousal_speaker', 0.071), ('valence_listener', 0.1039999999999999), ('arousal_listener', 0.0344999999999999)]","[('l_word_len', 13.0), ('valence_listener', 0.1039999999999999), ('arousal_listener', 0.0344999999999999), ('sentiment', 'neutral')]","[('arousal_speaker', 0.071), ('s_word_len', 18.0), ('dominance_speaker', -0.0186666666666666), ('valence_speaker', 0.2046666666666666)]","[('l_word_len', 13.0), ('arousal_speaker', -0.1401641889330401), ('valence_listener', 0.0256477132007835), ('arousal_listener', -0.1829084715779322)]","[('l_word_len', 13.0), ('valence_listener', 0.0256477132007835), ('arousal_listener', -0.1829084715779322), ('sentiment', 'neutral')]","[('arousal_speaker', -0.1401641889330401), ('s_word_len', 18.0), ('dominance_speaker', -0.0186666666666666), ('valence_speaker', -0.0238152483726709)]"
