exchange,arousal_right,valence_right,arousal_left,valence_left
0,0.1797220331532418,-0.05789970952918004,0.2159884925145853,0.05616463811707764
1,0.09926520116649407,-0.13507606191917046,0.18203803597687154,-0.0014274265567611234
