exchange,arousal_right,valence_right,arousal_left,valence_left
0,-0.11601429808839142,-0.07556631810101863,0.43589549276919076,0.3234185892854219
1,-0.1292160115286151,-0.00710704737395692,0.3331279458387407,0.17707542324562142
2,-0.0909173077830237,-0.04912327794731015,0.1932576855924079,0.11752499067439945
