exchange,arousal_right,valence_right,arousal_left,valence_left
0,-0.00039694595271993555,-0.23118344048904146,0.11104833734401325,-0.016798228294687148
1,0.03389411410172366,-0.030619846179348542,-0.001907310375541001,0.22549255398977705
