exchange,arousal_right,valence_right,arousal_left,valence_left
0,0.01405137692177127,-0.1794667741404879,-0.20255631994227732,0.08069349420139416
1,0.13642319531404054,0.10390893428063898,0.03025045685110574,0.11183637715042412
