exchange,arousal_right,valence_right,arousal_left,valence_left
0,-0.04195166991787601,-0.14931772402611823,-0.21739684307514837,0.016819026840960306
1,-0.05626486054966996,-0.13516208806978353,-0.11146455109657037,0.08879025476320816
2,0.14265655608286387,0.07905996077181765,0.17107488842824198,0.24197625007144388
