exchange,arousal_right,valence_right,arousal_left,valence_left
0,-0.003607745377839576,-0.08779824880391922,0.3798042167609709,0.16364966914966664
1,0.00020825254117347859,-0.0730227769437379,0.32135330967568376,0.24216404984370815
2,-0.04556628496576264,-0.026074765095225706,0.26372032977046894,0.1487063182421415
