exchange,arousal_right,valence_right,arousal_left,valence_left
0,0.05862570453828928,-0.10688062372799802,0.1667613474312004,0.12010129232175577
1,0.11853490563456534,0.012322875828308788,0.19345617135130874,0.07704848757333937
2,0.06868190862019116,-0.18800929591963417,0.24123645439245872,0.2666285290866519
3,0.09030896870367723,-0.10316470139108094,0.12317771443773681,-0.048831699127468424
