exchange,arousal_right,valence_right,arousal_left,valence_left
0,-0.01254588425183962,-0.2932995406257988,0.0630215054965912,-0.05329301328256616
1,-0.0352870592126269,0.11128241833966729,-0.028253923044496466,-0.037317533887298825
