exchange,arousal_right,valence_right,arousal_left,valence_left
0,-0.11567211497249161,0.028304535817327302,-0.07694415897839235,0.20162099110234952
1,-0.11570544281951607,0.003855382895982482,-0.19236426671712614,0.06770232971378931
2,-0.041476681752779486,-0.04014470710655477,0.24500069403715408,0.15257418555602545
