exchange,arousal_right,valence_right,arousal_left,valence_left
0,0.012888907163773942,-0.25169633325117496,-0.12935306711832656,0.02417716903127044
1,0.012613266358514749,-0.15441166059273928,-0.14553619886852112,0.07079208892985367
