exchange,arousal_right,valence_right,arousal_left,valence_left
0,-0.020277149884129184,-0.046500141727606296,0.0054072250059588305,-0.22817965516979521
1,0.20133033774096837,-0.02379078731270546,-0.000919778816186878,-0.358971608934539
2,0.13711214215859793,-0.10362285551885678,0.011800982558723012,-0.4658028430203939
