exchange,arousal_right,valence_right,arousal_left,valence_left
0,0.0028554247634904615,-0.2917195371343227,-0.0566029419968184,-0.1876108432400387
1,0.10773686465613252,-0.3038572524434563,-0.10170419825571907,-0.33039102435687184
2,0.18216837634213667,-0.11502570237697665,0.08188443666362329,-0.01012376519085583
