exchange,arousal_right,valence_right,arousal_left,valence_left
0,-0.09406811948397459,-0.2694963344376109,0.015511578201319697,0.23189678031623265
1,-0.09001259364319322,-0.1499957208236702,-0.01808253257184032,0.1820049884736691
