exchange,arousal_right,valence_right,arousal_left,valence_left
0,0.09163599253442659,-0.06394350139502254,0.023721229585559743,-0.1537787756108992
1,-0.06237198908087982,-0.10535018528467,0.1238733912890914,0.032370553620355916
