exchange,arousal_right,valence_right,arousal_left,valence_left
0,0.032968027924570785,-0.0021733099284767183,-0.10827498036620599,-0.02360516750189494
1,0.12249408303804446,0.14306978720847413,-0.041844583853534595,-0.009579004995586067
