exchange,arousal_right,valence_right,arousal_left,valence_left
0,0.040421323494992646,-0.1573176921653459,0.13135413847600746,0.08332555558745193
1,0.011290065458403015,-0.1660662851557583,0.11474762678178836,0.12155057504139438
2,0.04370319544870856,-0.07320971328450775,0.08463366147284077,0.16140934189047765
