exchange,arousal_right,valence_right,arousal_left,valence_left
0,0.052397719521055,0.053804402711182,0.189406127548653,0.165448080983815
1,0.01364185213301,-0.083789712949656,0.212562750095827,0.018772779434823
