exchange,arousal_right,valence_right,arousal_left,valence_left
0,-0.020428992170787558,0.11271502469614512,-0.08783551037837363,-0.001843918661978507
1,-0.048109764147862256,-0.06361702150219462,-0.13513986720696103,0.02836600949706991
