exchange,arousal_right,valence_right,arousal_left,valence_left
0,0.17237724547632502,0.12319413492751607,0.13724618834292204,-0.08403464374953923
1,0.1423058734816638,0.08045593100312982,-0.0012768205604653676,-0.2829405198493224
2,0.09288376703745473,-0.015672296073644634,-0.1550514671461249,-0.527184810248681
