exchange,arousal_right,valence_right,arousal_left,valence_left
0,-0.1353561709730828,-0.059819468072606796,0.08701017979933377,0.15298787124122126
1,-0.06387442662703585,-0.10671589490184254,-0.053511422499688766,0.08862506251148147
2,-0.23552051279448802,-0.06665048672417057,-0.05946746013495578,-0.01936404834827209
