exchange,arousal_right,valence_right,arousal_left,valence_left
0,-0.023398327840748672,-0.00858918611708368,-0.25685494039944246,0.05400827090224958
1,-0.01537679305163392,0.04846441011433437,-0.0780607484587076,-0.022710985559388493
2,-0.030030866068786525,0.10901361072056934,-0.11944849220839028,-0.06647290722589924
