exchange,arousal_right,valence_right,arousal_left,valence_left
0,0.020485362849110598,-0.1783588478322503,0.3432340847361607,-0.20481853618784338
1,-0.06824323165974852,-0.1870195456146534,0.47424074688486806,0.10268283770776487
2,0.10264895991072294,-0.1557967678424825,0.4831872010463646,-0.10383792374280322
