exchange,arousal_right,valence_right,arousal_left,valence_left
0,-0.044153407438069274,-0.13981952400373063,0.668180429385837,0.24890304257618082
1,-0.11648052143584728,-0.16977816793639813,0.22479733087007908,0.11894121076706217
