exchange,arousal_right,valence_right,arousal_left,valence_left
0,-0.14804418181718226,-0.2549465550835307,0.05608186121035283,0.07805999910220182
1,-0.026392091789527325,-0.13199722606598518,-0.010658929443457938,0.1951437895750347
