exchange,arousal_right,valence_right,arousal_left,valence_left
0,0.20173518104055058,0.05413713975834198,0.13357397028832782,-0.12110526524058404
1,0.08468521973735704,0.019955387535622007,0.13828575264903434,-0.1299824266924346
2,0.27754318959744456,0.2024819069566595,0.00020621245473180332,-0.16507711038153172
