exchange,arousal_right,valence_right,arousal_left,valence_left
0,-0.05448063401483789,-0.34918548141356903,0.2359130299759893,0.20288582446293046
1,-0.018347038416285374,-0.16007266459688244,0.2686183808715832,0.22552381714424788
