exchange,arousal_right,valence_right,arousal_left,valence_left
0,0.13932041084781244,-0.08821728731507088,0.25357809011227367,-0.07132876862058206
1,0.14658623930188056,-0.0815871761897903,0.2704242301907992,-0.02723286181091799
2,0.04878412336427782,-0.10926316313515663,0.2774223017164776,-0.047865566923512036
