exchange,arousal_right,valence_right,arousal_left,valence_left
0,0.040150262349828,-0.252897259702214,-0.169457560297706,-0.366518507225023
1,0.027733566109206,-0.307299809516824,0.011359380979241,-0.528153915710491
