exchange,arousal_right,valence_right,arousal_left,valence_left
0,-0.0540409136519047,-0.2601087956698318,0.18887071137592265,-0.15687122341625
1,-0.0776185952893917,-0.1670850236454618,0.2053789945988764,-0.08766677885504542
2,0.012033364432431404,-0.14533750080435523,0.12454905561023913,-0.291497127068815
3,-0.03377261488650763,-0.12747016764347963,0.10664727922928356,-0.27684319620389397
