exchange,arousal_right,valence_right,arousal_left,valence_left
0,0.11652778912553131,-0.04855063918987363,0.4250582579777151,0.5240267502462406
1,0.06711809332129919,-0.23214369407549,0.05538755531473256,0.30405690787526873
2,-0.06823467988040274,-0.04146046234849824,0.05410414891448633,0.2137167745458298
3,0.11824899659548972,-0.07936955949462325,0.019831857114340323,0.0
