exchange,arousal_right,valence_right,arousal_left,valence_left
0,-0.0680377233308191,-0.21027433162263573,-0.12615768093418545,0.26960536387357986
1,0.10098870306173784,0.022703752730233017,-0.12722140053356315,0.2724475302908452
2,0.027686543361375337,0.03406093929245432,0.034676095437800036,0.2735511888678497
