exchange,arousal_right,valence_right,arousal_left,valence_left
0,0.043522596310444084,-0.10357461681191339,-0.08786786657800773,-0.009251210200389604
1,0.03282849713794067,-0.008287007888522215,0.16399137652376414,0.11792470526298104
