exchange,arousal_right,valence_right,arousal_left,valence_left
0,0.04062472765502045,-0.37116204339895814,0.14476247063411002,0.028461972105641768
1,0.20766955922525565,-0.1070808947521786,-0.02836448970422472,0.08557734716310961
2,0.2676022626203393,-0.05436199207053351,-0.36975109538167983,-0.6616779058986901
