exchange,arousal_right,valence_right,arousal_left,valence_left
0,0.08844496494212518,-0.14925448563828259,0.1439591520425314,0.1171398116489764
1,0.19024242468715663,-0.10693661920167147,-0.05972262722926783,0.03198610389345601
2,0.06849395383476932,-0.2296831092702506,0.045879148788020095,0.10096817963113289
3,0.22196555619456246,-0.30862686080586355,0.6373100586146372,0.3660272393328133
