exchange,arousal_right,valence_right,arousal_left,valence_left
0,0.056324122324130914,-0.35091692173885497,0.2720803899674018,-0.23941122797377798
1,0.37743346155200796,0.1276381950509499,0.15476602782265825,-0.2041514079750012
2,0.19107165414332203,-0.18955920714949778,0.17606802833907,-0.10586777080586954
