exchange,arousal_right,valence_right,arousal_left,valence_left
0,0.11415889805112747,-0.11522287454591958,-0.121985079074098,0.164048360289694
1,0.14700940983342742,0.04775542843682881,-0.06464039868675356,-0.011151910764774904
