exchange,arousal_right,valence_right,arousal_left,valence_left
0,0.113996702823016,-0.33418105628437567,-0.0642872878827736,0.0739774958263094
1,0.12014720282788138,-0.2361258773163695,-0.14598147863786062,0.10126332616910426
