exchange,arousal_right,valence_right,arousal_left,valence_left
0,0.1372504993783228,0.06667811297580303,-0.027136483385122142,-0.0529445266287432
1,0.07034096446415307,0.08846212638914189,0.027656899135612305,0.029040090769752495
2,0.08696719386429931,0.09587677827589788,-0.12854489113174994,0.09800223949150244
