exchange,arousal_right,valence_right,arousal_left,valence_left
0,0.10672931538488445,-0.16988470303652342,0.4368347136198629,-0.16574687821331827
1,0.1334709732053504,-0.09894742215148321,0.31677224629620643,-0.030356743418242647
2,0.0838702823817082,-0.08183786822748858,0.3644698460891766,-0.09216853738264968
