exchange,arousal_right,valence_right,arousal_left,valence_left
0,-0.1483017958244129,-0.020539690871607924,0.21555692686885725,-0.027144193778432826
1,-0.11967230445362605,0.12152905854951707,0.29064253783673377,-0.0020648640866053375
2,-0.20741838431798773,0.1009569218199883,0.1565509389627305,-0.18576618965141944
