exchange,arousal_right,valence_right,arousal_left,valence_left
0,0.0512908813306421,-0.17272557530999605,-0.0076680927810246985,0.024858397933814884
1,0.018016267014323763,-0.32851243825282045,0.018148068419883145,-0.09664287599782678
2,0.3567821908475477,0.1982182688238921,0.17420671272871605,0.2129964755581329
3,0.0846457065420483,-0.2121440841847434,0.3955087134777046,0.1613594174325448
