exchange,arousal_right,valence_right,arousal_left,valence_left
0,0.05722486682375631,-0.11541087550472859,-0.3052707770195294,0.10013116355038877
1,0.10331406528726364,0.020062875861031053,-0.08515772155326562,0.12229102669195259
2,0.09793895222740846,0.009105159304226689,-0.01888627814288996,0.06517752783545995
3,-0.0010898381788099977,-0.023623155304654867,0.03187457545964801,0.13563740629217988
