exchange,arousal_right,valence_right,arousal_left,valence_left
0,-0.06925540174020714,-0.02781216241233502,0.04764447066066395,-0.08009680342342515
1,-0.04402318760383222,0.011037759587216688,-0.0263740318471808,-0.3862041831877952
2,-0.07130033696527091,-0.19356459884708246,0.1349251222725226,-0.2301056062366996
