exchange,arousal_right,valence_right,arousal_left,valence_left
0,-0.029714510158730525,-0.13316074612384593,0.04128119670814489,0.21102672148647564
1,-0.0007146774524670069,-0.14200501062079224,-0.006780363020445061,0.10850000621669526
