exchange,arousal_right,valence_right,arousal_left,valence_left
0,0.042145664445463416,0.06331366988381791,0.22648414371661427,-0.03810248236585785
1,0.16980380735690537,0.09192900607653233,0.5072793788739537,0.16457914733355006
2,0.00561472777802025,0.22069051698860256,0.23676621540122525,0.3825439201523594
