exchange,arousal_right,valence_right,arousal_left,valence_left
0,-0.11747693490126725,-0.050533604717984903,0.16326764890805878,0.044665994219116836
1,-0.1254225822301375,-0.08248266986983108,-0.2832640117587561,0.09157464794443067
