exchange,arousal_right,valence_right,arousal_left,valence_left
0,-0.05371936104827282,0.06423986645839645,-0.07166273680008999,-0.41695681802160245
1,-0.2635057330622359,0.03127555199136459,-0.052618875075777116,-0.2210645156773148
