exchange,arousal_right,valence_right,arousal_left,valence_left
0,0.13542307261328257,-0.056169188933366095,0.23642394212955953,0.3382192631737001
1,0.28966785013303437,0.004072812441992552,0.09208249046330555,0.23713364524070546
2,0.3499120771202704,0.4651517772488239,0.23756483463822284,0.5815210549817689
