exchange,arousal_right,valence_right,arousal_left,valence_left
0,-0.01670567908169852,0.024852318492412772,0.10955308423580691,0.03571105691825543
1,-0.014962255872492768,0.01519028382764039,-0.05988208092405481,-0.3490002403919516
2,-0.014056992877656981,-0.007488478354175968,-0.09581577854882421,-0.054219840996714196
