exchange,arousal_right,valence_right,arousal_left,valence_left
0,0.08857980526762224,-0.17761994944949158,0.1184186140685285,0.0028417136298187766
1,0.3552617362249551,0.13300842360510243,0.12979192621373267,-0.03812810600087135
