exchange,arousal_right,valence_right,arousal_left,valence_left
0,0.028909416180628412,-0.25607390832115184,0.1660694021273618,0.15796354619466157
1,-0.06494062604107748,-0.33136713930755207,0.3467566305680667,0.3860617015385071
2,0.12219512154077718,0.04378650765802521,0.1968965662916086,0.21579193174593392
