exchange,arousal_right,valence_right,arousal_left,valence_left
0,0.17396227670269776,-0.20714196455357742,0.11455763637888365,-0.06391383036409698
1,0.12115045358229014,-0.10890069815650438,0.152106360540347,0.024756284533150614
