exchange,arousal_right,valence_right,arousal_left,valence_left
0,-0.07163564018658805,-0.07595788162483055,0.4192326291322393,0.10330498159412319
1,0.08790565444390543,-0.04670874727662522,0.2742513138795895,0.1677021294112646
