exchange,arousal_right,valence_right,arousal_left,valence_left
0,0.04790758381668024,-0.029121075919330715,-0.013940217628301306,-0.14637852270102286
1,0.054338503301979535,-0.026273101440650804,-0.09129650434299046,-0.2976068805634641
2,0.03733447412266254,-0.06291246537815662,0.07276313352281585,0.005164085252558889
3,-0.049913074279868054,-0.0026354116105867945,0.003458340579909347,-0.050699002135805755
