exchange,arousal_right,valence_right,arousal_left,valence_left
0,0.10082240103998556,-0.15798628446461155,-0.051764051792544084,0.02967355278160689
1,-0.027491330241262196,-0.3045482137869521,-0.03443792871879328,0.03103532809321934
2,0.1943664243713479,-0.05060184032639146,0.00377017966111755,0.1927488382875025
