exchange,arousal_right,valence_right,arousal_left,valence_left
0,0.03370169943931249,-0.21028396550979533,-0.035872331333870223,-0.023340573400980297
1,-0.03754341025314733,-0.22554844624864817,-0.05229217849263075,-0.016840604310963108
