exchange,arousal_right,valence_right,arousal_left,valence_left
0,0.12606493013981757,-0.19396219418747124,0.24008526899258006,0.30521084621295425
1,0.16379000118257683,-0.07249296592936581,0.19528411837144152,0.24613872275855783
2,-0.0330478724026567,-0.2976261991305457,0.08582003188192872,0.13680946558584176
