exchange,arousal_right,valence_right,arousal_left,valence_left
0,-0.10714570188182954,-0.279586756248968,0.19213686505211558,0.4432040997170501
1,-0.12680588146360816,-0.3093917303897299,0.31885848993532484,0.309924856618029
2,-0.07872687230463371,-0.18708165602524715,0.028020130889985288,0.08517754630943312
