exchange,arousal_right,valence_right,arousal_left,valence_left
0,0.053755715172163286,-0.02567633497968553,0.2649209394748498,-0.22351082881040202
1,0.16087925278276374,-0.07591196700046134,0.1093551168202584,-0.15879567859199795
