exchange,arousal_right,valence_right,arousal_left,valence_left
0,-0.004224994868190315,-0.15181512908004388,0.1827057253937399,-0.0835070839034852
1,-0.014691111898956208,-0.23869374371479124,0.2130086032014246,-0.1349723236168891
2,-0.06299966856793711,-0.16728521545754618,0.07722183533690051,-0.255700613025827
3,-0.11079770543946621,-0.09622376013389645,0.061053171811178544,-0.3081099476146797
4,0.010551485246821368,-0.12379021929459948,0.15518261401830014,-0.2120504037516159
