exchange,arousal_right,valence_right,arousal_left,valence_left
0,0.16866496628210956,-0.2574402087481034,0.17726953789999586,-0.03338456639068254
1,0.07678453991744143,-0.17756767727510422,-0.10048407238877696,-0.18752908554475053
2,0.09326881043069692,-0.203976802927702,0.05755301314506498,-0.24405548431911733
