exchange,arousal_right,valence_right,arousal_left,valence_left
0,-0.05154887769295525,-0.2148971139560396,0.21575536563244296,0.20253732482746498
1,0.12872895370668624,0.05157739920640365,-0.088649479420654,-0.306664641133745
