exchange,arousal_right,valence_right,arousal_left,valence_left
0,-0.03266374695491642,-0.20747007055705127,-0.12217372802317725,0.06921078324558551
1,0.15364981231511848,0.040532772981562055,-0.04396153701531104,0.012562182961766945
