exchange,arousal_right,valence_right,arousal_left,valence_left
0,0.09635431445223368,0.008341680064705415,0.2176583071660425,-0.14544790057066137
1,0.01984468666235664,-0.01068519663511236,0.19726065560029749,-0.08988426441878887
2,-0.08822892262363334,-0.022006643279568125,0.19402391688597295,-0.11746327133456266
