exchange,arousal_right,valence_right,arousal_left,valence_left
0,0.07694309926069393,-0.23321223316444906,0.15643451719326798,0.2802102509179471
1,0.0997207326264764,-0.2002931379561405,0.07484926239348454,0.32655667320764836
