exchange,arousal_right,valence_right,arousal_left,valence_left
0,-0.1355237209365631,-0.10267448445780195,0.20150134509622003,0.11860726097815005
1,0.018236992058053503,0.008673211194104347,0.09693265671437325,0.03723021393092406
2,-0.056936517958292646,-0.021938955164242276,0.14914088615229895,0.021480559367611046
