exchange,arousal_right,valence_right,arousal_left,valence_left
0,-0.006503987747228961,-0.020791506036373867,0.2782457983736617,-0.003092393905486568
1,-0.03329076033067466,-0.06378824205359233,0.27251357461338865,0.065352044869604
