exchange,arousal_right,valence_right,arousal_left,valence_left
0,0.13552373384173028,-0.1918475669079437,0.0755630485976471,-0.10719898167112969
1,0.154750515032032,-0.016172105173518952,0.00022151951851063012,-0.22378341843804847
2,0.189223468890831,-0.17823743135078574,-0.020787305706889147,-0.3731255469192728
3,0.047248730561050056,-0.21393934592625907,-0.06838095055234608,-0.15408227884981612
