exchange,arousal_right,valence_right,arousal_left,valence_left
0,0.01735803810032273,-0.0870316089656563,-0.11468519598560079,0.07902952447369112
1,0.028857374699896295,0.00026311253478757135,-0.10876147088309689,0.0332876883700435
