exchange,arousal_right,valence_right,arousal_left,valence_left
0,0.12443875435702766,-0.07030516714235661,0.1337628092496031,-0.2691714870076908
1,0.045303943676936256,-0.10295765340202269,0.10412210904099446,-0.14432068010802174
2,0.012573682752127347,-0.02570259151270555,-0.013174995704282754,-0.4648093894058793
