exchange,arousal_right,valence_right,arousal_left,valence_left
0,0.03501225724686006,0.05575121255387734,-0.1833285133012418,0.0803480309453334
1,-0.03151659603500608,0.14979625518263923,-0.10014484939506381,-0.10476107142091397
