exchange,arousal_right,valence_right,arousal_left,valence_left
0,0.09446144744175684,0.07931742710507848,0.06690869352675385,0.04646290368887662
1,0.05728576028466035,0.08179930810446957,0.05288026207700606,-0.10032205375450015
