exchange,arousal_right,valence_right,arousal_left,valence_left
0,0.11437714019623492,-0.23380390181485367,0.0725518438273167,-0.09276013672338453
1,0.15634529838208497,-0.18144902553848435,0.04197798605567259,-0.08149121562145459
2,0.1418121405957866,-0.28856635709274786,0.07795496722250785,-0.07273936092708404
