exchange,arousal_right,valence_right,arousal_left,valence_left
0,0.14343100436652803,-0.04099066973576757,0.15660547571955,-0.19746514698094156
1,0.16762396180894676,-0.10090855471523633,0.10849417798697261,-0.2682887548281713
2,0.19468829627187084,-0.12377556795259455,0.2356106826774896,-0.17977345009116716
