exchange,arousal_right,valence_right,arousal_left,valence_left
0,0.09636107631829506,-0.12950037477132434,0.2506363296233052,0.19620147057154017
1,0.1995303077871528,-0.22849766343086006,0.22469569494437475,0.0771974966009513
