exchange,arousal_right,valence_right,arousal_left,valence_left
0,-0.0787572250280337,-0.4739484487380599,0.1309404587314552,0.015065000412462403
1,-0.053562650664255376,-0.35956779904323233,0.2373897158110172,-0.028682781040196195
2,-0.07977170993588079,-0.3874836197613501,0.17694198039792128,0.019739807930565973
