exchange,arousal_right,valence_right,arousal_left,valence_left
0,-0.05095279201467347,-0.19202182192016862,0.17415599412142577,0.2103700285455754
1,0.09148333403827982,-0.2473675889575604,-0.0577610390998624,0.09147204692867844
