exchange,arousal_right,valence_right,arousal_left,valence_left
0,-0.029567381945109442,-0.2406056738379982,0.31928888539042743,0.14745020756487387
1,0.23377223432420333,-0.10134084835628904,0.0013722251537003573,0.006056811745614661
2,0.3310937723693687,0.14114753267065933,0.23235677319443676,0.05014553759063658
3,0.33354317136488715,-0.1802183475713501,0.12266536116789288,-0.03728483708609685
