exchange,arousal_right,valence_right,arousal_left,valence_left
0,0.0953531371920312,-0.18430708949240523,-0.07759802027793228,0.09287311918080444
1,0.04591519783253039,-0.14445432219787335,-0.005607227016075596,0.132535681047987
