exchange,arousal_right,valence_right,arousal_left,valence_left
0,0.01899229763841839,-0.0894734871189745,0.10384946405262149,0.24675355011632466
1,0.04871879243174441,-0.2308193579276641,0.1370875755185279,0.22363332448499065
2,-0.10674053000924373,-0.18653442548557406,0.037574631226167436,0.27003173736280695
