exchange,arousal_right,valence_right,arousal_left,valence_left
0,0.17665648342028104,-0.108578277976777,0.1825278966682642,0.3041698591929169
1,0.1521313580248518,-0.0799133275204568,0.22392774283359412,0.3181163156907347
2,0.30094234530410674,-0.06661817562887762,0.17050726094559565,0.1767408940419029
