exchange,arousal_right,valence_right,arousal_left,valence_left
0,0.04433097408379243,0.0062724799071754225,0.3178326798689196,0.018510918072788346
1,-0.07398081352924347,0.08364745955082875,0.2883279951683014,-0.08965511869962588
2,0.01624295383496726,0.2237564998987063,0.1324971340249988,0.0049699029536840675
