exchange,arousal_right,valence_right,arousal_left,valence_left
0,-0.03424299452906126,0.05702942360439398,-0.5415387816772635,0.19080671718198122
1,0.0604720921601161,0.11852739375935452,-0.16228803081246987,0.14243690542891765
