exchange,arousal_right,valence_right,arousal_left,valence_left
0,-0.29871177640120467,-0.02171530325266983,-0.4406966440466916,0.11490149505726999
1,-0.1876212542140857,0.05121712849510188,-0.43787340674457437,0.034448191978821936
