exchange,arousal_right,valence_right,arousal_left,valence_left
0,0.115532648866499,-0.31272527687597,0.239866912907468,-0.11606587175148
1,0.176242443145592,-0.239213165248428,0.199383939173383,-0.027977141374485
