exchange,arousal_right,valence_right,arousal_left,valence_left
0,-0.15080244854063957,-0.18461631398761705,-0.08204792991422517,0.15935891760168958
1,-0.003929170567185214,-0.13320646526557564,-0.06947477754157916,0.12725122100955996
2,0.02795175204785526,-0.05526394244974982,-0.07223363121876526,0.1886074051097225
3,0.04029152344392996,0.006330970357301754,-0.019988597275786713,0.14367044786083236
