exchange,arousal_right,valence_right,arousal_left,valence_left
0,-0.08464385761689447,-0.28536975477270676,0.3825058682691723,0.3188254796611723
1,-0.14165013741775273,-0.32132806341228476,0.5364765255949704,0.5404316248549706
2,-0.016017700259108866,-0.28389627692022334,0.41868250727259,0.504355138664549
