exchange,arousal_right,valence_right,arousal_left,valence_left
0,0.16341679363035522,-0.07142523233578316,0.06620807795818737,-0.010577337560053078
1,0.19057567003183012,-0.018266095879926766,0.04276861746000148,-0.12373742128257068
2,0.15363494831673946,0.08724505124270092,0.07338825620103495,-0.02201498804386326
