exchange,arousal_right,valence_right,arousal_left,valence_left
0,0.07397027004950647,-0.06777926377424175,0.4272147100368721,-0.15820485348501204
1,0.09468132661368768,-0.06853656355960851,0.3029701534657708,-0.15181558522389216
2,0.1808216701640263,-0.0037614983563746753,0.22785741054762434,0.01932342350704082
