exchange,arousal_right,valence_right,arousal_left,valence_left
0,-0.04116868943130755,-0.26871876468015693,0.025556494427902754,-0.23841005990019523
1,0.06151806073218253,-0.3030898282318256,0.015077196984230542,-0.3162813988136142
2,0.3710294366836675,-0.03458905581431077,-0.0034106358078543814,-0.09587846017837874
