exchange,arousal_right,valence_right,arousal_left,valence_left
0,-0.0850308148885732,0.08208871261182303,0.011527973713674164,-0.0391322217682655
1,-0.059855768707472196,0.11448957897536301,-0.05292346987834914,0.09105977806137945
