exchange,arousal_right,valence_right,arousal_left,valence_left
0,-0.04023038605273515,-0.13655999333280675,0.33545566367627483,-0.05630109160135522
1,-0.05114338475832826,-0.08277081809109893,0.3089307684001283,0.028014956897844143
