exchange,arousal_right,valence_right,arousal_left,valence_left
0,-0.06702272325063047,-0.2820593345770382,-0.13891272739916996,-0.07007528660303942
1,-0.034777586768596006,-0.18013897280382218,-0.5471195205450703,-0.21823491195563516
2,0.022964603639206892,-0.3585260127212694,-0.2840574011450791,-0.2149339351817894
