exchange,arousal_right,valence_right,arousal_left,valence_left
0,0.08148104849394493,0.02444424910459418,-0.04814391210149212,0.3868488619787549
1,0.01069242078559695,0.09234412303998751,0.06700095193894455,0.09106834967857118
2,-0.1546049686878201,-0.063620321755557,0.32201067743238004,0.24929372660284227
