exchange,arousal_right,valence_right,arousal_left,valence_left
0,0.025690574859552173,-0.37158363090394947,0.06965160107005974,-0.16296423922381018
1,0.0011754542645447074,-0.4348815651039693,0.18600321521677765,-0.2725093417607268
2,-0.009573462318475582,-0.3091380105834969,-0.05336526383566977,-0.0021336675542686996
