exchange,arousal_right,valence_right,arousal_left,valence_left
0,0.03935942553365679,-0.2590056691996086,0.3425578564924766,0.24505125461326227
1,0.3479717910684391,0.15437126590075945,0.34179783848703543,0.1918830158782965
2,-0.13401361160317551,-0.26952884642827274,0.23905287448565746,0.3801797404577584
