exchange,arousal_right,valence_right,arousal_left,valence_left
0,0.035855029635543,-0.3122511256525601,0.13449560837217334,-0.09000794860523896
1,0.06175582350273204,-0.44774696187546514,0.08056629321371597,-0.2144996118004123
2,0.21430069630308543,-0.5921329778351714,0.03070865018278127,-0.1753252510473051
3,0.30969877728128664,-0.08891601893823597,0.006065938509394639,-0.1768962514916632
