exchange,arousal_right,valence_right,arousal_left,valence_left
0,-0.03108923443270542,-0.03899392532492471,0.04537940171339737,-0.08394859906399683
1,-0.014283524584327913,0.021862259122743307,0.24841470441774943,0.14276238362828475
