exchange,arousal_right,valence_right,arousal_left,valence_left
0,-0.014386399704255926,-0.0916606406750698,-0.18524393146341891,-0.2405885956788701
1,0.04043422691740046,-0.13025766777947312,0.00026872679776474093,-0.042553381735659424
2,0.20981661722039177,0.07678898643328431,-0.06530590658536399,-0.2742713913619877
