exchange,arousal_right,valence_right,arousal_left,valence_left
0,-0.007547972740964608,-0.5046153640123737,0.415916163369671,-0.33287896429848124
1,0.021941752314699456,-0.42978072450383553,0.35964344612337623,-0.20258035782892955
2,0.32458855748787613,0.12703703635655825,0.3297497372652481,-0.2977241684763271
3,0.30144504271724415,-0.30354272135919574,0.36480303693077915,-0.28923016350663333
