exchange,arousal_right,valence_right,arousal_left,valence_left
0,0.12587769720019196,-0.022612551582769758,0.07221783241250392,-0.035555132097179115
1,0.11138528356583925,0.13007969414064058,0.0,0.0
