exchange,arousal_right,valence_right,arousal_left,valence_left
0,-0.012767809247711951,-0.30760850627713027,0.13076029447488896,0.0
1,-0.015757693031068887,-0.3658961589869489,-0.031922506655919475,-0.13199062948226498
