exchange,arousal_right,valence_right,arousal_left,valence_left
0,-0.012248057249041924,-0.32964732899126825,0.45130604092445864,-0.22954023482618313
1,0.000296064209554111,-0.2695722664963764,0.32518178224837,-0.29806101704266974
